{
  "dataset_revision": "5377aa18f309ec440ff6325a4c2cd3362c2cb8d7",
  "task_name": "ChemRxivRetrieval",
  "mteb_version": "2.7.1",
  "scores": {
    "test": [
      {
        "ndcg_at_1": 0.4634,
        "ndcg_at_3": 0.55574,
        "ndcg_at_5": 0.57872,
        "ndcg_at_10": 0.60291,
        "ndcg_at_20": 0.615,
        "ndcg_at_100": 0.63027,
        "ndcg_at_1000": 0.63883,
        "map_at_1": 0.4634,
        "map_at_3": 0.53317,
        "map_at_5": 0.54597,
        "map_at_10": 0.55603,
        "map_at_20": 0.55935,
        "map_at_100": 0.5614,
        "map_at_1000": 0.56169,
        "recall_at_1": 0.4634,
        "recall_at_3": 0.621,
        "recall_at_5": 0.6766,
        "recall_at_10": 0.751,
        "recall_at_20": 0.7988,
        "recall_at_100": 0.882,
        "recall_at_1000": 0.9512,
        "accuracy": 0.4634,
        "precision_at_1": 0.4634,
        "precision_at_3": 0.207,
        "precision_at_5": 0.13532,
        "precision_at_10": 0.0751,
        "precision_at_20": 0.03994,
        "precision_at_100": 0.00882,
        "precision_at_1000": 0.00095,
        "mrr_at_1": 0.4638,
        "mrr_at_3": 0.5334,
        "mrr_at_5": 0.54616,
        "mrr_at_10": 0.556277,
        "mrr_at_20": 0.559573,
        "mrr_at_100": 0.561622,
        "mrr_at_1000": 0.561913,
        "nauc_ndcg_at_1_max": 0.420825,
        "nauc_ndcg_at_1_std": -0.042585,
        "nauc_ndcg_at_1_diff1": 0.628868,
        "nauc_ndcg_at_3_max": 0.434968,
        "nauc_ndcg_at_3_std": -0.021363,
        "nauc_ndcg_at_3_diff1": 0.571345,
        "nauc_ndcg_at_5_max": 0.443372,
        "nauc_ndcg_at_5_std": -0.006443,
        "nauc_ndcg_at_5_diff1": 0.5653,
        "nauc_ndcg_at_10_max": 0.448233,
        "nauc_ndcg_at_10_std": 0.001169,
        "nauc_ndcg_at_10_diff1": 0.563555,
        "nauc_ndcg_at_20_max": 0.448243,
        "nauc_ndcg_at_20_std": 0.006772,
        "nauc_ndcg_at_20_diff1": 0.56316,
        "nauc_ndcg_at_100_max": 0.450982,
        "nauc_ndcg_at_100_std": 0.012597,
        "nauc_ndcg_at_100_diff1": 0.56671,
        "nauc_ndcg_at_1000_max": 0.448268,
        "nauc_ndcg_at_1000_std": 0.007591,
        "nauc_ndcg_at_1000_diff1": 0.570234,
        "nauc_map_at_1_max": 0.420825,
        "nauc_map_at_1_std": -0.042585,
        "nauc_map_at_1_diff1": 0.628868,
        "nauc_map_at_3_max": 0.430933,
        "nauc_map_at_3_std": -0.02791,
        "nauc_map_at_3_diff1": 0.585963,
        "nauc_map_at_5_max": 0.435433,
        "nauc_map_at_5_std": -0.019932,
        "nauc_map_at_5_diff1": 0.583077,
        "nauc_map_at_10_max": 0.436918,
        "nauc_map_at_10_std": -0.017452,
        "nauc_map_at_10_diff1": 0.582643,
        "nauc_map_at_20_max": 0.436808,
        "nauc_map_at_20_std": -0.016129,
        "nauc_map_at_20_diff1": 0.582598,
        "nauc_map_at_100_max": 0.43716,
        "nauc_map_at_100_std": -0.0156,
        "nauc_map_at_100_diff1": 0.583108,
        "nauc_map_at_1000_max": 0.437079,
        "nauc_map_at_1000_std": -0.015742,
        "nauc_map_at_1000_diff1": 0.583201,
        "nauc_recall_at_1_max": 0.420825,
        "nauc_recall_at_1_std": -0.042585,
        "nauc_recall_at_1_diff1": 0.628868,
        "nauc_recall_at_3_max": 0.447943,
        "nauc_recall_at_3_std": -0.000112,
        "nauc_recall_at_3_diff1": 0.52508,
        "nauc_recall_at_5_max": 0.47227,
        "nauc_recall_at_5_std": 0.042997,
        "nauc_recall_at_5_diff1": 0.502919,
        "nauc_recall_at_10_max": 0.500346,
        "nauc_recall_at_10_std": 0.086626,
        "nauc_recall_at_10_diff1": 0.482757,
        "nauc_recall_at_20_max": 0.510314,
        "nauc_recall_at_20_std": 0.135437,
        "nauc_recall_at_20_diff1": 0.466673,
        "nauc_recall_at_100_max": 0.581188,
        "nauc_recall_at_100_std": 0.292325,
        "nauc_recall_at_100_diff1": 0.453389,
        "nauc_recall_at_1000_max": 0.635556,
        "nauc_recall_at_1000_std": 0.443105,
        "nauc_recall_at_1000_diff1": 0.462101,
        "nauc_precision_at_1_max": 0.420825,
        "nauc_precision_at_1_std": -0.042585,
        "nauc_precision_at_1_diff1": 0.628868,
        "nauc_precision_at_3_max": 0.447943,
        "nauc_precision_at_3_std": -0.000112,
        "nauc_precision_at_3_diff1": 0.52508,
        "nauc_precision_at_5_max": 0.47227,
        "nauc_precision_at_5_std": 0.042997,
        "nauc_precision_at_5_diff1": 0.502919,
        "nauc_precision_at_10_max": 0.500346,
        "nauc_precision_at_10_std": 0.086626,
        "nauc_precision_at_10_diff1": 0.482757,
        "nauc_precision_at_20_max": 0.510314,
        "nauc_precision_at_20_std": 0.135437,
        "nauc_precision_at_20_diff1": 0.466673,
        "nauc_precision_at_100_max": 0.581188,
        "nauc_precision_at_100_std": 0.292325,
        "nauc_precision_at_100_diff1": 0.453389,
        "nauc_precision_at_1000_max": 0.635556,
        "nauc_precision_at_1000_std": 0.443105,
        "nauc_precision_at_1000_diff1": 0.462101,
        "nauc_mrr_at_1_max": 0.420501,
        "nauc_mrr_at_1_std": -0.042349,
        "nauc_mrr_at_1_diff1": 0.627827,
        "nauc_mrr_at_3_max": 0.430545,
        "nauc_mrr_at_3_std": -0.028028,
        "nauc_mrr_at_3_diff1": 0.585581,
        "nauc_mrr_at_5_max": 0.435061,
        "nauc_mrr_at_5_std": -0.020104,
        "nauc_mrr_at_5_diff1": 0.582694,
        "nauc_mrr_at_10_max": 0.436619,
        "nauc_mrr_at_10_std": -0.017494,
        "nauc_mrr_at_10_diff1": 0.582167,
        "nauc_mrr_at_20_max": 0.436541,
        "nauc_mrr_at_20_std": -0.016119,
        "nauc_mrr_at_20_diff1": 0.582139,
        "nauc_mrr_at_100_max": 0.436892,
        "nauc_mrr_at_100_std": -0.015589,
        "nauc_mrr_at_100_diff1": 0.582646,
        "nauc_mrr_at_1000_max": 0.43681,
        "nauc_mrr_at_1000_std": -0.015731,
        "nauc_mrr_at_1000_diff1": 0.582738,
        "cv_recall_at_1": 0.4638,
        "cv_recall_at_3": 0.621,
        "cv_recall_at_5": 0.6764,
        "cv_recall_at_10": 0.7512,
        "cv_recall_at_20": 0.7988,
        "cv_recall_at_100": 0.882,
        "cv_recall_at_1000": 0.9512,
        "main_score": 0.60291,
        "hf_subset": "default",
        "languages": [
          "eng-Latn"
        ]
      }
    ]
  },
  "evaluation_time": 89.92309784889221,
  "kg_co2_emissions": null
}