{
  "dataset_revision": "f33a205966ce032f957c3a22f4f9e378f89a2c56",
  "task_name": "PubChemAISentenceParaphrasePC",
  "mteb_version": "2.7.8",
  "scores": {
    "test": [
      {
        "similarity_accuracy": 0.984375,
        "similarity_f1": 0.918782,
        "similarity_precision": 0.957672,
        "similarity_recall": 0.882927,
        "similarity_ap": 0.949043,
        "cosine_accuracy": 0.984375,
        "cosine_f1": 0.918782,
        "cosine_precision": 0.957672,
        "cosine_recall": 0.882927,
        "cosine_ap": 0.949052,
        "manhattan_accuracy": 0.984375,
        "manhattan_f1": 0.918782,
        "manhattan_precision": 0.957672,
        "manhattan_recall": 0.882927,
        "manhattan_ap": 0.948792,
        "euclidean_accuracy": 0.984375,
        "euclidean_f1": 0.918782,
        "euclidean_precision": 0.957672,
        "euclidean_recall": 0.882927,
        "euclidean_ap": 0.949052,
        "dot_accuracy": 0.984375,
        "dot_f1": 0.918782,
        "dot_precision": 0.957672,
        "dot_recall": 0.882927,
        "dot_ap": 0.949046,
        "max_accuracy": 0.984375,
        "max_f1": 0.918782,
        "max_precision": 0.957672,
        "max_recall": 0.882927,
        "max_ap": 0.949052,
        "main_score": 0.949052,
        "hf_subset": "default",
        "languages": [
          "eng-Latn"
        ]
      }
    ]
  },
  "evaluation_time": 4.174539566040039,
  "kg_co2_emissions": null
}