{
  "dataset_revision": "5037d69d177c9628fb79cb57eea1299178b28c1b",
  "task_name": "PubChemSynonymPC",
  "mteb_version": "2.7.8",
  "scores": {
    "test": [
      {
        "similarity_accuracy": 0.946289,
        "similarity_f1": 0.662577,
        "similarity_precision": 0.885246,
        "similarity_recall": 0.529412,
        "similarity_ap": 0.631999,
        "cosine_accuracy": 0.946289,
        "cosine_f1": 0.662577,
        "cosine_precision": 0.885246,
        "cosine_recall": 0.529412,
        "cosine_ap": 0.631999,
        "manhattan_accuracy": 0.945801,
        "manhattan_f1": 0.658537,
        "manhattan_precision": 0.870968,
        "manhattan_recall": 0.529412,
        "manhattan_ap": 0.630489,
        "euclidean_accuracy": 0.946289,
        "euclidean_f1": 0.662577,
        "euclidean_precision": 0.885246,
        "euclidean_recall": 0.529412,
        "euclidean_ap": 0.631999,
        "dot_accuracy": 0.946289,
        "dot_f1": 0.662577,
        "dot_precision": 0.885246,
        "dot_recall": 0.529412,
        "dot_ap": 0.631999,
        "max_accuracy": 0.946289,
        "max_f1": 0.662577,
        "max_precision": 0.885246,
        "max_recall": 0.529412,
        "max_ap": 0.631999,
        "main_score": 0.631999,
        "hf_subset": "default",
        "languages": [
          "eng-Latn"
        ]
      }
    ]
  },
  "evaluation_time": 3.081320285797119,
  "kg_co2_emissions": null
}