{
  "dataset_revision": "5377aa18f309ec440ff6325a4c2cd3362c2cb8d7",
  "task_name": "ChemRxivRetrieval",
  "mteb_version": "2.7.12",
  "scores": {
    "test": [
      {
        "ndcg_at_1": 0.8204,
        "ndcg_at_3": 0.89015,
        "ndcg_at_5": 0.89895,
        "ndcg_at_10": 0.90612,
        "ndcg_at_20": 0.90839,
        "ndcg_at_100": 0.90978,
        "ndcg_at_1000": 0.9101,
        "map_at_1": 0.8204,
        "map_at_3": 0.8736,
        "map_at_5": 0.87847,
        "map_at_10": 0.8815,
        "map_at_20": 0.88213,
        "map_at_100": 0.88233,
        "map_at_1000": 0.88234,
        "recall_at_1": 0.8204,
        "recall_at_3": 0.9378,
        "recall_at_5": 0.9592,
        "recall_at_10": 0.981,
        "recall_at_20": 0.99,
        "recall_at_100": 0.9974,
        "recall_at_1000": 1.0,
        "accuracy": 0.8204,
        "precision_at_1": 0.8204,
        "precision_at_3": 0.3126,
        "precision_at_5": 0.19184,
        "precision_at_10": 0.0981,
        "precision_at_20": 0.0495,
        "precision_at_100": 0.00997,
        "precision_at_1000": 0.001,
        "mrr_at_1": 0.8208,
        "mrr_at_3": 0.873667,
        "mrr_at_5": 0.878637,
        "mrr_at_10": 0.881697,
        "mrr_at_20": 0.882303,
        "mrr_at_100": 0.882502,
        "mrr_at_1000": 0.882512,
        "nauc_ndcg_at_1_max": 0.482274,
        "nauc_ndcg_at_1_std": -0.274266,
        "nauc_ndcg_at_1_diff1": 0.832495,
        "nauc_ndcg_at_3_max": 0.545278,
        "nauc_ndcg_at_3_std": -0.282433,
        "nauc_ndcg_at_3_diff1": 0.817628,
        "nauc_ndcg_at_5_max": 0.541237,
        "nauc_ndcg_at_5_std": -0.280737,
        "nauc_ndcg_at_5_diff1": 0.81753,
        "nauc_ndcg_at_10_max": 0.527827,
        "nauc_ndcg_at_10_std": -0.288332,
        "nauc_ndcg_at_10_diff1": 0.819385,
        "nauc_ndcg_at_20_max": 0.525604,
        "nauc_ndcg_at_20_std": -0.284967,
        "nauc_ndcg_at_20_diff1": 0.819881,
        "nauc_ndcg_at_100_max": 0.52249,
        "nauc_ndcg_at_100_std": -0.28257,
        "nauc_ndcg_at_100_diff1": 0.820639,
        "nauc_ndcg_at_1000_max": 0.521199,
        "nauc_ndcg_at_1000_std": -0.283433,
        "nauc_ndcg_at_1000_diff1": 0.820756,
        "nauc_map_at_1_max": 0.482274,
        "nauc_map_at_1_std": -0.274266,
        "nauc_map_at_1_diff1": 0.832495,
        "nauc_map_at_3_max": 0.524235,
        "nauc_map_at_3_std": -0.281787,
        "nauc_map_at_3_diff1": 0.821142,
        "nauc_map_at_5_max": 0.521293,
        "nauc_map_at_5_std": -0.280893,
        "nauc_map_at_5_diff1": 0.821193,
        "nauc_map_at_10_max": 0.516347,
        "nauc_map_at_10_std": -0.283483,
        "nauc_map_at_10_diff1": 0.821809,
        "nauc_map_at_20_max": 0.515849,
        "nauc_map_at_20_std": -0.282695,
        "nauc_map_at_20_diff1": 0.821924,
        "nauc_map_at_100_max": 0.515517,
        "nauc_map_at_100_std": -0.282578,
        "nauc_map_at_100_diff1": 0.822012,
        "nauc_map_at_1000_max": 0.515488,
        "nauc_map_at_1000_std": -0.282593,
        "nauc_map_at_1000_diff1": 0.822012,
        "nauc_recall_at_1_max": 0.482274,
        "nauc_recall_at_1_std": -0.274266,
        "nauc_recall_at_1_diff1": 0.832495,
        "nauc_recall_at_3_max": 0.663472,
        "nauc_recall_at_3_std": -0.284368,
        "nauc_recall_at_3_diff1": 0.799071,
        "nauc_recall_at_5_max": 0.704294,
        "nauc_recall_at_5_std": -0.276533,
        "nauc_recall_at_5_diff1": 0.789362,
        "nauc_recall_at_10_max": 0.695479,
        "nauc_recall_at_10_std": -0.37968,
        "nauc_recall_at_10_diff1": 0.787002,
        "nauc_recall_at_20_max": 0.76563,
        "nauc_recall_at_20_std": -0.34888,
        "nauc_recall_at_20_diff1": 0.775359,
        "nauc_recall_at_100_max": 0.876463,
        "nauc_recall_at_100_std": -0.027401,
        "nauc_recall_at_100_diff1": 0.779861,
        "nauc_recall_at_1000_max": NaN,
        "nauc_recall_at_1000_std": NaN,
        "nauc_recall_at_1000_diff1": NaN,
        "nauc_precision_at_1_max": 0.482274,
        "nauc_precision_at_1_std": -0.274266,
        "nauc_precision_at_1_diff1": 0.832495,
        "nauc_precision_at_3_max": 0.663472,
        "nauc_precision_at_3_std": -0.284368,
        "nauc_precision_at_3_diff1": 0.799071,
        "nauc_precision_at_5_max": 0.704294,
        "nauc_precision_at_5_std": -0.276533,
        "nauc_precision_at_5_diff1": 0.789362,
        "nauc_precision_at_10_max": 0.695479,
        "nauc_precision_at_10_std": -0.37968,
        "nauc_precision_at_10_diff1": 0.787002,
        "nauc_precision_at_20_max": 0.76563,
        "nauc_precision_at_20_std": -0.34888,
        "nauc_precision_at_20_diff1": 0.775359,
        "nauc_precision_at_100_max": 0.876463,
        "nauc_precision_at_100_std": -0.027401,
        "nauc_precision_at_100_diff1": 0.779861,
        "nauc_precision_at_1000_max": 1.0,
        "nauc_precision_at_1000_std": 1.0,
        "nauc_precision_at_1000_diff1": 1.0,
        "nauc_mrr_at_1_max": 0.484603,
        "nauc_mrr_at_1_std": -0.272567,
        "nauc_mrr_at_1_diff1": 0.831841,
        "nauc_mrr_at_3_max": 0.525734,
        "nauc_mrr_at_3_std": -0.281248,
        "nauc_mrr_at_3_diff1": 0.820866,
        "nauc_mrr_at_5_max": 0.522996,
        "nauc_mrr_at_5_std": -0.279833,
        "nauc_mrr_at_5_diff1": 0.820752,
        "nauc_mrr_at_10_max": 0.518018,
        "nauc_mrr_at_10_std": -0.282225,
        "nauc_mrr_at_10_diff1": 0.821365,
        "nauc_mrr_at_20_max": 0.517561,
        "nauc_mrr_at_20_std": -0.281665,
        "nauc_mrr_at_20_diff1": 0.821462,
        "nauc_mrr_at_100_max": 0.517232,
        "nauc_mrr_at_100_std": -0.281546,
        "nauc_mrr_at_100_diff1": 0.821549,
        "nauc_mrr_at_1000_max": 0.517203,
        "nauc_mrr_at_1000_std": -0.281561,
        "nauc_mrr_at_1000_diff1": 0.821549,
        "cv_recall_at_1": 0.8208,
        "cv_recall_at_3": 0.9374,
        "cv_recall_at_5": 0.9592,
        "cv_recall_at_10": 0.9812,
        "cv_recall_at_20": 0.99,
        "cv_recall_at_100": 0.9974,
        "cv_recall_at_1000": 1.0,
        "main_score": 0.90612,
        "hf_subset": "default",
        "languages": [
          "eng-Latn"
        ]
      }
    ]
  },
  "evaluation_time": 765.089156627655,
  "kg_co2_emissions": null
}