{
  "dataset_revision": "3412b208896a37e4ebb5ff7b96f6cc313ee9d2e3",
  "task_name": "PubChemWikiPairClassification",
  "mteb_version": "2.7.12",
  "scores": {
    "test": [
      {
        "similarity_accuracy": 0.96332,
        "similarity_f1": 0.80678,
        "similarity_precision": 0.856115,
        "similarity_recall": 0.762821,
        "similarity_ap": 0.87693,
        "cosine_accuracy": 0.96332,
        "cosine_f1": 0.80678,
        "cosine_precision": 0.856115,
        "cosine_recall": 0.762821,
        "cosine_ap": 0.87693,
        "manhattan_accuracy": 0.962677,
        "manhattan_f1": 0.809211,
        "manhattan_precision": 0.831081,
        "manhattan_recall": 0.788462,
        "manhattan_ap": 0.871896,
        "euclidean_accuracy": 0.96332,
        "euclidean_f1": 0.80678,
        "euclidean_precision": 0.856115,
        "euclidean_recall": 0.762821,
        "euclidean_ap": 0.87693,
        "dot_accuracy": 0.96332,
        "dot_f1": 0.80678,
        "dot_precision": 0.856115,
        "dot_recall": 0.762821,
        "dot_ap": 0.87693,
        "max_accuracy": 0.96332,
        "max_f1": 0.809211,
        "max_precision": 0.856115,
        "max_recall": 0.788462,
        "max_ap": 0.87693,
        "main_score": 0.87693,
        "hf_subset": "de",
        "languages": [
          "deu-Latn",
          "eng-Latn"
        ]
      },
      {
        "similarity_accuracy": 0.964641,
        "similarity_f1": 0.797468,
        "similarity_precision": 0.940299,
        "similarity_recall": 0.692308,
        "similarity_ap": 0.858093,
        "cosine_accuracy": 0.964641,
        "cosine_f1": 0.797468,
        "cosine_precision": 0.940299,
        "cosine_recall": 0.692308,
        "cosine_ap": 0.858093,
        "manhattan_accuracy": 0.963536,
        "manhattan_f1": 0.792683,
        "manhattan_precision": 0.890411,
        "manhattan_recall": 0.714286,
        "manhattan_ap": 0.850296,
        "euclidean_accuracy": 0.964641,
        "euclidean_f1": 0.797468,
        "euclidean_precision": 0.940299,
        "euclidean_recall": 0.692308,
        "euclidean_ap": 0.858093,
        "dot_accuracy": 0.964641,
        "dot_f1": 0.797468,
        "dot_precision": 0.940299,
        "dot_recall": 0.692308,
        "dot_ap": 0.858093,
        "max_accuracy": 0.964641,
        "max_f1": 0.797468,
        "max_precision": 0.940299,
        "max_recall": 0.714286,
        "max_ap": 0.858093,
        "main_score": 0.858093,
        "hf_subset": "nl",
        "languages": [
          "nld-Latn",
          "eng-Latn"
        ]
      },
      {
        "similarity_accuracy": 0.938974,
        "similarity_f1": 0.645161,
        "similarity_precision": 0.671642,
        "similarity_recall": 0.62069,
        "similarity_ap": 0.687955,
        "cosine_accuracy": 0.938974,
        "cosine_f1": 0.645161,
        "cosine_precision": 0.671642,
        "cosine_recall": 0.62069,
        "cosine_ap": 0.687955,
        "manhattan_accuracy": 0.93828,
        "manhattan_f1": 0.627737,
        "manhattan_precision": 0.666667,
        "manhattan_recall": 0.593103,
        "manhattan_ap": 0.676935,
        "euclidean_accuracy": 0.938974,
        "euclidean_f1": 0.645161,
        "euclidean_precision": 0.671642,
        "euclidean_recall": 0.62069,
        "euclidean_ap": 0.687955,
        "dot_accuracy": 0.938974,
        "dot_f1": 0.645161,
        "dot_precision": 0.671642,
        "dot_recall": 0.62069,
        "dot_ap": 0.687955,
        "max_accuracy": 0.938974,
        "max_f1": 0.645161,
        "max_precision": 0.671642,
        "max_recall": 0.62069,
        "max_ap": 0.687955,
        "main_score": 0.687955,
        "hf_subset": "zh",
        "languages": [
          "zho-Hans",
          "eng-Latn"
        ]
      },
      {
        "similarity_accuracy": 0.972714,
        "similarity_f1": 0.853846,
        "similarity_precision": 0.895161,
        "similarity_recall": 0.816176,
        "similarity_ap": 0.920571,
        "cosine_accuracy": 0.972714,
        "cosine_f1": 0.853846,
        "cosine_precision": 0.895161,
        "cosine_recall": 0.816176,
        "cosine_ap": 0.920571,
        "manhattan_accuracy": 0.971976,
        "manhattan_f1": 0.850575,
        "manhattan_precision": 0.888,
        "manhattan_recall": 0.816176,
        "manhattan_ap": 0.91576,
        "euclidean_accuracy": 0.972714,
        "euclidean_f1": 0.853846,
        "euclidean_precision": 0.895161,
        "euclidean_recall": 0.816176,
        "euclidean_ap": 0.920571,
        "dot_accuracy": 0.972714,
        "dot_f1": 0.853846,
        "dot_precision": 0.895161,
        "dot_recall": 0.816176,
        "dot_ap": 0.920571,
        "max_accuracy": 0.972714,
        "max_f1": 0.853846,
        "max_precision": 0.895161,
        "max_recall": 0.816176,
        "max_ap": 0.920571,
        "main_score": 0.920571,
        "hf_subset": "fr",
        "languages": [
          "fra-Latn",
          "eng-Latn"
        ]
      },
      {
        "similarity_accuracy": 0.95857,
        "similarity_f1": 0.781116,
        "similarity_precision": 0.834862,
        "similarity_recall": 0.733871,
        "similarity_ap": 0.830498,
        "cosine_accuracy": 0.95857,
        "cosine_f1": 0.781116,
        "cosine_precision": 0.834862,
        "cosine_recall": 0.733871,
        "cosine_ap": 0.830498,
        "manhattan_accuracy": 0.955321,
        "manhattan_f1": 0.74477,
        "manhattan_precision": 0.773913,
        "manhattan_recall": 0.717742,
        "manhattan_ap": 0.827251,
        "euclidean_accuracy": 0.95857,
        "euclidean_f1": 0.781116,
        "euclidean_precision": 0.834862,
        "euclidean_recall": 0.733871,
        "euclidean_ap": 0.830498,
        "dot_accuracy": 0.95857,
        "dot_f1": 0.781116,
        "dot_precision": 0.834862,
        "dot_recall": 0.733871,
        "dot_ap": 0.830498,
        "max_accuracy": 0.95857,
        "max_f1": 0.781116,
        "max_precision": 0.834862,
        "max_recall": 0.733871,
        "max_ap": 0.830498,
        "main_score": 0.830498,
        "hf_subset": "es",
        "languages": [
          "spa-Latn",
          "eng-Latn"
        ]
      },
      {
        "similarity_accuracy": 0.94489,
        "similarity_f1": 0.696133,
        "similarity_precision": 0.777778,
        "similarity_recall": 0.63,
        "similarity_ap": 0.730671,
        "cosine_accuracy": 0.94489,
        "cosine_f1": 0.696133,
        "cosine_precision": 0.777778,
        "cosine_recall": 0.63,
        "cosine_ap": 0.730671,
        "manhattan_accuracy": 0.942886,
        "manhattan_f1": 0.702439,
        "manhattan_precision": 0.685714,
        "manhattan_recall": 0.72,
        "manhattan_ap": 0.724529,
        "euclidean_accuracy": 0.94489,
        "euclidean_f1": 0.696133,
        "euclidean_precision": 0.777778,
        "euclidean_recall": 0.63,
        "euclidean_ap": 0.730671,
        "dot_accuracy": 0.94489,
        "dot_f1": 0.696133,
        "dot_precision": 0.777778,
        "dot_recall": 0.63,
        "dot_ap": 0.730671,
        "max_accuracy": 0.94489,
        "max_f1": 0.702439,
        "max_precision": 0.777778,
        "max_recall": 0.72,
        "max_ap": 0.730671,
        "main_score": 0.730671,
        "hf_subset": "pt",
        "languages": [
          "por-Latn",
          "eng-Latn"
        ]
      },
      {
        "similarity_accuracy": 0.947917,
        "similarity_f1": 0.702703,
        "similarity_precision": 0.764706,
        "similarity_recall": 0.65,
        "similarity_ap": 0.692835,
        "cosine_accuracy": 0.947917,
        "cosine_f1": 0.702703,
        "cosine_precision": 0.764706,
        "cosine_recall": 0.65,
        "cosine_ap": 0.692835,
        "manhattan_accuracy": 0.947917,
        "manhattan_f1": 0.685714,
        "manhattan_precision": 0.8,
        "manhattan_recall": 0.6,
        "manhattan_ap": 0.682505,
        "euclidean_accuracy": 0.947917,
        "euclidean_f1": 0.702703,
        "euclidean_precision": 0.764706,