{
  "dataset_revision": "7fb14716e4106b72f51a16e682e5cd2d67e9bd70",
  "task_name": "PubChemWikiParagraphsPC",
  "mteb_version": "2.7.12",
  "scores": {
    "test": [
      {
        "similarity_accuracy": 0.899414,
        "similarity_f1": 0.266385,
        "similarity_precision": 0.235075,
        "similarity_recall": 0.307317,
        "similarity_ap": 0.163531,
        "cosine_accuracy": 0.899414,
        "cosine_f1": 0.266385,
        "cosine_precision": 0.235075,
        "cosine_recall": 0.307317,
        "cosine_ap": 0.163531,
        "manhattan_accuracy": 0.899414,
        "manhattan_f1": 0.260731,
        "manhattan_precision": 0.193396,
        "manhattan_recall": 0.4,
        "manhattan_ap": 0.161644,
        "euclidean_accuracy": 0.899414,
        "euclidean_f1": 0.266385,
        "euclidean_precision": 0.235075,
        "euclidean_recall": 0.307317,
        "euclidean_ap": 0.163531,
        "dot_accuracy": 0.899414,
        "dot_f1": 0.266385,
        "dot_precision": 0.235075,
        "dot_recall": 0.307317,
        "dot_ap": 0.163531,
        "max_accuracy": 0.899414,
        "max_f1": 0.266385,
        "max_precision": 0.235075,
        "max_recall": 0.4,
        "max_ap": 0.163531,
        "main_score": 0.163531,
        "hf_subset": "default",
        "languages": [
          "eng-Latn"
        ]
      }
    ]
  },
  "evaluation_time": 18.354564666748047,
  "kg_co2_emissions": null
}