{
  "dataset_revision": "5377aa18f309ec440ff6325a4c2cd3362c2cb8d7",
  "task_name": "ChemRxivRetrieval",
  "mteb_version": "2.7.8",
  "scores": {
    "test": [
      {
        "ndcg_at_1": 0.6888,
        "ndcg_at_3": 0.78821,
        "ndcg_at_5": 0.80743,
        "ndcg_at_10": 0.81944,
        "ndcg_at_20": 0.82542,
        "ndcg_at_100": 0.83023,
        "ndcg_at_1000": 0.83152,
        "map_at_1": 0.6888,
        "map_at_3": 0.7643,
        "map_at_5": 0.77503,
        "map_at_10": 0.78012,
        "map_at_20": 0.78179,
        "map_at_100": 0.7825,
        "map_at_1000": 0.78256,
        "recall_at_1": 0.6888,
        "recall_at_3": 0.8572,
        "recall_at_5": 0.9036,
        "recall_at_10": 0.94,
        "recall_at_20": 0.9634,
        "recall_at_100": 0.9888,
        "recall_at_1000": 0.9986,
        "accuracy": 0.6888,
        "precision_at_1": 0.6888,
        "precision_at_3": 0.28573,
        "precision_at_5": 0.18072,
        "precision_at_10": 0.094,
        "precision_at_20": 0.04817,
        "precision_at_100": 0.00989,
        "precision_at_1000": 0.001,
        "mrr_at_1": 0.689,
        "mrr_at_3": 0.764433,
        "mrr_at_5": 0.775123,
        "mrr_at_10": 0.780243,
        "mrr_at_20": 0.781919,
        "mrr_at_100": 0.782626,
        "mrr_at_1000": 0.782682,
        "nauc_ndcg_at_1_max": 0.355809,
        "nauc_ndcg_at_1_std": -0.186292,
        "nauc_ndcg_at_1_diff1": 0.74739,
        "nauc_ndcg_at_3_max": 0.406024,
        "nauc_ndcg_at_3_std": -0.176221,
        "nauc_ndcg_at_3_diff1": 0.710052,
        "nauc_ndcg_at_5_max": 0.413712,
        "nauc_ndcg_at_5_std": -0.165158,
        "nauc_ndcg_at_5_diff1": 0.707767,
        "nauc_ndcg_at_10_max": 0.416059,
        "nauc_ndcg_at_10_std": -0.165425,
        "nauc_ndcg_at_10_diff1": 0.714644,
        "nauc_ndcg_at_20_max": 0.411761,
        "nauc_ndcg_at_20_std": -0.160871,
        "nauc_ndcg_at_20_diff1": 0.716859,
        "nauc_ndcg_at_100_max": 0.404133,
        "nauc_ndcg_at_100_std": -0.164318,
        "nauc_ndcg_at_100_diff1": 0.719418,
        "nauc_ndcg_at_1000_max": 0.40111,
        "nauc_ndcg_at_1000_std": -0.167935,
        "nauc_ndcg_at_1000_diff1": 0.719445,
        "nauc_map_at_1_max": 0.355809,
        "nauc_map_at_1_std": -0.186292,
        "nauc_map_at_1_diff1": 0.74739,
        "nauc_map_at_3_max": 0.390353,
        "nauc_map_at_3_std": -0.179832,
        "nauc_map_at_3_diff1": 0.719362,
        "nauc_map_at_5_max": 0.393539,
        "nauc_map_at_5_std": -0.174758,
        "nauc_map_at_5_diff1": 0.718749,
        "nauc_map_at_10_max": 0.393945,
        "nauc_map_at_10_std": -0.175188,
        "nauc_map_at_10_diff1": 0.721481,
        "nauc_map_at_20_max": 0.392846,
        "nauc_map_at_20_std": -0.17412,
        "nauc_map_at_20_diff1": 0.722049,
        "nauc_map_at_100_max": 0.391934,
        "nauc_map_at_100_std": -0.174501,
        "nauc_map_at_100_diff1": 0.722442,
        "nauc_map_at_1000_max": 0.391831,
        "nauc_map_at_1000_std": -0.174613,
        "nauc_map_at_1000_diff1": 0.722438,
        "nauc_recall_at_1_max": 0.355809,
        "nauc_recall_at_1_std": -0.186292,
        "nauc_recall_at_1_diff1": 0.74739,
        "nauc_recall_at_3_max": 0.475038,
        "nauc_recall_at_3_std": -0.160031,
        "nauc_recall_at_3_diff1": 0.670494,
        "nauc_recall_at_5_max": 0.536024,
        "nauc_recall_at_5_std": -0.103973,
        "nauc_recall_at_5_diff1": 0.643339,
        "nauc_recall_at_10_max": 0.627611,
        "nauc_recall_at_10_std": -0.067602,
        "nauc_recall_at_10_diff1": 0.660073,
        "nauc_recall_at_20_max": 0.68892,
        "nauc_recall_at_20_std": 0.066173,
        "nauc_recall_at_20_diff1": 0.661799,
        "nauc_recall_at_100_max": 0.766156,
        "nauc_recall_at_100_std": 0.320528,
        "nauc_recall_at_100_diff1": 0.699371,
        "nauc_recall_at_1000_max": 0.837335,
        "nauc_recall_at_1000_std": 0.694278,
        "nauc_recall_at_1000_diff1": 0.618247,
        "nauc_precision_at_1_max": 0.355809,
        "nauc_precision_at_1_std": -0.186292,
        "nauc_precision_at_1_diff1": 0.74739,
        "nauc_precision_at_3_max": 0.475038,
        "nauc_precision_at_3_std": -0.160031,
        "nauc_precision_at_3_diff1": 0.670494,
        "nauc_precision_at_5_max": 0.536024,
        "nauc_precision_at_5_std": -0.103973,
        "nauc_precision_at_5_diff1": 0.643339,
        "nauc_precision_at_10_max": 0.627611,
        "nauc_precision_at_10_std": -0.067602,
        "nauc_precision_at_10_diff1": 0.660073,
        "nauc_precision_at_20_max": 0.68892,
        "nauc_precision_at_20_std": 0.066173,
        "nauc_precision_at_20_diff1": 0.661799,
        "nauc_precision_at_100_max": 0.766156,
        "nauc_precision_at_100_std": 0.320528,
        "nauc_precision_at_100_diff1": 0.699371,
        "nauc_precision_at_1000_max": 0.837335,
        "nauc_precision_at_1000_std": 0.694278,
        "nauc_precision_at_1000_diff1": 0.618247,
        "nauc_mrr_at_1_max": 0.357269,
        "nauc_mrr_at_1_std": -0.185945,
        "nauc_mrr_at_1_diff1": 0.746948,
        "nauc_mrr_at_3_max": 0.391229,
        "nauc_mrr_at_3_std": -0.179692,
        "nauc_mrr_at_3_diff1": 0.719015,
        "nauc_mrr_at_5_max": 0.394553,
        "nauc_mrr_at_5_std": -0.174806,
        "nauc_mrr_at_5_diff1": 0.71844,
        "nauc_mrr_at_10_max": 0.394904,
        "nauc_mrr_at_10_std": -0.175069,
        "nauc_mrr_at_10_diff1": 0.721117,
        "nauc_mrr_at_20_max": 0.393814,
        "nauc_mrr_at_20_std": -0.173999,
        "nauc_mrr_at_20_diff1": 0.721683,
        "nauc_mrr_at_100_max": 0.392905,
        "nauc_mrr_at_100_std": -0.17438,
        "nauc_mrr_at_100_diff1": 0.722074,
        "nauc_mrr_at_1000_max": 0.392802,
        "nauc_mrr_at_1000_std": -0.174492,
        "nauc_mrr_at_1000_diff1": 0.722071,
        "cv_recall_at_1": 0.689,
        "cv_recall_at_3": 0.8572,
        "cv_recall_at_5": 0.9034,
        "cv_recall_at_10": 0.94,
        "cv_recall_at_20": 0.9634,
        "cv_recall_at_100": 0.9888,
        "cv_recall_at_1000": 0.9986,
        "main_score": 0.81944,
        "hf_subset": "default",
        "languages": [
          "eng-Latn"
        ]
      }
    ]
  },
  "evaluation_time": 599.21932721138,
  "kg_co2_emissions": null
}