{
  "dataset_revision": "5377aa18f309ec440ff6325a4c2cd3362c2cb8d7",
  "task_name": "ChemRxivRetrieval",
  "mteb_version": "2.7.1",
  "scores": {
    "test": [
      {
        "ndcg_at_1": 0.6056,
        "ndcg_at_3": 0.7165,
        "ndcg_at_5": 0.74314,
        "ndcg_at_10": 0.76124,
        "ndcg_at_20": 0.76933,
        "ndcg_at_100": 0.77582,
        "ndcg_at_1000": 0.77792,
        "map_at_1": 0.6056,
        "map_at_3": 0.6893,
        "map_at_5": 0.7041,
        "map_at_10": 0.71182,
        "map_at_20": 0.71411,
        "map_at_100": 0.715,
        "map_at_1000": 0.71507,
        "recall_at_1": 0.6056,
        "recall_at_3": 0.7952,
        "recall_at_5": 0.8598,
        "recall_at_10": 0.9144,
        "recall_at_20": 0.946,
        "recall_at_100": 0.981,
        "recall_at_1000": 0.9976,
        "accuracy": 0.6056,
        "precision_at_1": 0.6056,
        "precision_at_3": 0.26507,
        "precision_at_5": 0.17196,
        "precision_at_10": 0.09144,
        "precision_at_20": 0.0473,
        "precision_at_100": 0.00981,
        "precision_at_1000": 0.001,
        "mrr_at_1": 0.606,
        "mrr_at_3": 0.689567,
        "mrr_at_5": 0.704247,
        "mrr_at_10": 0.712035,
        "mrr_at_20": 0.714316,
        "mrr_at_100": 0.715207,
        "mrr_at_1000": 0.715285,
        "nauc_ndcg_at_1_max": 0.281164,
        "nauc_ndcg_at_1_std": -0.188946,
        "nauc_ndcg_at_1_diff1": 0.668879,
        "nauc_ndcg_at_3_max": 0.317848,
        "nauc_ndcg_at_3_std": -0.203257,
        "nauc_ndcg_at_3_diff1": 0.620061,
        "nauc_ndcg_at_5_max": 0.324015,
        "nauc_ndcg_at_5_std": -0.200659,
        "nauc_ndcg_at_5_diff1": 0.620815,
        "nauc_ndcg_at_10_max": 0.331451,
        "nauc_ndcg_at_10_std": -0.185213,
        "nauc_ndcg_at_10_diff1": 0.623049,
        "nauc_ndcg_at_20_max": 0.328425,
        "nauc_ndcg_at_20_std": -0.181176,
        "nauc_ndcg_at_20_diff1": 0.629247,
        "nauc_ndcg_at_100_max": 0.32283,
        "nauc_ndcg_at_100_std": -0.184349,
        "nauc_ndcg_at_100_diff1": 0.632811,
        "nauc_ndcg_at_1000_max": 0.319426,
        "nauc_ndcg_at_1000_std": -0.186672,
        "nauc_ndcg_at_1000_diff1": 0.633799,
        "nauc_map_at_1_max": 0.281164,
        "nauc_map_at_1_std": -0.188946,
        "nauc_map_at_1_diff1": 0.668879,
        "nauc_map_at_3_max": 0.307226,
        "nauc_map_at_3_std": -0.200045,
        "nauc_map_at_3_diff1": 0.634064,
        "nauc_map_at_5_max": 0.309754,
        "nauc_map_at_5_std": -0.198525,
        "nauc_map_at_5_diff1": 0.635169,
        "nauc_map_at_10_max": 0.31214,
        "nauc_map_at_10_std": -0.192544,
        "nauc_map_at_10_diff1": 0.636422,
        "nauc_map_at_20_max": 0.311216,
        "nauc_map_at_20_std": -0.19161,
        "nauc_map_at_20_diff1": 0.638061,
        "nauc_map_at_100_max": 0.310629,
        "nauc_map_at_100_std": -0.191876,
        "nauc_map_at_100_diff1": 0.638488,
        "nauc_map_at_1000_max": 0.310556,
        "nauc_map_at_1000_std": -0.191912,
        "nauc_map_at_1000_diff1": 0.638527,
        "nauc_recall_at_1_max": 0.281164,
        "nauc_recall_at_1_std": -0.188946,
        "nauc_recall_at_1_diff1": 0.668879,
        "nauc_recall_at_3_max": 0.359526,
        "nauc_recall_at_3_std": -0.215338,
        "nauc_recall_at_3_diff1": 0.565191,
        "nauc_recall_at_5_max": 0.400606,
        "nauc_recall_at_5_std": -0.210655,
        "nauc_recall_at_5_diff1": 0.545516,
        "nauc_recall_at_10_max": 0.496127,
        "nauc_recall_at_10_std": -0.111225,
        "nauc_recall_at_10_diff1": 0.517564,
        "nauc_recall_at_20_max": 0.551404,
        "nauc_recall_at_20_std": -0.01354,
        "nauc_recall_at_20_diff1": 0.540115,
        "nauc_recall_at_100_max": 0.648312,
        "nauc_recall_at_100_std": 0.104108,
        "nauc_recall_at_100_diff1": 0.565566,
        "nauc_recall_at_1000_max": 0.669157,
        "nauc_recall_at_1000_std": 0.49218,
        "nauc_recall_at_1000_diff1": 0.66336,
        "nauc_precision_at_1_max": 0.281164,
        "nauc_precision_at_1_std": -0.188946,
        "nauc_precision_at_1_diff1": 0.668879,
        "nauc_precision_at_3_max": 0.359526,
        "nauc_precision_at_3_std": -0.215338,
        "nauc_precision_at_3_diff1": 0.565191,
        "nauc_precision_at_5_max": 0.400606,
        "nauc_precision_at_5_std": -0.210655,
        "nauc_precision_at_5_diff1": 0.545516,
        "nauc_precision_at_10_max": 0.496127,
        "nauc_precision_at_10_std": -0.111225,
        "nauc_precision_at_10_diff1": 0.517564,
        "nauc_precision_at_20_max": 0.551404,
        "nauc_precision_at_20_std": -0.01354,
        "nauc_precision_at_20_diff1": 0.540115,
        "nauc_precision_at_100_max": 0.648312,
        "nauc_precision_at_100_std": 0.104108,
        "nauc_precision_at_100_diff1": 0.565566,
        "nauc_precision_at_1000_max": 0.669157,
        "nauc_precision_at_1000_std": 0.49218,
        "nauc_precision_at_1000_diff1": 0.66336,
        "nauc_mrr_at_1_max": 0.281585,
        "nauc_mrr_at_1_std": -0.188608,
        "nauc_mrr_at_1_diff1": 0.66807,
        "nauc_mrr_at_3_max": 0.308107,
        "nauc_mrr_at_3_std": -0.199435,
        "nauc_mrr_at_3_diff1": 0.633423,
        "nauc_mrr_at_5_max": 0.310185,
        "nauc_mrr_at_5_std": -0.198158,
        "nauc_mrr_at_5_diff1": 0.634781,
        "nauc_mrr_at_10_max": 0.312582,
        "nauc_mrr_at_10_std": -0.192251,
        "nauc_mrr_at_10_diff1": 0.635902,
        "nauc_mrr_at_20_max": 0.311663,
        "nauc_mrr_at_20_std": -0.191316,
        "nauc_mrr_at_20_diff1": 0.637539,
        "nauc_mrr_at_100_max": 0.311078,
        "nauc_mrr_at_100_std": -0.191578,
        "nauc_mrr_at_100_diff1": 0.637964,
        "nauc_mrr_at_1000_max": 0.311005,
        "nauc_mrr_at_1000_std": -0.191614,
        "nauc_mrr_at_1000_diff1": 0.638003,
        "cv_recall_at_1": 0.606,
        "cv_recall_at_3": 0.7954,
        "cv_recall_at_5": 0.8594,
        "cv_recall_at_10": 0.9144,
        "cv_recall_at_20": 0.946,
        "cv_recall_at_100": 0.981,
        "cv_recall_at_1000": 0.9976,
        "main_score": 0.76124,
        "hf_subset": "default",
        "languages": [
          "eng-Latn"
        ]
      }
    ]
  },
  "evaluation_time": 431.1343288421631,
  "kg_co2_emissions": null
}