{
  "dataset_revision": "5377aa18f309ec440ff6325a4c2cd3362c2cb8d7",
  "task_name": "ChemRxivRetrieval",
  "mteb_version": "2.7.8",
  "scores": {
    "test": [
      {
        "ndcg_at_1": 0.6688,
        "ndcg_at_3": 0.76964,
        "ndcg_at_5": 0.78996,
        "ndcg_at_10": 0.80514,
        "ndcg_at_20": 0.81132,
        "ndcg_at_100": 0.81646,
        "ndcg_at_1000": 0.81795,
        "map_at_1": 0.6688,
        "map_at_3": 0.74563,
        "map_at_5": 0.75694,
        "map_at_10": 0.76331,
        "map_at_20": 0.76506,
        "map_at_100": 0.76577,
        "map_at_1000": 0.76583,
        "recall_at_1": 0.6688,
        "recall_at_3": 0.8388,
        "recall_at_5": 0.888,
        "recall_at_10": 0.9344,
        "recall_at_20": 0.9584,
        "recall_at_100": 0.9862,
        "recall_at_1000": 0.9978,
        "accuracy": 0.6688,
        "precision_at_1": 0.6688,
        "precision_at_3": 0.2796,
        "precision_at_5": 0.1776,
        "precision_at_10": 0.09344,
        "precision_at_20": 0.04792,
        "precision_at_100": 0.00986,
        "precision_at_1000": 0.001,
        "mrr_at_1": 0.6692,
        "mrr_at_3": 0.745767,
        "mrr_at_5": 0.757087,
        "mrr_at_10": 0.76349,
        "mrr_at_20": 0.765245,
        "mrr_at_100": 0.765954,
        "mrr_at_1000": 0.766013,
        "nauc_ndcg_at_1_max": 0.399362,
        "nauc_ndcg_at_1_std": -0.128308,
        "nauc_ndcg_at_1_diff1": 0.716265,
        "nauc_ndcg_at_3_max": 0.429419,
        "nauc_ndcg_at_3_std": -0.137987,
        "nauc_ndcg_at_3_diff1": 0.677146,
        "nauc_ndcg_at_5_max": 0.440644,
        "nauc_ndcg_at_5_std": -0.125325,
        "nauc_ndcg_at_5_diff1": 0.676474,
        "nauc_ndcg_at_10_max": 0.448806,
        "nauc_ndcg_at_10_std": -0.116927,
        "nauc_ndcg_at_10_diff1": 0.680214,
        "nauc_ndcg_at_20_max": 0.44562,
        "nauc_ndcg_at_20_std": -0.116781,
        "nauc_ndcg_at_20_diff1": 0.683873,
        "nauc_ndcg_at_100_max": 0.439329,
        "nauc_ndcg_at_100_std": -0.118081,
        "nauc_ndcg_at_100_diff1": 0.686711,
        "nauc_ndcg_at_1000_max": 0.435884,
        "nauc_ndcg_at_1000_std": -0.121707,
        "nauc_ndcg_at_1000_diff1": 0.686909,
        "nauc_map_at_1_max": 0.399362,
        "nauc_map_at_1_std": -0.128308,
        "nauc_map_at_1_diff1": 0.716265,
        "nauc_map_at_3_max": 0.421151,
        "nauc_map_at_3_std": -0.135339,
        "nauc_map_at_3_diff1": 0.687223,
        "nauc_map_at_5_max": 0.426606,
        "nauc_map_at_5_std": -0.128909,
        "nauc_map_at_5_diff1": 0.687548,
        "nauc_map_at_10_max": 0.429054,
        "nauc_map_at_10_std": -0.1261,
        "nauc_map_at_10_diff1": 0.689062,
        "nauc_map_at_20_max": 0.428182,
        "nauc_map_at_20_std": -0.126018,
        "nauc_map_at_20_diff1": 0.689957,
        "nauc_map_at_100_max": 0.427485,
        "nauc_map_at_100_std": -0.12611,
        "nauc_map_at_100_diff1": 0.690252,
        "nauc_map_at_1000_max": 0.427373,
        "nauc_map_at_1000_std": -0.12622,
        "nauc_map_at_1000_diff1": 0.690256,
        "nauc_recall_at_1_max": 0.399362,
        "nauc_recall_at_1_std": -0.128308,
        "nauc_recall_at_1_diff1": 0.716265,
        "nauc_recall_at_3_max": 0.463479,
        "nauc_recall_at_3_std": -0.148887,
        "nauc_recall_at_3_diff1": 0.636078,
        "nauc_recall_at_5_max": 0.519832,
        "nauc_recall_at_5_std": -0.102206,
        "nauc_recall_at_5_diff1": 0.615948,
        "nauc_recall_at_10_max": 0.638916,
        "nauc_recall_at_10_std": -0.018955,
        "nauc_recall_at_10_diff1": 0.606519,
        "nauc_recall_at_20_max": 0.698029,
        "nauc_recall_at_20_std": 0.03501,
        "nauc_recall_at_20_diff1": 0.621283,
        "nauc_recall_at_100_max": 0.799876,
        "nauc_recall_at_100_std": 0.24231,
        "nauc_recall_at_100_diff1": 0.679887,
        "nauc_recall_at_1000_max": 0.764748,
        "nauc_recall_at_1000_std": 0.094899,
        "nauc_recall_at_1000_diff1": 0.77086,
        "nauc_precision_at_1_max": 0.399362,
        "nauc_precision_at_1_std": -0.128308,
        "nauc_precision_at_1_diff1": 0.716265,
        "nauc_precision_at_3_max": 0.463479,
        "nauc_precision_at_3_std": -0.148887,
        "nauc_precision_at_3_diff1": 0.636078,
        "nauc_precision_at_5_max": 0.519832,
        "nauc_precision_at_5_std": -0.102206,
        "nauc_precision_at_5_diff1": 0.615948,
        "nauc_precision_at_10_max": 0.638916,
        "nauc_precision_at_10_std": -0.018955,
        "nauc_precision_at_10_diff1": 0.606519,
        "nauc_precision_at_20_max": 0.698029,
        "nauc_precision_at_20_std": 0.03501,
        "nauc_precision_at_20_diff1": 0.621283,
        "nauc_precision_at_100_max": 0.799876,
        "nauc_precision_at_100_std": 0.24231,
        "nauc_precision_at_100_diff1": 0.679887,
        "nauc_precision_at_1000_max": 0.764748,
        "nauc_precision_at_1000_std": 0.094899,
        "nauc_precision_at_1000_diff1": 0.77086,
        "nauc_mrr_at_1_max": 0.399887,
        "nauc_mrr_at_1_std": -0.128526,
        "nauc_mrr_at_1_diff1": 0.715392,
        "nauc_mrr_at_3_max": 0.421976,
        "nauc_mrr_at_3_std": -0.134934,
        "nauc_mrr_at_3_diff1": 0.686702,
        "nauc_mrr_at_5_max": 0.426987,
        "nauc_mrr_at_5_std": -0.129106,
        "nauc_mrr_at_5_diff1": 0.687049,
        "nauc_mrr_at_10_max": 0.429559,
        "nauc_mrr_at_10_std": -0.126123,
        "nauc_mrr_at_10_diff1": 0.688487,
        "nauc_mrr_at_20_max": 0.428689,
        "nauc_mrr_at_20_std": -0.126041,
        "nauc_mrr_at_20_diff1": 0.689377,
        "nauc_mrr_at_100_max": 0.427993,
        "nauc_mrr_at_100_std": -0.126131,
        "nauc_mrr_at_100_diff1": 0.68967,
        "nauc_mrr_at_1000_max": 0.427882,
        "nauc_mrr_at_1000_std": -0.126241,
        "nauc_mrr_at_1000_diff1": 0.689674,
        "cv_recall_at_1": 0.6692,
        "cv_recall_at_3": 0.8386,
        "cv_recall_at_5": 0.8878,
        "cv_recall_at_10": 0.9344,
        "cv_recall_at_20": 0.9584,
        "cv_recall_at_100": 0.9862,
        "cv_recall_at_1000": 0.9978,
        "main_score": 0.80514,
        "hf_subset": "default",
        "languages": [
          "eng-Latn"
        ]
      }
    ]
  },
  "evaluation_time": 7401.939808607101,
  "kg_co2_emissions": null
}