{
  "dataset_revision": "3412b208896a37e4ebb5ff7b96f6cc313ee9d2e3",
  "task_name": "PubChemWikiPairClassification",
  "mteb_version": "2.7.8",
  "scores": {
    "test": [
      {
        "similarity_accuracy": 0.992921,
        "similarity_f1": 0.964401,
        "similarity_precision": 0.973856,
        "similarity_recall": 0.955128,
        "similarity_ap": 0.990109,
        "cosine_accuracy": 0.992921,
        "cosine_f1": 0.964401,
        "cosine_precision": 0.973856,
        "cosine_recall": 0.955128,
        "cosine_ap": 0.990109,
        "manhattan_accuracy": 0.992278,
        "manhattan_f1": 0.96129,
        "manhattan_precision": 0.967532,
        "manhattan_recall": 0.955128,
        "manhattan_ap": 0.987043,
        "euclidean_accuracy": 0.992921,
        "euclidean_f1": 0.964401,
        "euclidean_precision": 0.973856,
        "euclidean_recall": 0.955128,
        "euclidean_ap": 0.990109,
        "dot_accuracy": 0.992921,
        "dot_f1": 0.964401,
        "dot_precision": 0.973856,
        "dot_recall": 0.955128,
        "dot_ap": 0.990109,
        "max_accuracy": 0.992921,
        "max_f1": 0.964401,
        "max_precision": 0.973856,
        "max_recall": 0.955128,
        "max_ap": 0.990109,
        "main_score": 0.990109,
        "hf_subset": "de",
        "languages": [
          "deu-Latn",
          "eng-Latn"
        ]
      },
      {
        "similarity_accuracy": 0.990055,
        "similarity_f1": 0.95082,
        "similarity_precision": 0.945652,
        "similarity_recall": 0.956044,
        "similarity_ap": 0.979426,
        "cosine_accuracy": 0.990055,
        "cosine_f1": 0.95082,
        "cosine_precision": 0.945652,
        "cosine_recall": 0.956044,
        "cosine_ap": 0.979426,
        "manhattan_accuracy": 0.990055,
        "manhattan_f1": 0.949721,
        "manhattan_precision": 0.965909,
        "manhattan_recall": 0.934066,
        "manhattan_ap": 0.975529,
        "euclidean_accuracy": 0.990055,
        "euclidean_f1": 0.95082,
        "euclidean_precision": 0.945652,
        "euclidean_recall": 0.956044,
        "euclidean_ap": 0.979426,
        "dot_accuracy": 0.990055,
        "dot_f1": 0.95082,
        "dot_precision": 0.945652,
        "dot_recall": 0.956044,
        "dot_ap": 0.979426,
        "max_accuracy": 0.990055,
        "max_f1": 0.95082,
        "max_precision": 0.965909,
        "max_recall": 0.956044,
        "max_ap": 0.979426,
        "main_score": 0.979426,
        "hf_subset": "nl",
        "languages": [
          "nld-Latn",
          "eng-Latn"
        ]
      },
      {
        "similarity_accuracy": 0.963939,
        "similarity_f1": 0.787879,
        "similarity_precision": 0.87395,
        "similarity_recall": 0.717241,
        "similarity_ap": 0.800601,
        "cosine_accuracy": 0.963939,
        "cosine_f1": 0.787879,
        "cosine_precision": 0.87395,
        "cosine_recall": 0.717241,
        "cosine_ap": 0.800601,
        "manhattan_accuracy": 0.963245,
        "manhattan_f1": 0.781893,
        "manhattan_precision": 0.969388,
        "manhattan_recall": 0.655172,
        "manhattan_ap": 0.795307,
        "euclidean_accuracy": 0.963939,
        "euclidean_f1": 0.787879,
        "euclidean_precision": 0.87395,
        "euclidean_recall": 0.717241,
        "euclidean_ap": 0.800601,
        "dot_accuracy": 0.963939,
        "dot_f1": 0.787879,
        "dot_precision": 0.87395,
        "dot_recall": 0.717241,
        "dot_ap": 0.800601,
        "max_accuracy": 0.963939,
        "max_f1": 0.787879,
        "max_precision": 0.969388,
        "max_recall": 0.717241,
        "max_ap": 0.800601,
        "main_score": 0.800601,
        "hf_subset": "zh",
        "languages": [
          "zho-Hans",
          "eng-Latn"
        ]
      },
      {
        "similarity_accuracy": 0.996313,
        "similarity_f1": 0.981413,
        "similarity_precision": 0.992481,
        "similarity_recall": 0.970588,
        "similarity_ap": 0.985984,
        "cosine_accuracy": 0.996313,
        "cosine_f1": 0.981413,
        "cosine_precision": 0.992481,
        "cosine_recall": 0.970588,
        "cosine_ap": 0.985984,
        "manhattan_accuracy": 0.996313,
        "manhattan_f1": 0.981413,
        "manhattan_precision": 0.992481,
        "manhattan_recall": 0.970588,
        "manhattan_ap": 0.985692,
        "euclidean_accuracy": 0.996313,
        "euclidean_f1": 0.981413,
        "euclidean_precision": 0.992481,
        "euclidean_recall": 0.970588,
        "euclidean_ap": 0.985984,
        "dot_accuracy": 0.996313,
        "dot_f1": 0.981413,
        "dot_precision": 0.992481,
        "dot_recall": 0.970588,
        "dot_ap": 0.985984,
        "max_accuracy": 0.996313,
        "max_f1": 0.981413,
        "max_precision": 0.992481,
        "max_recall": 0.970588,
        "max_ap": 0.985984,
        "main_score": 0.985984,
        "hf_subset": "fr",
        "languages": [
          "fra-Latn",
          "eng-Latn"
        ]
      },
      {
        "similarity_accuracy": 0.988627,
        "similarity_f1": 0.941667,
        "similarity_precision": 0.974138,
        "similarity_recall": 0.91129,
        "similarity_ap": 0.965089,
        "cosine_accuracy": 0.988627,
        "cosine_f1": 0.941667,
        "cosine_precision": 0.974138,
        "cosine_recall": 0.91129,
        "cosine_ap": 0.965089,
        "manhattan_accuracy": 0.987815,
        "manhattan_f1": 0.937759,
        "manhattan_precision": 0.965812,
        "manhattan_recall": 0.91129,
        "manhattan_ap": 0.965354,
        "euclidean_accuracy": 0.988627,
        "euclidean_f1": 0.941667,
        "euclidean_precision": 0.974138,
        "euclidean_recall": 0.91129,
        "euclidean_ap": 0.965089,
        "dot_accuracy": 0.988627,
        "dot_f1": 0.941667,
        "dot_precision": 0.974138,
        "dot_recall": 0.91129,
        "dot_ap": 0.965089,
        "max_accuracy": 0.988627,
        "max_f1": 0.941667,
        "max_precision": 0.974138,
        "max_recall": 0.91129,
        "max_ap": 0.965354,
        "main_score": 0.965354,
        "hf_subset": "es",
        "languages": [
          "spa-Latn",
          "eng-Latn"
        ]
      },
      {
        "similarity_accuracy": 0.986974,
        "similarity_f1": 0.936585,
        "similarity_precision": 0.914286,
        "similarity_recall": 0.96,
        "similarity_ap": 0.943911,
        "cosine_accuracy": 0.986974,
        "cosine_f1": 0.936585,
        "cosine_precision": 0.914286,
        "cosine_recall": 0.96,
        "cosine_ap": 0.943911,
        "manhattan_accuracy": 0.980962,
        "manhattan_f1": 0.907407,
        "manhattan_precision": 0.844828,
        "manhattan_recall": 0.98,
        "manhattan_ap": 0.94129,
        "euclidean_accuracy": 0.986974,
        "euclidean_f1": 0.936585,
        "euclidean_precision": 0.914286,
        "euclidean_recall": 0.96,
        "euclidean_ap": 0.943911,
        "dot_accuracy": 0.986974,
        "dot_f1": 0.936585,
        "dot_precision": 0.914286,
        "dot_recall": 0.96,
        "dot_ap": 0.943911,
        "max_accuracy": 0.986974,
        "max_f1": 0.936585,
        "max_precision": 0.914286,
        "max_recall": 0.98,
        "max_ap": 0.943911,
        "main_score": 0.943911,
        "hf_subset": "pt",
        "languages": [
          "por-Latn",
          "eng-Latn"
        ]
      },
      {
        "similarity_accuracy": 0.953125,
        "similarity_f1": 0.756757,
        "similarity_precision": 0.823529,
        "similarity_recall": 0.7,
        "similarity_ap": 0.823029,
        "cosine_accuracy": 0.953125,
        "cosine_f1": 0.756757,
        "cosine_precision": 0.823529,
        "cosine_recall": 0.7,
        "cosine_ap": 0.823029,
        "manhattan_accuracy": 0.953125,
        "manhattan_f1": 0.769231,
        "manhattan_precision": 0.789474,
        "manhattan_recall": 0.75,
        "manhattan_ap": 0.808791,
        "euclidean_accuracy": 0.953125,
        "euclidean_f1": 0.756757,