{
  "dataset_revision": "5037d69d177c9628fb79cb57eea1299178b28c1b",
  "task_name": "PubChemSynonymPC",
  "mteb_version": "2.7.8",
  "scores": {
    "test": [
      {
        "similarity_accuracy": 0.950684,
        "similarity_f1": 0.685358,
        "similarity_precision": 0.940171,
        "similarity_recall": 0.539216,
        "similarity_ap": 0.67748,
        "cosine_accuracy": 0.950684,
        "cosine_f1": 0.685358,
        "cosine_precision": 0.940171,
        "cosine_recall": 0.539216,
        "cosine_ap": 0.67748,
        "manhattan_accuracy": 0.950684,
        "manhattan_f1": 0.683386,
        "manhattan_precision": 0.947826,
        "manhattan_recall": 0.534314,
        "manhattan_ap": 0.674336,
        "euclidean_accuracy": 0.950684,
        "euclidean_f1": 0.685358,
        "euclidean_precision": 0.940171,
        "euclidean_recall": 0.539216,
        "euclidean_ap": 0.67748,
        "dot_accuracy": 0.950684,
        "dot_f1": 0.685358,
        "dot_precision": 0.940171,
        "dot_recall": 0.539216,
        "dot_ap": 0.67748,
        "max_accuracy": 0.950684,
        "max_f1": 0.685358,
        "max_precision": 0.947826,
        "max_recall": 0.539216,
        "max_ap": 0.67748,
        "main_score": 0.67748,
        "hf_subset": "default",
        "languages": [
          "eng-Latn"
        ]
      }
    ]
  },
  "evaluation_time": 3.232987642288208,
  "kg_co2_emissions": null
}