{
  "dataset_revision": "5377aa18f309ec440ff6325a4c2cd3362c2cb8d7",
  "task_name": "ChemRxivRetrieval",
  "mteb_version": "2.7.8",
  "scores": {
    "test": [
      {
        "ndcg_at_1": 0.7102,
        "ndcg_at_3": 0.80383,
        "ndcg_at_5": 0.8214,
        "ndcg_at_10": 0.83192,
        "ndcg_at_20": 0.83688,
        "ndcg_at_100": 0.84178,
        "ndcg_at_1000": 0.84289,
        "map_at_1": 0.7102,
        "map_at_3": 0.78137,
        "map_at_5": 0.79118,
        "map_at_10": 0.79559,
        "map_at_20": 0.79697,
        "map_at_100": 0.7977,
        "map_at_1000": 0.79773,
        "recall_at_1": 0.7102,
        "recall_at_3": 0.8686,
        "recall_at_5": 0.911,
        "recall_at_10": 0.9432,
        "recall_at_20": 0.9626,
        "recall_at_100": 0.9884,
        "recall_at_1000": 0.9972,
        "accuracy": 0.7102,
        "precision_at_1": 0.7102,
        "precision_at_3": 0.28953,
        "precision_at_5": 0.1822,
        "precision_at_10": 0.09432,
        "precision_at_20": 0.04813,
        "precision_at_100": 0.00988,
        "precision_at_1000": 0.001,
        "mrr_at_1": 0.7104,
        "mrr_at_3": 0.7814,
        "mrr_at_5": 0.79126,
        "mrr_at_10": 0.795665,
        "mrr_at_20": 0.797051,
        "mrr_at_100": 0.797775,
        "mrr_at_1000": 0.797814,
        "nauc_ndcg_at_1_max": 0.364526,
        "nauc_ndcg_at_1_std": -0.150206,
        "nauc_ndcg_at_1_diff1": 0.748805,
        "nauc_ndcg_at_3_max": 0.408096,
        "nauc_ndcg_at_3_std": -0.126218,
        "nauc_ndcg_at_3_diff1": 0.722131,
        "nauc_ndcg_at_5_max": 0.421246,
        "nauc_ndcg_at_5_std": -0.117463,
        "nauc_ndcg_at_5_diff1": 0.721136,
        "nauc_ndcg_at_10_max": 0.417654,
        "nauc_ndcg_at_10_std": -0.113565,
        "nauc_ndcg_at_10_diff1": 0.725654,
        "nauc_ndcg_at_20_max": 0.413703,
        "nauc_ndcg_at_20_std": -0.112211,
        "nauc_ndcg_at_20_diff1": 0.726616,
        "nauc_ndcg_at_100_max": 0.408356,
        "nauc_ndcg_at_100_std": -0.116861,
        "nauc_ndcg_at_100_diff1": 0.729599,
        "nauc_ndcg_at_1000_max": 0.40589,
        "nauc_ndcg_at_1000_std": -0.119982,
        "nauc_ndcg_at_1000_diff1": 0.729434,
        "nauc_map_at_1_max": 0.364526,
        "nauc_map_at_1_std": -0.150206,
        "nauc_map_at_1_diff1": 0.748805,
        "nauc_map_at_3_max": 0.3944,
        "nauc_map_at_3_std": -0.134455,
        "nauc_map_at_3_diff1": 0.729013,
        "nauc_map_at_5_max": 0.400364,
        "nauc_map_at_5_std": -0.130385,
        "nauc_map_at_5_diff1": 0.728704,
        "nauc_map_at_10_max": 0.398749,
        "nauc_map_at_10_std": -0.129307,
        "nauc_map_at_10_diff1": 0.730454,
        "nauc_map_at_20_max": 0.397765,
        "nauc_map_at_20_std": -0.128976,
        "nauc_map_at_20_diff1": 0.730721,
        "nauc_map_at_100_max": 0.397061,
        "nauc_map_at_100_std": -0.129469,
        "nauc_map_at_100_diff1": 0.731129,
        "nauc_map_at_1000_max": 0.396994,
        "nauc_map_at_1000_std": -0.129531,
        "nauc_map_at_1000_diff1": 0.731132,
        "nauc_recall_at_1_max": 0.364526,
        "nauc_recall_at_1_std": -0.150206,
        "nauc_recall_at_1_diff1": 0.748805,
        "nauc_recall_at_3_max": 0.469261,
        "nauc_recall_at_3_std": -0.088994,
        "nauc_recall_at_3_diff1": 0.692336,
        "nauc_recall_at_5_max": 0.55162,
        "nauc_recall_at_5_std": -0.036173,
        "nauc_recall_at_5_diff1": 0.676441,
        "nauc_recall_at_10_max": 0.593606,
        "nauc_recall_at_10_std": 0.0412,
        "nauc_recall_at_10_diff1": 0.688227,
        "nauc_recall_at_20_max": 0.621771,
        "nauc_recall_at_20_std": 0.13705,
        "nauc_recall_at_20_diff1": 0.683271,
        "nauc_recall_at_100_max": 0.745726,
        "nauc_recall_at_100_std": 0.369603,
        "nauc_recall_at_100_diff1": 0.769535,
        "nauc_recall_at_1000_max": 0.800253,
        "nauc_recall_at_1000_std": 0.546419,
        "nauc_recall_at_1000_diff1": 0.804088,
        "nauc_precision_at_1_max": 0.364526,
        "nauc_precision_at_1_std": -0.150206,
        "nauc_precision_at_1_diff1": 0.748805,
        "nauc_precision_at_3_max": 0.469261,
        "nauc_precision_at_3_std": -0.088994,
        "nauc_precision_at_3_diff1": 0.692336,
        "nauc_precision_at_5_max": 0.55162,
        "nauc_precision_at_5_std": -0.036173,
        "nauc_precision_at_5_diff1": 0.676441,
        "nauc_precision_at_10_max": 0.593606,
        "nauc_precision_at_10_std": 0.0412,
        "nauc_precision_at_10_diff1": 0.688227,
        "nauc_precision_at_20_max": 0.621771,
        "nauc_precision_at_20_std": 0.13705,
        "nauc_precision_at_20_diff1": 0.683271,
        "nauc_precision_at_100_max": 0.745726,
        "nauc_precision_at_100_std": 0.369603,
        "nauc_precision_at_100_diff1": 0.769535,
        "nauc_precision_at_1000_max": 0.800253,
        "nauc_precision_at_1000_std": 0.546419,
        "nauc_precision_at_1000_diff1": 0.804088,
        "nauc_mrr_at_1_max": 0.36565,
        "nauc_mrr_at_1_std": -0.149377,
        "nauc_mrr_at_1_diff1": 0.74844,
        "nauc_mrr_at_3_max": 0.395012,
        "nauc_mrr_at_3_std": -0.134316,
        "nauc_mrr_at_3_diff1": 0.728896,
        "nauc_mrr_at_5_max": 0.4011,
        "nauc_mrr_at_5_std": -0.129926,
        "nauc_mrr_at_5_diff1": 0.728484,
        "nauc_mrr_at_10_max": 0.399515,
        "nauc_mrr_at_10_std": -0.128847,
        "nauc_mrr_at_10_diff1": 0.730224,
        "nauc_mrr_at_20_max": 0.398536,
        "nauc_mrr_at_20_std": -0.128513,
        "nauc_mrr_at_20_diff1": 0.730491,
        "nauc_mrr_at_100_max": 0.397835,
        "nauc_mrr_at_100_std": -0.129004,
        "nauc_mrr_at_100_diff1": 0.730897,
        "nauc_mrr_at_1000_max": 0.397768,
        "nauc_mrr_at_1000_std": -0.129067,
        "nauc_mrr_at_1000_diff1": 0.7309,
        "cv_recall_at_1": 0.7104,
        "cv_recall_at_3": 0.8684,
        "cv_recall_at_5": 0.911,
        "cv_recall_at_10": 0.9432,
        "cv_recall_at_20": 0.9626,
        "cv_recall_at_100": 0.9884,
        "cv_recall_at_1000": 0.9972,
        "main_score": 0.83192,
        "hf_subset": "default",
        "languages": [
          "eng-Latn"
        ]
      }
    ]
  },
  "evaluation_time": 429.6011939048767,
  "kg_co2_emissions": null
}