{
  "dataset_revision": "5377aa18f309ec440ff6325a4c2cd3362c2cb8d7",
  "task_name": "ChemRxivRetrieval",
  "mteb_version": "2.7.1",
  "scores": {
    "test": [
      {
        "ndcg_at_1": 0.5856,
        "ndcg_at_3": 0.68683,
        "ndcg_at_5": 0.7089,
        "ndcg_at_10": 0.72644,
        "ndcg_at_20": 0.73522,
        "ndcg_at_100": 0.74516,
        "ndcg_at_1000": 0.74995,
        "map_at_1": 0.5856,
        "map_at_3": 0.66257,
        "map_at_5": 0.67486,
        "map_at_10": 0.68226,
        "map_at_20": 0.68468,
        "map_at_100": 0.68612,
        "map_at_1000": 0.6863,
        "recall_at_1": 0.5856,
        "recall_at_3": 0.7568,
        "recall_at_5": 0.8102,
        "recall_at_10": 0.8636,
        "recall_at_20": 0.8982,
        "recall_at_100": 0.9508,
        "recall_at_1000": 0.9886,
        "accuracy": 0.5856,
        "precision_at_1": 0.5856,
        "precision_at_3": 0.25227,
        "precision_at_5": 0.16204,
        "precision_at_10": 0.08636,
        "precision_at_20": 0.04491,
        "precision_at_100": 0.00951,
        "precision_at_1000": 0.00099,
        "mrr_at_1": 0.586,
        "mrr_at_3": 0.6628,
        "mrr_at_5": 0.67505,
        "mrr_at_10": 0.682482,
        "mrr_at_20": 0.684904,
        "mrr_at_100": 0.686347,
        "mrr_at_1000": 0.686525,
        "nauc_ndcg_at_1_max": 0.42823,
        "nauc_ndcg_at_1_std": -0.073612,
        "nauc_ndcg_at_1_diff1": 0.701169,
        "nauc_ndcg_at_3_max": 0.470941,
        "nauc_ndcg_at_3_std": -0.03933,
        "nauc_ndcg_at_3_diff1": 0.654727,
        "nauc_ndcg_at_5_max": 0.480421,
        "nauc_ndcg_at_5_std": -0.025008,
        "nauc_ndcg_at_5_diff1": 0.650096,
        "nauc_ndcg_at_10_max": 0.481584,
        "nauc_ndcg_at_10_std": -0.020357,
        "nauc_ndcg_at_10_diff1": 0.651686,
        "nauc_ndcg_at_20_max": 0.48014,
        "nauc_ndcg_at_20_std": -0.017157,
        "nauc_ndcg_at_20_diff1": 0.652998,
        "nauc_ndcg_at_100_max": 0.476184,
        "nauc_ndcg_at_100_std": -0.018992,
        "nauc_ndcg_at_100_diff1": 0.657776,
        "nauc_ndcg_at_1000_max": 0.472239,
        "nauc_ndcg_at_1000_std": -0.025441,
        "nauc_ndcg_at_1000_diff1": 0.659644,
        "nauc_map_at_1_max": 0.42823,
        "nauc_map_at_1_std": -0.073612,
        "nauc_map_at_1_diff1": 0.701169,
        "nauc_map_at_3_max": 0.459039,
        "nauc_map_at_3_std": -0.049517,
        "nauc_map_at_3_diff1": 0.666401,
        "nauc_map_at_5_max": 0.463482,
        "nauc_map_at_5_std": -0.042512,
        "nauc_map_at_5_diff1": 0.664378,
        "nauc_map_at_10_max": 0.463429,
        "nauc_map_at_10_std": -0.041491,
        "nauc_map_at_10_diff1": 0.6654,
        "nauc_map_at_20_max": 0.462999,
        "nauc_map_at_20_std": -0.040959,
        "nauc_map_at_20_diff1": 0.665866,
        "nauc_map_at_100_max": 0.462625,
        "nauc_map_at_100_std": -0.041021,
        "nauc_map_at_100_diff1": 0.666534,
        "nauc_map_at_1000_max": 0.462499,
        "nauc_map_at_1000_std": -0.041199,
        "nauc_map_at_1000_diff1": 0.666587,
        "nauc_recall_at_1_max": 0.42823,
        "nauc_recall_at_1_std": -0.073612,
        "nauc_recall_at_1_diff1": 0.701169,
        "nauc_recall_at_3_max": 0.514231,
        "nauc_recall_at_3_std": -0.001944,
        "nauc_recall_at_3_diff1": 0.612927,
        "nauc_recall_at_5_max": 0.555344,
        "nauc_recall_at_5_std": 0.053714,
        "nauc_recall_at_5_diff1": 0.588539,
        "nauc_recall_at_10_max": 0.588574,
        "nauc_recall_at_10_std": 0.108819,
        "nauc_recall_at_10_diff1": 0.574436,
        "nauc_recall_at_20_max": 0.606679,
        "nauc_recall_at_20_std": 0.175657,
        "nauc_recall_at_20_diff1": 0.56196,
        "nauc_recall_at_100_max": 0.637452,
        "nauc_recall_at_100_std": 0.318011,
        "nauc_recall_at_100_diff1": 0.571673,
        "nauc_recall_at_1000_max": 0.606099,
        "nauc_recall_at_1000_std": 0.474167,
        "nauc_recall_at_1000_diff1": 0.562436,
        "nauc_precision_at_1_max": 0.42823,
        "nauc_precision_at_1_std": -0.073612,
        "nauc_precision_at_1_diff1": 0.701169,
        "nauc_precision_at_3_max": 0.514231,
        "nauc_precision_at_3_std": -0.001944,
        "nauc_precision_at_3_diff1": 0.612927,
        "nauc_precision_at_5_max": 0.555344,
        "nauc_precision_at_5_std": 0.053714,
        "nauc_precision_at_5_diff1": 0.588539,
        "nauc_precision_at_10_max": 0.588574,
        "nauc_precision_at_10_std": 0.108819,
        "nauc_precision_at_10_diff1": 0.574436,
        "nauc_precision_at_20_max": 0.606679,
        "nauc_precision_at_20_std": 0.175657,
        "nauc_precision_at_20_diff1": 0.56196,
        "nauc_precision_at_100_max": 0.637452,
        "nauc_precision_at_100_std": 0.318011,
        "nauc_precision_at_100_diff1": 0.571673,
        "nauc_precision_at_1000_max": 0.606099,
        "nauc_precision_at_1000_std": 0.474167,
        "nauc_precision_at_1000_diff1": 0.562436,
        "nauc_mrr_at_1_max": 0.428183,
        "nauc_mrr_at_1_std": -0.073369,
        "nauc_mrr_at_1_diff1": 0.700231,
        "nauc_mrr_at_3_max": 0.458416,
        "nauc_mrr_at_3_std": -0.049769,
        "nauc_mrr_at_3_diff1": 0.665785,
        "nauc_mrr_at_5_max": 0.463197,
        "nauc_mrr_at_5_std": -0.043055,
        "nauc_mrr_at_5_diff1": 0.663803,
        "nauc_mrr_at_10_max": 0.463201,
        "nauc_mrr_at_10_std": -0.041536,
        "nauc_mrr_at_10_diff1": 0.664757,
        "nauc_mrr_at_20_max": 0.46277,
        "nauc_mrr_at_20_std": -0.041,
        "nauc_mrr_at_20_diff1": 0.665217,
        "nauc_mrr_at_100_max": 0.462395,
        "nauc_mrr_at_100_std": -0.041059,
        "nauc_mrr_at_100_diff1": 0.665881,
        "nauc_mrr_at_1000_max": 0.462269,
        "nauc_mrr_at_1000_std": -0.041237,
        "nauc_mrr_at_1000_diff1": 0.665933,
        "cv_recall_at_1": 0.586,
        "cv_recall_at_3": 0.7568,
        "cv_recall_at_5": 0.81,
        "cv_recall_at_10": 0.8636,
        "cv_recall_at_20": 0.8982,
        "cv_recall_at_100": 0.9508,
        "cv_recall_at_1000": 0.9886,
        "main_score": 0.72644,
        "hf_subset": "default",
        "languages": [
          "eng-Latn"
        ]
      }
    ]
  },
  "evaluation_time": 131.22053813934326,
  "kg_co2_emissions": null
}