{
  "dataset_revision": "7ba40b69f5fe6ffe4cc189aac9e1710913c73c8a",
  "task_name": "PubChemSMILESPC",
  "mteb_version": "2.7.12",
  "scores": {
    "test": [
      {
        "similarity_accuracy": 0.901367,
        "similarity_f1": 0.188206,
        "similarity_precision": 0.107914,
        "similarity_recall": 0.735294,
        "similarity_ap": 0.121272,
        "cosine_accuracy": 0.901367,
        "cosine_f1": 0.188206,
        "cosine_precision": 0.107914,
        "cosine_recall": 0.735294,
        "cosine_ap": 0.121272,
        "manhattan_accuracy": 0.901367,
        "manhattan_f1": 0.186322,
        "manhattan_precision": 0.104658,
        "manhattan_recall": 0.848039,
        "manhattan_ap": 0.124028,
        "euclidean_accuracy": 0.901367,
        "euclidean_f1": 0.188206,
        "euclidean_precision": 0.107914,
        "euclidean_recall": 0.735294,
        "euclidean_ap": 0.121272,
        "dot_accuracy": 0.901367,
        "dot_f1": 0.188206,
        "dot_precision": 0.107914,
        "dot_recall": 0.735294,
        "dot_ap": 0.121272,
        "max_accuracy": 0.901367,
        "max_f1": 0.188206,
        "max_precision": 0.107914,
        "max_recall": 0.848039,
        "max_ap": 0.124028,
        "main_score": 0.124028,
        "hf_subset": "default",
        "languages": [
          "eng-Latn"
        ]
      }
    ]
  },
  "evaluation_time": 9.089560270309448,
  "kg_co2_emissions": null
}