{
  "dataset_revision": "5377aa18f309ec440ff6325a4c2cd3362c2cb8d7",
  "task_name": "ChemRxivRetrieval",
  "mteb_version": "2.7.1",
  "scores": {
    "test": [
      {
        "ndcg_at_1": 0.6454,
        "ndcg_at_3": 0.75272,
        "ndcg_at_5": 0.77293,
        "ndcg_at_10": 0.78749,
        "ndcg_at_20": 0.79475,
        "ndcg_at_100": 0.80031,
        "ndcg_at_1000": 0.80242,
        "map_at_1": 0.6454,
        "map_at_3": 0.7269,
        "map_at_5": 0.73813,
        "map_at_10": 0.74418,
        "map_at_20": 0.7462,
        "map_at_100": 0.747,
        "map_at_1000": 0.74708,
        "recall_at_1": 0.6454,
        "recall_at_3": 0.8272,
        "recall_at_5": 0.8762,
        "recall_at_10": 0.921,
        "recall_at_20": 0.9496,
        "recall_at_100": 0.979,
        "recall_at_1000": 0.9958,
        "accuracy": 0.6454,
        "precision_at_1": 0.6454,
        "precision_at_3": 0.27573,
        "precision_at_5": 0.17524,
        "precision_at_10": 0.0921,
        "precision_at_20": 0.04748,
        "precision_at_100": 0.00979,
        "precision_at_1000": 0.001,
        "mrr_at_1": 0.6458,
        "mrr_at_3": 0.727,
        "mrr_at_5": 0.73828,
        "mrr_at_10": 0.744324,
        "mrr_at_20": 0.746339,
        "mrr_at_100": 0.747144,
        "mrr_at_1000": 0.74722,
        "nauc_ndcg_at_1_max": 0.331556,
        "nauc_ndcg_at_1_std": -0.120035,
        "nauc_ndcg_at_1_diff1": 0.718387,
        "nauc_ndcg_at_3_max": 0.373096,
        "nauc_ndcg_at_3_std": -0.109752,
        "nauc_ndcg_at_3_diff1": 0.672112,
        "nauc_ndcg_at_5_max": 0.384502,
        "nauc_ndcg_at_5_std": -0.096407,
        "nauc_ndcg_at_5_diff1": 0.669688,
        "nauc_ndcg_at_10_max": 0.390109,
        "nauc_ndcg_at_10_std": -0.085614,
        "nauc_ndcg_at_10_diff1": 0.676395,
        "nauc_ndcg_at_20_max": 0.388985,
        "nauc_ndcg_at_20_std": -0.081814,
        "nauc_ndcg_at_20_diff1": 0.679158,
        "nauc_ndcg_at_100_max": 0.382308,
        "nauc_ndcg_at_100_std": -0.085866,
        "nauc_ndcg_at_100_diff1": 0.682691,
        "nauc_ndcg_at_1000_max": 0.377637,
        "nauc_ndcg_at_1000_std": -0.092282,
        "nauc_ndcg_at_1000_diff1": 0.683413,
        "nauc_map_at_1_max": 0.331556,
        "nauc_map_at_1_std": -0.120035,
        "nauc_map_at_1_diff1": 0.718387,
        "nauc_map_at_3_max": 0.361092,
        "nauc_map_at_3_std": -0.113673,
        "nauc_map_at_3_diff1": 0.684711,
        "nauc_map_at_5_max": 0.366274,
        "nauc_map_at_5_std": -0.107315,
        "nauc_map_at_5_diff1": 0.684173,
        "nauc_map_at_10_max": 0.367694,
        "nauc_map_at_10_std": -0.103972,
        "nauc_map_at_10_diff1": 0.686867,
        "nauc_map_at_20_max": 0.367182,
        "nauc_map_at_20_std": -0.10326,
        "nauc_map_at_20_diff1": 0.687576,
        "nauc_map_at_100_max": 0.366438,
        "nauc_map_at_100_std": -0.103641,
        "nauc_map_at_100_diff1": 0.688055,
        "nauc_map_at_1000_max": 0.366297,
        "nauc_map_at_1000_std": -0.103828,
        "nauc_map_at_1000_diff1": 0.688066,
        "nauc_recall_at_1_max": 0.331556,
        "nauc_recall_at_1_std": -0.120035,
        "nauc_recall_at_1_diff1": 0.718387,
        "nauc_recall_at_3_max": 0.422466,
        "nauc_recall_at_3_std": -0.093048,
        "nauc_recall_at_3_diff1": 0.62077,
        "nauc_recall_at_5_max": 0.484518,
        "nauc_recall_at_5_std": -0.033811,
        "nauc_recall_at_5_diff1": 0.592199,
        "nauc_recall_at_10_max": 0.578885,
        "nauc_recall_at_10_std": 0.079226,
        "nauc_recall_at_10_diff1": 0.600017,
        "nauc_recall_at_20_max": 0.671878,
        "nauc_recall_at_20_std": 0.224638,
        "nauc_recall_at_20_diff1": 0.595355,
        "nauc_recall_at_100_max": 0.763568,
        "nauc_recall_at_100_std": 0.454342,
        "nauc_recall_at_100_diff1": 0.624179,
        "nauc_recall_at_1000_max": 0.790827,
        "nauc_recall_at_1000_std": 0.541572,
        "nauc_recall_at_1000_diff1": 0.655351,
        "nauc_precision_at_1_max": 0.331556,
        "nauc_precision_at_1_std": -0.120035,
        "nauc_precision_at_1_diff1": 0.718387,
        "nauc_precision_at_3_max": 0.422466,
        "nauc_precision_at_3_std": -0.093048,
        "nauc_precision_at_3_diff1": 0.62077,
        "nauc_precision_at_5_max": 0.484518,
        "nauc_precision_at_5_std": -0.033811,
        "nauc_precision_at_5_diff1": 0.592199,
        "nauc_precision_at_10_max": 0.578885,
        "nauc_precision_at_10_std": 0.079226,
        "nauc_precision_at_10_diff1": 0.600017,
        "nauc_precision_at_20_max": 0.671878,
        "nauc_precision_at_20_std": 0.224638,
        "nauc_precision_at_20_diff1": 0.595355,
        "nauc_precision_at_100_max": 0.763568,
        "nauc_precision_at_100_std": 0.454342,
        "nauc_precision_at_100_diff1": 0.624179,
        "nauc_precision_at_1000_max": 0.790827,
        "nauc_precision_at_1000_std": 0.541572,
        "nauc_precision_at_1000_diff1": 0.655351,
        "nauc_mrr_at_1_max": 0.332359,
        "nauc_mrr_at_1_std": -0.119619,
        "nauc_mrr_at_1_diff1": 0.717554,
        "nauc_mrr_at_3_max": 0.361848,
        "nauc_mrr_at_3_std": -0.113463,
        "nauc_mrr_at_3_diff1": 0.684291,
        "nauc_mrr_at_5_max": 0.366871,
        "nauc_mrr_at_5_std": -0.107239,
        "nauc_mrr_at_5_diff1": 0.683673,
        "nauc_mrr_at_10_max": 0.368371,
        "nauc_mrr_at_10_std": -0.103916,
        "nauc_mrr_at_10_diff1": 0.686368,
        "nauc_mrr_at_20_max": 0.367866,
        "nauc_mrr_at_20_std": -0.103203,
        "nauc_mrr_at_20_diff1": 0.687073,
        "nauc_mrr_at_100_max": 0.367124,
        "nauc_mrr_at_100_std": -0.103583,
        "nauc_mrr_at_100_diff1": 0.68755,
        "nauc_mrr_at_1000_max": 0.366983,
        "nauc_mrr_at_1000_std": -0.10377,
        "nauc_mrr_at_1000_diff1": 0.687561,
        "cv_recall_at_1": 0.6458,
        "cv_recall_at_3": 0.827,
        "cv_recall_at_5": 0.8762,
        "cv_recall_at_10": 0.921,
        "cv_recall_at_20": 0.9496,
        "cv_recall_at_100": 0.979,
        "cv_recall_at_1000": 0.9958,
        "main_score": 0.78749,
        "hf_subset": "default",
        "languages": [
          "eng-Latn"
        ]
      }
    ]
  },
  "evaluation_time": 788.0439875125885,
  "kg_co2_emissions": null
}