{
  "dataset_revision": "c22ab2a51041ffd869aaddef7af8d8215647e41a",
  "task_name": "ArguAna",
  "mteb_version": "2.7.8",
  "scores": {
    "test": [
      {
        "ndcg_at_1": 0.26316,
        "ndcg_at_3": 0.42092,
        "ndcg_at_5": 0.46778,
        "ndcg_at_10": 0.52155,
        "ndcg_at_20": 0.54782,
        "ndcg_at_100": 0.56069,
        "ndcg_at_1000": 0.56272,
        "map_at_1": 0.26316,
        "map_at_3": 0.38205,
        "map_at_5": 0.40805,
        "map_at_10": 0.43062,
        "map_at_20": 0.43803,
        "map_at_100": 0.44002,
        "map_at_1000": 0.44011,
        "recall_at_1": 0.26316,
        "recall_at_3": 0.53343,
        "recall_at_5": 0.64723,
        "recall_at_10": 0.81152,
        "recall_at_20": 0.91394,
        "recall_at_100": 0.98009,
        "recall_at_1000": 0.99573,
        "accuracy": 0.26316,
        "precision_at_1": 0.26316,
        "precision_at_3": 0.17781,
        "precision_at_5": 0.12945,
        "precision_at_10": 0.08115,
        "precision_at_20": 0.0457,
        "precision_at_100": 0.0098,
        "precision_at_1000": 0.001,
        "mrr_at_1": 0.273115,
        "mrr_at_3": 0.384424,
        "mrr_at_5": 0.411842,
        "mrr_at_10": 0.434266,
        "mrr_at_20": 0.441685,
        "mrr_at_100": 0.443681,
        "mrr_at_1000": 0.443765,
        "nauc_ndcg_at_1_max": -0.104215,
        "nauc_ndcg_at_1_std": -0.162242,
        "nauc_ndcg_at_1_diff1": 0.048414,
        "nauc_ndcg_at_3_max": -0.067807,
        "nauc_ndcg_at_3_std": -0.136147,
        "nauc_ndcg_at_3_diff1": 0.015674,
        "nauc_ndcg_at_5_max": -0.060129,
        "nauc_ndcg_at_5_std": -0.133855,
        "nauc_ndcg_at_5_diff1": 0.005671,
        "nauc_ndcg_at_10_max": -0.048851,
        "nauc_ndcg_at_10_std": -0.135326,
        "nauc_ndcg_at_10_diff1": 0.010105,
        "nauc_ndcg_at_20_max": -0.051768,
        "nauc_ndcg_at_20_std": -0.12302,
        "nauc_ndcg_at_20_diff1": 0.011194,
        "nauc_ndcg_at_100_max": -0.057171,
        "nauc_ndcg_at_100_std": -0.127274,
        "nauc_ndcg_at_100_diff1": 0.020818,
        "nauc_ndcg_at_1000_max": -0.062734,
        "nauc_ndcg_at_1000_std": -0.13315,
        "nauc_ndcg_at_1000_diff1": 0.017527,
        "nauc_map_at_1_max": -0.104215,
        "nauc_map_at_1_std": -0.162242,
        "nauc_map_at_1_diff1": 0.048414,
        "nauc_map_at_3_max": -0.078077,
        "nauc_map_at_3_std": -0.143529,
        "nauc_map_at_3_diff1": 0.020701,
        "nauc_map_at_5_max": -0.074343,
        "nauc_map_at_5_std": -0.143159,
        "nauc_map_at_5_diff1": 0.015334,
        "nauc_map_at_10_max": -0.071757,
        "nauc_map_at_10_std": -0.145201,
        "nauc_map_at_10_diff1": 0.016991,
        "nauc_map_at_20_max": -0.0727,
        "nauc_map_at_20_std": -0.142241,
        "nauc_map_at_20_diff1": 0.017648,
        "nauc_map_at_100_max": -0.07329,
        "nauc_map_at_100_std": -0.142675,
        "nauc_map_at_100_diff1": 0.018972,
        "nauc_map_at_1000_max": -0.073474,
        "nauc_map_at_1000_std": -0.142891,
        "nauc_map_at_1000_diff1": 0.018877,
        "nauc_recall_at_1_max": -0.104215,
        "nauc_recall_at_1_std": -0.162242,
        "nauc_recall_at_1_diff1": 0.048414,
        "nauc_recall_at_3_max": -0.037762,
        "nauc_recall_at_3_std": -0.114543,
        "nauc_recall_at_3_diff1": 0.002391,
        "nauc_recall_at_5_max": -0.01185,
        "nauc_recall_at_5_std": -0.101848,
        "nauc_recall_at_5_diff1": -0.025888,
        "nauc_recall_at_10_max": 0.081967,
        "nauc_recall_at_10_std": -0.079355,
        "nauc_recall_at_10_diff1": -0.020092,
        "nauc_recall_at_20_max": 0.179472,
        "nauc_recall_at_20_std": 0.116226,
        "nauc_recall_at_20_diff1": -0.046255,
        "nauc_recall_at_100_max": 0.56083,
        "nauc_recall_at_100_std": 0.600582,
        "nauc_recall_at_100_diff1": 0.352694,
        "nauc_recall_at_1000_max": 0.392985,
        "nauc_recall_at_1000_std": 0.754124,
        "nauc_recall_at_1000_diff1": 0.105996,
        "nauc_precision_at_1_max": -0.104215,
        "nauc_precision_at_1_std": -0.162242,
        "nauc_precision_at_1_diff1": 0.048414,
        "nauc_precision_at_3_max": -0.037762,
        "nauc_precision_at_3_std": -0.114543,
        "nauc_precision_at_3_diff1": 0.002391,
        "nauc_precision_at_5_max": -0.01185,
        "nauc_precision_at_5_std": -0.101848,
        "nauc_precision_at_5_diff1": -0.025888,
        "nauc_precision_at_10_max": 0.081967,
        "nauc_precision_at_10_std": -0.079355,
        "nauc_precision_at_10_diff1": -0.020092,
        "nauc_precision_at_20_max": 0.179472,
        "nauc_precision_at_20_std": 0.116226,
        "nauc_precision_at_20_diff1": -0.046255,
        "nauc_precision_at_100_max": 0.56083,
        "nauc_precision_at_100_std": 0.600582,
        "nauc_precision_at_100_diff1": 0.352694,
        "nauc_precision_at_1000_max": 0.392985,
        "nauc_precision_at_1000_std": 0.754124,
        "nauc_precision_at_1000_diff1": 0.105996,
        "nauc_mrr_at_1_max": -0.098296,
        "nauc_mrr_at_1_std": -0.149175,
        "nauc_mrr_at_1_diff1": 0.017451,
        "nauc_mrr_at_3_max": -0.091242,
        "nauc_mrr_at_3_std": -0.146858,
        "nauc_mrr_at_3_diff1": -0.011557,
        "nauc_mrr_at_5_max": -0.082839,
        "nauc_mrr_at_5_std": -0.140737,
        "nauc_mrr_at_5_diff1": -0.01258,
        "nauc_mrr_at_10_max": -0.079901,
        "nauc_mrr_at_10_std": -0.142973,
        "nauc_mrr_at_10_diff1": -0.011609,
        "nauc_mrr_at_20_max": -0.081155,
        "nauc_mrr_at_20_std": -0.140064,
        "nauc_mrr_at_20_diff1": -0.011745,
        "nauc_mrr_at_100_max": -0.081803,
        "nauc_mrr_at_100_std": -0.140482,
        "nauc_mrr_at_100_diff1": -0.010635,
        "nauc_mrr_at_1000_max": -0.081988,
        "nauc_mrr_at_1000_std": -0.140694,
        "nauc_mrr_at_1000_diff1": -0.010737,
        "cv_recall_at_1": 0.27312,
        "cv_recall_at_3": 0.52845,
        "cv_recall_at_5": 0.64794,
        "cv_recall_at_10": 0.81152,
        "cv_recall_at_20": 0.91394,
        "cv_recall_at_100": 0.98009,
        "cv_recall_at_1000": 0.99573,
        "main_score": 0.52155,
        "hf_subset": "default",
        "languages": [
          "eng-Latn"
        ]
      }
    ]
  },
  "evaluation_time": 75.98867654800415,
  "kg_co2_emissions": null
}