{
  "dataset_revision": "3a309e201f3c2c4b13bd4a367a8f37eee2ec1d21",
  "task_name": "ClimateFEVERHardNegatives",
  "mteb_version": "2.7.8",
  "scores": {
    "test": [
      {
        "ndcg_at_1": 0.173,
        "ndcg_at_3": 0.16034,
        "ndcg_at_5": 0.17921,
        "ndcg_at_10": 0.21044,
        "ndcg_at_20": 0.23674,
        "ndcg_at_100": 0.28747,
        "ndcg_at_1000": 0.33197,
        "map_at_1": 0.08325,
        "map_at_3": 0.11721,
        "map_at_5": 0.1307,
        "map_at_10": 0.14332,
        "map_at_20": 0.15139,
        "map_at_100": 0.16021,
        "map_at_1000": 0.16257,
        "recall_at_1": 0.08325,
        "recall_at_3": 0.15092,
        "recall_at_5": 0.1989,
        "recall_at_10": 0.27032,
        "recall_at_20": 0.34662,
        "recall_at_100": 0.54345,
        "recall_at_1000": 0.79398,
        "accuracy": 0.08325,
        "precision_at_1": 0.173,
        "precision_at_3": 0.11733,
        "precision_at_5": 0.0954,
        "precision_at_10": 0.0679,
        "precision_at_20": 0.045,
        "precision_at_100": 0.01505,
        "precision_at_1000": 0.00232,
        "mrr_at_1": 0.173,
        "mrr_at_3": 0.236833,
        "mrr_at_5": 0.257183,
        "mrr_at_10": 0.274445,
        "mrr_at_20": 0.28153,
        "mrr_at_100": 0.286619,
        "mrr_at_1000": 0.287241,
        "nauc_ndcg_at_1_max": 0.276875,
        "nauc_ndcg_at_1_std": 0.076445,
        "nauc_ndcg_at_1_diff1": 0.211901,
        "nauc_ndcg_at_3_max": 0.296663,
        "nauc_ndcg_at_3_std": 0.09359,
        "nauc_ndcg_at_3_diff1": 0.14177,
        "nauc_ndcg_at_5_max": 0.308214,
        "nauc_ndcg_at_5_std": 0.11879,
        "nauc_ndcg_at_5_diff1": 0.137296,
        "nauc_ndcg_at_10_max": 0.317491,
        "nauc_ndcg_at_10_std": 0.140148,
        "nauc_ndcg_at_10_diff1": 0.134621,
        "nauc_ndcg_at_20_max": 0.326928,
        "nauc_ndcg_at_20_std": 0.155234,
        "nauc_ndcg_at_20_diff1": 0.147122,
        "nauc_ndcg_at_100_max": 0.362434,
        "nauc_ndcg_at_100_std": 0.200368,
        "nauc_ndcg_at_100_diff1": 0.151274,
        "nauc_ndcg_at_1000_max": 0.362446,
        "nauc_ndcg_at_1000_std": 0.208209,
        "nauc_ndcg_at_1000_diff1": 0.148586,
        "nauc_map_at_1_max": 0.268363,
        "nauc_map_at_1_std": 0.04241,
        "nauc_map_at_1_diff1": 0.182898,
        "nauc_map_at_3_max": 0.295202,
        "nauc_map_at_3_std": 0.071959,
        "nauc_map_at_3_diff1": 0.14817,
        "nauc_map_at_5_max": 0.3048,
        "nauc_map_at_5_std": 0.090929,
        "nauc_map_at_5_diff1": 0.146921,
        "nauc_map_at_10_max": 0.310182,
        "nauc_map_at_10_std": 0.09975,
        "nauc_map_at_10_diff1": 0.144062,
        "nauc_map_at_20_max": 0.314717,
        "nauc_map_at_20_std": 0.106188,
        "nauc_map_at_20_diff1": 0.149029,
        "nauc_map_at_100_max": 0.324906,
        "nauc_map_at_100_std": 0.119377,
        "nauc_map_at_100_diff1": 0.150903,
        "nauc_map_at_1000_max": 0.32526,
        "nauc_map_at_1000_std": 0.120674,
        "nauc_map_at_1000_diff1": 0.150727,
        "nauc_recall_at_1_max": 0.268363,
        "nauc_recall_at_1_std": 0.04241,
        "nauc_recall_at_1_diff1": 0.182898,
        "nauc_recall_at_3_max": 0.305206,
        "nauc_recall_at_3_std": 0.093998,
        "nauc_recall_at_3_diff1": 0.115835,
        "nauc_recall_at_5_max": 0.300058,
        "nauc_recall_at_5_std": 0.138834,
        "nauc_recall_at_5_diff1": 0.103596,
        "nauc_recall_at_10_max": 0.302318,
        "nauc_recall_at_10_std": 0.166782,
        "nauc_recall_at_10_diff1": 0.101882,
        "nauc_recall_at_20_max": 0.304243,
        "nauc_recall_at_20_std": 0.18406,
        "nauc_recall_at_20_diff1": 0.122306,
        "nauc_recall_at_100_max": 0.370274,
        "nauc_recall_at_100_std": 0.299629,
        "nauc_recall_at_100_diff1": 0.116452,
        "nauc_recall_at_1000_max": 0.41439,
        "nauc_recall_at_1000_std": 0.430559,
        "nauc_recall_at_1000_diff1": 0.098194,
        "nauc_precision_at_1_max": 0.276875,
        "nauc_precision_at_1_std": 0.076445,
        "nauc_precision_at_1_diff1": 0.211901,
        "nauc_precision_at_3_max": 0.300626,
        "nauc_precision_at_3_std": 0.129311,
        "nauc_precision_at_3_diff1": 0.121542,
        "nauc_precision_at_5_max": 0.301705,
        "nauc_precision_at_5_std": 0.176836,
        "nauc_precision_at_5_diff1": 0.097056,
        "nauc_precision_at_10_max": 0.291342,
        "nauc_precision_at_10_std": 0.214855,
        "nauc_precision_at_10_diff1": 0.073364,
        "nauc_precision_at_20_max": 0.287546,
        "nauc_precision_at_20_std": 0.246083,
        "nauc_precision_at_20_diff1": 0.099961,
        "nauc_precision_at_100_max": 0.308308,
        "nauc_precision_at_100_std": 0.332601,
        "nauc_precision_at_100_diff1": 0.071346,
        "nauc_precision_at_1000_max": 0.160432,
        "nauc_precision_at_1000_std": 0.273532,
        "nauc_precision_at_1000_diff1": 0.006033,
        "nauc_mrr_at_1_max": 0.276875,
        "nauc_mrr_at_1_std": 0.076445,
        "nauc_mrr_at_1_diff1": 0.211901,
        "nauc_mrr_at_3_max": 0.290515,
        "nauc_mrr_at_3_std": 0.105907,
        "nauc_mrr_at_3_diff1": 0.162997,
        "nauc_mrr_at_5_max": 0.292156,
        "nauc_mrr_at_5_std": 0.119043,
        "nauc_mrr_at_5_diff1": 0.157627,
        "nauc_mrr_at_10_max": 0.29548,
        "nauc_mrr_at_10_std": 0.131309,
        "nauc_mrr_at_10_diff1": 0.155161,
        "nauc_mrr_at_20_max": 0.297072,
        "nauc_mrr_at_20_std": 0.133175,
        "nauc_mrr_at_20_diff1": 0.159033,
        "nauc_mrr_at_100_max": 0.298492,
        "nauc_mrr_at_100_std": 0.132471,
        "nauc_mrr_at_100_diff1": 0.160195,
        "nauc_mrr_at_1000_max": 0.298163,
        "nauc_mrr_at_1000_std": 0.131994,
        "nauc_mrr_at_1000_diff1": 0.16019,
        "cv_recall_at_1": 0.173,
        "cv_recall_at_3": 0.32,
        "cv_recall_at_5": 0.41,
        "cv_recall_at_10": 0.539,
        "cv_recall_at_20": 0.642,
        "cv_recall_at_100": 0.835,
        "cv_recall_at_1000": 0.962,
        "main_score": 0.21044,
        "hf_subset": "default",
        "languages": [
          "eng-Latn"
        ]
      }
    ]
  },
  "evaluation_time": 325.4720356464386,
  "kg_co2_emissions": null
}