{
  "dataset_revision": "6c6430d3a6d36f8d2a829195bc5dc94d7e063e53",
  "task_name": "CQADupstackUnixRetrieval",
  "mteb_version": "2.7.8",
  "scores": {
    "test": [
      {
        "ndcg_at_1": 0.27799,
        "ndcg_at_3": 0.31156,
        "ndcg_at_5": 0.32854,
        "ndcg_at_10": 0.34875,
        "ndcg_at_20": 0.36919,
        "ndcg_at_100": 0.40199,
        "ndcg_at_1000": 0.42794,
        "map_at_1": 0.23443,
        "map_at_3": 0.28446,
        "map_at_5": 0.29585,
        "map_at_10": 0.30465,
        "map_at_20": 0.3108,
        "map_at_100": 0.3159,
        "map_at_1000": 0.31691,
        "recall_at_1": 0.23443,
        "recall_at_3": 0.33632,
        "recall_at_5": 0.3824,
        "recall_at_10": 0.44335,
        "recall_at_20": 0.51804,
        "recall_at_100": 0.67776,
        "recall_at_1000": 0.86524,
        "accuracy": 0.23443,
        "precision_at_1": 0.27799,
        "precision_at_3": 0.1421,
        "precision_at_5": 0.09795,
        "precision_at_10": 0.05793,
        "precision_at_20": 0.03424,
        "precision_at_100": 0.00943,
        "precision_at_1000": 0.00128,
        "mrr_at_1": 0.277985,
        "mrr_at_3": 0.326493,
        "mrr_at_5": 0.337733,
        "mrr_at_10": 0.345793,
        "mrr_at_20": 0.351248,
        "mrr_at_100": 0.355238,
        "mrr_at_1000": 0.355894,
        "nauc_ndcg_at_1_max": 0.492424,
        "nauc_ndcg_at_1_std": -0.000123,
        "nauc_ndcg_at_1_diff1": 0.582575,
        "nauc_ndcg_at_3_max": 0.472258,
        "nauc_ndcg_at_3_std": 0.022669,
        "nauc_ndcg_at_3_diff1": 0.534123,
        "nauc_ndcg_at_5_max": 0.463009,
        "nauc_ndcg_at_5_std": 0.022802,
        "nauc_ndcg_at_5_diff1": 0.523383,
        "nauc_ndcg_at_10_max": 0.457941,
        "nauc_ndcg_at_10_std": 0.024151,
        "nauc_ndcg_at_10_diff1": 0.512932,
        "nauc_ndcg_at_20_max": 0.449818,
        "nauc_ndcg_at_20_std": 0.024394,
        "nauc_ndcg_at_20_diff1": 0.503788,
        "nauc_ndcg_at_100_max": 0.458213,
        "nauc_ndcg_at_100_std": 0.03454,
        "nauc_ndcg_at_100_diff1": 0.503485,
        "nauc_ndcg_at_1000_max": 0.465237,
        "nauc_ndcg_at_1000_std": 0.044059,
        "nauc_ndcg_at_1000_diff1": 0.503742,
        "nauc_map_at_1_max": 0.487933,
        "nauc_map_at_1_std": 0.000188,
        "nauc_map_at_1_diff1": 0.604074,
        "nauc_map_at_3_max": 0.477369,
        "nauc_map_at_3_std": 0.018113,
        "nauc_map_at_3_diff1": 0.556763,
        "nauc_map_at_5_max": 0.473356,
        "nauc_map_at_5_std": 0.019338,
        "nauc_map_at_5_diff1": 0.547253,
        "nauc_map_at_10_max": 0.471298,
        "nauc_map_at_10_std": 0.01948,
        "nauc_map_at_10_diff1": 0.542513,
        "nauc_map_at_20_max": 0.46872,
        "nauc_map_at_20_std": 0.01997,
        "nauc_map_at_20_diff1": 0.53928,
        "nauc_map_at_100_max": 0.470141,
        "nauc_map_at_100_std": 0.021224,
        "nauc_map_at_100_diff1": 0.538739,
        "nauc_map_at_1000_max": 0.470524,
        "nauc_map_at_1000_std": 0.021713,
        "nauc_map_at_1000_diff1": 0.53871,
        "nauc_recall_at_1_max": 0.487933,
        "nauc_recall_at_1_std": 0.000188,
        "nauc_recall_at_1_diff1": 0.604074,
        "nauc_recall_at_3_max": 0.434107,
        "nauc_recall_at_3_std": 0.025499,
        "nauc_recall_at_3_diff1": 0.495885,
        "nauc_recall_at_5_max": 0.414217,
        "nauc_recall_at_5_std": 0.030701,
        "nauc_recall_at_5_diff1": 0.462365,
        "nauc_recall_at_10_max": 0.392305,
        "nauc_recall_at_10_std": 0.032989,
        "nauc_recall_at_10_diff1": 0.423673,
        "nauc_recall_at_20_max": 0.352718,
        "nauc_recall_at_20_std": 0.030537,
        "nauc_recall_at_20_diff1": 0.382272,
        "nauc_recall_at_100_max": 0.375349,
        "nauc_recall_at_100_std": 0.096777,
        "nauc_recall_at_100_diff1": 0.361677,
        "nauc_recall_at_1000_max": 0.421166,
        "nauc_recall_at_1000_std": 0.316875,
        "nauc_recall_at_1000_diff1": 0.265987,
        "nauc_precision_at_1_max": 0.492424,
        "nauc_precision_at_1_std": -0.000123,
        "nauc_precision_at_1_diff1": 0.582575,
        "nauc_precision_at_3_max": 0.434618,
        "nauc_precision_at_3_std": 0.050798,
        "nauc_precision_at_3_diff1": 0.413561,
        "nauc_precision_at_5_max": 0.406333,
        "nauc_precision_at_5_std": 0.053063,
        "nauc_precision_at_5_diff1": 0.360974,
        "nauc_precision_at_10_max": 0.360333,
        "nauc_precision_at_10_std": 0.053382,
        "nauc_precision_at_10_diff1": 0.294604,
        "nauc_precision_at_20_max": 0.304669,
        "nauc_precision_at_20_std": 0.054477,
        "nauc_precision_at_20_diff1": 0.224212,
        "nauc_precision_at_100_max": 0.230633,
        "nauc_precision_at_100_std": 0.096746,
        "nauc_precision_at_100_diff1": 0.093323,
        "nauc_precision_at_1000_max": 0.094536,
        "nauc_precision_at_1000_std": 0.081958,
        "nauc_precision_at_1000_diff1": -0.07264,
        "nauc_mrr_at_1_max": 0.492424,
        "nauc_mrr_at_1_std": -0.000123,
        "nauc_mrr_at_1_diff1": 0.582575,
        "nauc_mrr_at_3_max": 0.475102,
        "nauc_mrr_at_3_std": 0.016315,
        "nauc_mrr_at_3_diff1": 0.532276,
        "nauc_mrr_at_5_max": 0.471916,
        "nauc_mrr_at_5_std": 0.018022,
        "nauc_mrr_at_5_diff1": 0.526736,
        "nauc_mrr_at_10_max": 0.469177,
        "nauc_mrr_at_10_std": 0.017972,
        "nauc_mrr_at_10_diff1": 0.52201,
        "nauc_mrr_at_20_max": 0.467972,
        "nauc_mrr_at_20_std": 0.01797,
        "nauc_mrr_at_20_diff1": 0.520991,
        "nauc_mrr_at_100_max": 0.468769,
        "nauc_mrr_at_100_std": 0.01783,
        "nauc_mrr_at_100_diff1": 0.521307,
        "nauc_mrr_at_1000_max": 0.469008,
        "nauc_mrr_at_1000_std": 0.018223,
        "nauc_mrr_at_1000_diff1": 0.521341,
        "cv_recall_at_1": 0.27799,
        "cv_recall_at_3": 0.38993,
        "cv_recall_at_5": 0.4403,
        "cv_recall_at_10": 0.50466,
        "cv_recall_at_20": 0.58209,
        "cv_recall_at_100": 0.73787,
        "cv_recall_at_1000": 0.90299,
        "main_score": 0.34875,
        "hf_subset": "default",
        "languages": [
          "eng-Latn"
        ]
      }
    ]
  },
  "evaluation_time": 367.0888078212738,
  "kg_co2_emissions": null
}