{
  "dataset_revision": "4885aa143210c98657558c04aaf3dc47cfb54340",
  "task_name": "CQADupstackGamingRetrieval",
  "mteb_version": "2.7.8",
  "scores": {
    "test": [
      {
        "ndcg_at_1": 0.46082,
        "ndcg_at_3": 0.5193,
        "ndcg_at_5": 0.54288,
        "ndcg_at_10": 0.5691,
        "ndcg_at_20": 0.58603,
        "ndcg_at_100": 0.60926,
        "ndcg_at_1000": 0.62164,
        "map_at_1": 0.40385,
        "map_at_3": 0.48364,
        "map_at_5": 0.50029,
        "map_at_10": 0.51408,
        "map_at_20": 0.51997,
        "map_at_100": 0.52408,
        "map_at_1000": 0.52466,
        "recall_at_1": 0.40385,
        "recall_at_3": 0.55994,
        "recall_at_5": 0.61889,
        "recall_at_10": 0.69377,
        "recall_at_20": 0.75603,
        "recall_at_100": 0.86849,
        "recall_at_1000": 0.95714,
        "accuracy": 0.40385,
        "precision_at_1": 0.46082,
        "precision_at_3": 0.22989,
        "precision_at_5": 0.15586,
        "precision_at_10": 0.09041,
        "precision_at_20": 0.05013,
        "precision_at_100": 0.01189,
        "precision_at_1000": 0.00134,
        "mrr_at_1": 0.460815,
        "mrr_at_3": 0.530512,
        "mrr_at_5": 0.543083,
        "mrr_at_10": 0.552139,
        "mrr_at_20": 0.556232,
        "mrr_at_100": 0.558754,
        "mrr_at_1000": 0.55907,
        "nauc_ndcg_at_1_max": 0.475404,
        "nauc_ndcg_at_1_std": -0.054233,
        "nauc_ndcg_at_1_diff1": 0.61845,
        "nauc_ndcg_at_3_max": 0.475607,
        "nauc_ndcg_at_3_std": -0.05014,
        "nauc_ndcg_at_3_diff1": 0.56659,
        "nauc_ndcg_at_5_max": 0.482446,
        "nauc_ndcg_at_5_std": -0.043674,
        "nauc_ndcg_at_5_diff1": 0.561979,
        "nauc_ndcg_at_10_max": 0.487448,
        "nauc_ndcg_at_10_std": -0.025685,
        "nauc_ndcg_at_10_diff1": 0.565137,
        "nauc_ndcg_at_20_max": 0.485309,
        "nauc_ndcg_at_20_std": -0.020032,
        "nauc_ndcg_at_20_diff1": 0.563616,
        "nauc_ndcg_at_100_max": 0.490135,
        "nauc_ndcg_at_100_std": -0.004332,
        "nauc_ndcg_at_100_diff1": 0.565024,
        "nauc_ndcg_at_1000_max": 0.487714,
        "nauc_ndcg_at_1000_std": -0.007854,
        "nauc_ndcg_at_1000_diff1": 0.566833,
        "nauc_map_at_1_max": 0.399527,
        "nauc_map_at_1_std": -0.096547,
        "nauc_map_at_1_diff1": 0.611701,
        "nauc_map_at_3_max": 0.453976,
        "nauc_map_at_3_std": -0.070016,
        "nauc_map_at_3_diff1": 0.578908,
        "nauc_map_at_5_max": 0.463061,
        "nauc_map_at_5_std": -0.062025,
        "nauc_map_at_5_diff1": 0.576416,
        "nauc_map_at_10_max": 0.467658,
        "nauc_map_at_10_std": -0.05144,
        "nauc_map_at_10_diff1": 0.577406,
        "nauc_map_at_20_max": 0.468375,
        "nauc_map_at_20_std": -0.047936,
        "nauc_map_at_20_diff1": 0.576507,
        "nauc_map_at_100_max": 0.470066,
        "nauc_map_at_100_std": -0.043781,
        "nauc_map_at_100_diff1": 0.576051,
        "nauc_map_at_1000_max": 0.469991,
        "nauc_map_at_1000_std": -0.043635,
        "nauc_map_at_1000_diff1": 0.57614,
        "nauc_recall_at_1_max": 0.399527,
        "nauc_recall_at_1_std": -0.096547,
        "nauc_recall_at_1_diff1": 0.611701,
        "nauc_recall_at_3_max": 0.45979,
        "nauc_recall_at_3_std": -0.060739,
        "nauc_recall_at_3_diff1": 0.521198,
        "nauc_recall_at_5_max": 0.475461,
        "nauc_recall_at_5_std": -0.039907,
        "nauc_recall_at_5_diff1": 0.501261,
        "nauc_recall_at_10_max": 0.487029,
        "nauc_recall_at_10_std": 0.018339,
        "nauc_recall_at_10_diff1": 0.498787,
        "nauc_recall_at_20_max": 0.478416,
        "nauc_recall_at_20_std": 0.052815,
        "nauc_recall_at_20_diff1": 0.476301,
        "nauc_recall_at_100_max": 0.514619,
        "nauc_recall_at_100_std": 0.233436,
        "nauc_recall_at_100_diff1": 0.442564,
        "nauc_recall_at_1000_max": 0.4736,
        "nauc_recall_at_1000_std": 0.430034,
        "nauc_recall_at_1000_diff1": 0.330532,
        "nauc_precision_at_1_max": 0.475404,
        "nauc_precision_at_1_std": -0.054233,
        "nauc_precision_at_1_diff1": 0.61845,
        "nauc_precision_at_3_max": 0.478383,
        "nauc_precision_at_3_std": 0.048597,
        "nauc_precision_at_3_diff1": 0.379253,
        "nauc_precision_at_5_max": 0.446727,
        "nauc_precision_at_5_std": 0.097046,
        "nauc_precision_at_5_diff1": 0.287249,
        "nauc_precision_at_10_max": 0.386194,
        "nauc_precision_at_10_std": 0.180118,
        "nauc_precision_at_10_diff1": 0.183784,
        "nauc_precision_at_20_max": 0.332543,
        "nauc_precision_at_20_std": 0.232366,
        "nauc_precision_at_20_diff1": 0.096652,
        "nauc_precision_at_100_max": 0.238308,
        "nauc_precision_at_100_std": 0.325541,
        "nauc_precision_at_100_diff1": -0.038555,
        "nauc_precision_at_1000_max": 0.115967,
        "nauc_precision_at_1000_std": 0.323074,
        "nauc_precision_at_1000_diff1": -0.12557,
        "nauc_mrr_at_1_max": 0.475404,
        "nauc_mrr_at_1_std": -0.054233,
        "nauc_mrr_at_1_diff1": 0.61845,
        "nauc_mrr_at_3_max": 0.498794,
        "nauc_mrr_at_3_std": -0.031372,
        "nauc_mrr_at_3_diff1": 0.586456,
        "nauc_mrr_at_5_max": 0.499433,
        "nauc_mrr_at_5_std": -0.028634,
        "nauc_mrr_at_5_diff1": 0.583274,
        "nauc_mrr_at_10_max": 0.49941,
        "nauc_mrr_at_10_std": -0.023871,
        "nauc_mrr_at_10_diff1": 0.584733,
        "nauc_mrr_at_20_max": 0.498384,
        "nauc_mrr_at_20_std": -0.023275,
        "nauc_mrr_at_20_diff1": 0.584214,
        "nauc_mrr_at_100_max": 0.498589,
        "nauc_mrr_at_100_std": -0.022242,
        "nauc_mrr_at_100_diff1": 0.584886,
        "nauc_mrr_at_1000_max": 0.498558,
        "nauc_mrr_at_1000_std": -0.022384,
        "nauc_mrr_at_1000_diff1": 0.584994,
        "cv_recall_at_1": 0.46082,
        "cv_recall_at_3": 0.62069,
        "cv_recall_at_5": 0.67649,
        "cv_recall_at_10": 0.74295,
        "cv_recall_at_20": 0.79937,
        "cv_recall_at_100": 0.89655,
        "cv_recall_at_1000": 0.9674,
        "main_score": 0.5691,
        "hf_subset": "default",
        "languages": [
          "eng-Latn"
        ]
      }
    ]
  },
  "evaluation_time": 164.0387260913849,
  "kg_co2_emissions": null
}