{
  "dataset_revision": "f8c2fcf00f625baaa80f62ec5bd9e1fff3b8ae88",
  "task_name": "SCIDOCS",
  "mteb_version": "2.7.8",
  "scores": {
    "test": [
      {
        "ndcg_at_1": 0.179,
        "ndcg_at_3": 0.14235,
        "ndcg_at_5": 0.12293,
        "ndcg_at_10": 0.14762,
        "ndcg_at_20": 0.16984,
        "ndcg_at_100": 0.21192,
        "ndcg_at_1000": 0.26206,
        "map_at_1": 0.03633,
        "map_at_3": 0.06202,
        "map_at_5": 0.07304,
        "map_at_10": 0.08403,
        "map_at_20": 0.09135,
        "map_at_100": 0.09871,
        "map_at_1000": 0.10104,
        "recall_at_1": 0.03633,
        "recall_at_3": 0.08033,
        "recall_at_5": 0.10783,
        "recall_at_10": 0.15303,
        "recall_at_20": 0.20513,
        "recall_at_100": 0.34217,
        "recall_at_1000": 0.59073,
        "accuracy": 0.03633,
        "precision_at_1": 0.179,
        "precision_at_3": 0.132,
        "precision_at_5": 0.1064,
        "precision_at_10": 0.0754,
        "precision_at_20": 0.0506,
        "precision_at_100": 0.01686,
        "precision_at_1000": 0.00291,
        "mrr_at_1": 0.179,
        "mrr_at_3": 0.24,
        "mrr_at_5": 0.2538,
        "mrr_at_10": 0.267352,
        "mrr_at_20": 0.274083,
        "mrr_at_100": 0.279201,
        "mrr_at_1000": 0.279945,
        "nauc_ndcg_at_1_max": 0.159877,
        "nauc_ndcg_at_1_std": -0.021762,
        "nauc_ndcg_at_1_diff1": 0.196165,
        "nauc_ndcg_at_3_max": 0.181471,
        "nauc_ndcg_at_3_std": 0.016403,
        "nauc_ndcg_at_3_diff1": 0.178761,
        "nauc_ndcg_at_5_max": 0.18253,
        "nauc_ndcg_at_5_std": 0.039701,
        "nauc_ndcg_at_5_diff1": 0.166327,
        "nauc_ndcg_at_10_max": 0.205872,
        "nauc_ndcg_at_10_std": 0.072103,
        "nauc_ndcg_at_10_diff1": 0.176728,
        "nauc_ndcg_at_20_max": 0.221255,
        "nauc_ndcg_at_20_std": 0.107123,
        "nauc_ndcg_at_20_diff1": 0.185077,
        "nauc_ndcg_at_100_max": 0.239989,
        "nauc_ndcg_at_100_std": 0.145987,
        "nauc_ndcg_at_100_diff1": 0.189914,
        "nauc_ndcg_at_1000_max": 0.246192,
        "nauc_ndcg_at_1000_std": 0.164587,
        "nauc_ndcg_at_1000_diff1": 0.198378,
        "nauc_map_at_1_max": 0.159155,
        "nauc_map_at_1_std": -0.02434,
        "nauc_map_at_1_diff1": 0.195633,
        "nauc_map_at_3_max": 0.183889,
        "nauc_map_at_3_std": 0.003674,
        "nauc_map_at_3_diff1": 0.184195,
        "nauc_map_at_5_max": 0.184061,
        "nauc_map_at_5_std": 0.022432,
        "nauc_map_at_5_diff1": 0.170289,
        "nauc_map_at_10_max": 0.200668,
        "nauc_map_at_10_std": 0.045818,
        "nauc_map_at_10_diff1": 0.174259,
        "nauc_map_at_20_max": 0.212529,
        "nauc_map_at_20_std": 0.068155,
        "nauc_map_at_20_diff1": 0.181124,
        "nauc_map_at_100_max": 0.219594,
        "nauc_map_at_100_std": 0.083267,
        "nauc_map_at_100_diff1": 0.183158,
        "nauc_map_at_1000_max": 0.220522,
        "nauc_map_at_1000_std": 0.086076,
        "nauc_map_at_1000_diff1": 0.184285,
        "nauc_recall_at_1_max": 0.159155,
        "nauc_recall_at_1_std": -0.02434,
        "nauc_recall_at_1_diff1": 0.195633,
        "nauc_recall_at_3_max": 0.191455,
        "nauc_recall_at_3_std": 0.030378,
        "nauc_recall_at_3_diff1": 0.170552,
        "nauc_recall_at_5_max": 0.188329,
        "nauc_recall_at_5_std": 0.070843,
        "nauc_recall_at_5_diff1": 0.147612,
        "nauc_recall_at_10_max": 0.221461,
        "nauc_recall_at_10_std": 0.125262,
        "nauc_recall_at_10_diff1": 0.161358,
        "nauc_recall_at_20_max": 0.245062,
        "nauc_recall_at_20_std": 0.18927,
        "nauc_recall_at_20_diff1": 0.176186,
        "nauc_recall_at_100_max": 0.264123,
        "nauc_recall_at_100_std": 0.258677,
        "nauc_recall_at_100_diff1": 0.171399,
        "nauc_recall_at_1000_max": 0.256195,
        "nauc_recall_at_1000_std": 0.315303,
        "nauc_recall_at_1000_diff1": 0.176617,
        "nauc_precision_at_1_max": 0.159877,
        "nauc_precision_at_1_std": -0.021762,
        "nauc_precision_at_1_diff1": 0.196165,
        "nauc_precision_at_3_max": 0.193956,
        "nauc_precision_at_3_std": 0.034738,
        "nauc_precision_at_3_diff1": 0.171647,
        "nauc_precision_at_5_max": 0.1901,
        "nauc_precision_at_5_std": 0.075495,
        "nauc_precision_at_5_diff1": 0.148174,
        "nauc_precision_at_10_max": 0.224121,
        "nauc_precision_at_10_std": 0.127532,
        "nauc_precision_at_10_diff1": 0.164088,
        "nauc_precision_at_20_max": 0.247412,
        "nauc_precision_at_20_std": 0.191644,
        "nauc_precision_at_20_diff1": 0.178668,
        "nauc_precision_at_100_max": 0.270807,
        "nauc_precision_at_100_std": 0.263291,
        "nauc_precision_at_100_diff1": 0.175364,
        "nauc_precision_at_1000_max": 0.262502,
        "nauc_precision_at_1000_std": 0.314171,
        "nauc_precision_at_1000_diff1": 0.181039,
        "nauc_mrr_at_1_max": 0.159877,
        "nauc_mrr_at_1_std": -0.021762,
        "nauc_mrr_at_1_diff1": 0.196165,
        "nauc_mrr_at_3_max": 0.163047,
        "nauc_mrr_at_3_std": 0.006938,
        "nauc_mrr_at_3_diff1": 0.177369,
        "nauc_mrr_at_5_max": 0.164389,
        "nauc_mrr_at_5_std": 0.018074,
        "nauc_mrr_at_5_diff1": 0.175689,
        "nauc_mrr_at_10_max": 0.169216,
        "nauc_mrr_at_10_std": 0.025158,
        "nauc_mrr_at_10_diff1": 0.179728,
        "nauc_mrr_at_20_max": 0.170777,
        "nauc_mrr_at_20_std": 0.029243,
        "nauc_mrr_at_20_diff1": 0.18119,
        "nauc_mrr_at_100_max": 0.170645,
        "nauc_mrr_at_100_std": 0.029408,
        "nauc_mrr_at_100_diff1": 0.181355,
        "nauc_mrr_at_1000_max": 0.17077,
        "nauc_mrr_at_1000_std": 0.029249,
        "nauc_mrr_at_1000_diff1": 0.181321,
        "cv_recall_at_1": 0.179,
        "cv_recall_at_3": 0.319,
        "cv_recall_at_5": 0.379,
        "cv_recall_at_10": 0.478,
        "cv_recall_at_20": 0.572,
        "cv_recall_at_100": 0.77,
        "cv_recall_at_1000": 0.952,
        "main_score": 0.14762,
        "hf_subset": "default",
        "languages": [
          "eng-Latn"
        ]
      }
    ]
  },
  "evaluation_time": 170.54706501960754,
  "kg_co2_emissions": null
}