{
  "dataset_revision": "bb9466bac8153a0349341eb1b22e06409e78ef4e",
  "task_name": "TRECCOVID",
  "mteb_version": "2.7.8",
  "scores": {
    "test": [
      {
        "ndcg_at_1": 0.76,
        "ndcg_at_3": 0.67816,
        "ndcg_at_5": 0.65094,
        "ndcg_at_10": 0.60191,
        "ndcg_at_20": 0.55,
        "ndcg_at_100": 0.40553,
        "ndcg_at_1000": 0.35575,
        "map_at_1": 0.00228,
        "map_at_3": 0.00538,
        "map_at_5": 0.0083,
        "map_at_10": 0.01312,
        "map_at_20": 0.0216,
        "map_at_100": 0.06182,
        "map_at_1000": 0.14063,
        "recall_at_1": 0.00228,
        "recall_at_3": 0.00559,
        "recall_at_5": 0.00909,
        "recall_at_10": 0.01524,
        "recall_at_20": 0.02677,
        "recall_at_100": 0.09345,
        "recall_at_1000": 0.3322,
        "accuracy": 0.00228,
        "precision_at_1": 0.84,
        "precision_at_3": 0.70667,
        "precision_at_5": 0.688,
        "precision_at_10": 0.618,
        "precision_at_20": 0.561,
        "precision_at_100": 0.4056,
        "precision_at_1000": 0.15814,
        "mrr_at_1": 0.84,
        "mrr_at_3": 0.88,
        "mrr_at_5": 0.89,
        "mrr_at_10": 0.89,
        "mrr_at_20": 0.89,
        "mrr_at_100": 0.890847,
        "mrr_at_1000": 0.890847,
        "nauc_ndcg_at_1_max": 0.152328,
        "nauc_ndcg_at_1_std": 0.257129,
        "nauc_ndcg_at_1_diff1": 0.184513,
        "nauc_ndcg_at_3_max": 0.225609,
        "nauc_ndcg_at_3_std": 0.432693,
        "nauc_ndcg_at_3_diff1": -0.061485,
        "nauc_ndcg_at_5_max": 0.18456,
        "nauc_ndcg_at_5_std": 0.468714,
        "nauc_ndcg_at_5_diff1": -0.142405,
        "nauc_ndcg_at_10_max": 0.214171,
        "nauc_ndcg_at_10_std": 0.594983,
        "nauc_ndcg_at_10_diff1": -0.196246,
        "nauc_ndcg_at_20_max": 0.194392,
        "nauc_ndcg_at_20_std": 0.644547,
        "nauc_ndcg_at_20_diff1": -0.213074,
        "nauc_ndcg_at_100_max": 0.265316,
        "nauc_ndcg_at_100_std": 0.835855,
        "nauc_ndcg_at_100_diff1": -0.24349,
        "nauc_ndcg_at_1000_max": 0.27059,
        "nauc_ndcg_at_1000_std": 0.813451,
        "nauc_ndcg_at_1000_diff1": -0.174932,
        "nauc_map_at_1_max": 0.138075,
        "nauc_map_at_1_std": -0.074135,
        "nauc_map_at_1_diff1": 0.203142,
        "nauc_map_at_3_max": 0.140282,
        "nauc_map_at_3_std": 0.038031,
        "nauc_map_at_3_diff1": 0.12112,
        "nauc_map_at_5_max": 0.099874,
        "nauc_map_at_5_std": 0.074318,
        "nauc_map_at_5_diff1": 0.090036,
        "nauc_map_at_10_max": 0.179495,
        "nauc_map_at_10_std": 0.275662,
        "nauc_map_at_10_diff1": 0.056207,
        "nauc_map_at_20_max": 0.220328,
        "nauc_map_at_20_std": 0.424273,
        "nauc_map_at_20_diff1": 0.033539,
        "nauc_map_at_100_max": 0.298777,
        "nauc_map_at_100_std": 0.724823,
        "nauc_map_at_100_diff1": -0.091719,
        "nauc_map_at_1000_max": 0.312244,
        "nauc_map_at_1000_std": 0.88545,
        "nauc_map_at_1000_diff1": -0.20079,
        "nauc_recall_at_1_max": 0.138075,
        "nauc_recall_at_1_std": -0.074135,
        "nauc_recall_at_1_diff1": 0.203142,
        "nauc_recall_at_3_max": 0.130038,
        "nauc_recall_at_3_std": 0.028747,
        "nauc_recall_at_3_diff1": 0.120615,
        "nauc_recall_at_5_max": 0.073943,
        "nauc_recall_at_5_std": 0.026908,
        "nauc_recall_at_5_diff1": 0.092335,
        "nauc_recall_at_10_max": 0.166774,
        "nauc_recall_at_10_std": 0.216719,
        "nauc_recall_at_10_diff1": 0.08102,
        "nauc_recall_at_20_max": 0.214789,
        "nauc_recall_at_20_std": 0.358656,
        "nauc_recall_at_20_diff1": 0.068467,
        "nauc_recall_at_100_max": 0.295773,
        "nauc_recall_at_100_std": 0.636749,
        "nauc_recall_at_100_diff1": -0.021055,
        "nauc_recall_at_1000_max": 0.260174,
        "nauc_recall_at_1000_std": 0.759477,
        "nauc_recall_at_1000_diff1": -0.133733,
        "nauc_precision_at_1_max": 0.614998,
        "nauc_precision_at_1_std": 0.496625,
        "nauc_precision_at_1_diff1": 0.236807,
        "nauc_precision_at_3_max": 0.349662,
        "nauc_precision_at_3_std": 0.522587,
        "nauc_precision_at_3_diff1": -0.13444,
        "nauc_precision_at_5_max": 0.240606,
        "nauc_precision_at_5_std": 0.518448,
        "nauc_precision_at_5_diff1": -0.18112,
        "nauc_precision_at_10_max": 0.240713,
        "nauc_precision_at_10_std": 0.63925,
        "nauc_precision_at_10_diff1": -0.229414,
        "nauc_precision_at_20_max": 0.224319,
        "nauc_precision_at_20_std": 0.678047,
        "nauc_precision_at_20_diff1": -0.240012,
        "nauc_precision_at_100_max": 0.275224,
        "nauc_precision_at_100_std": 0.864178,
        "nauc_precision_at_100_diff1": -0.245299,
        "nauc_precision_at_1000_max": 0.197333,
        "nauc_precision_at_1000_std": 0.752514,
        "nauc_precision_at_1000_diff1": -0.277991,
        "nauc_mrr_at_1_max": 0.614998,
        "nauc_mrr_at_1_std": 0.496625,
        "nauc_mrr_at_1_diff1": 0.236807,
        "nauc_mrr_at_3_max": 0.686736,
        "nauc_mrr_at_3_std": 0.610964,
        "nauc_mrr_at_3_diff1": 0.230413,
        "nauc_mrr_at_5_max": 0.663366,
        "nauc_mrr_at_5_std": 0.587382,
        "nauc_mrr_at_5_diff1": 0.23156,
        "nauc_mrr_at_10_max": 0.663366,
        "nauc_mrr_at_10_std": 0.587382,
        "nauc_mrr_at_10_diff1": 0.23156,
        "nauc_mrr_at_20_max": 0.663366,
        "nauc_mrr_at_20_std": 0.587382,
        "nauc_mrr_at_20_diff1": 0.23156,
        "nauc_mrr_at_100_max": 0.662818,
        "nauc_mrr_at_100_std": 0.585632,
        "nauc_mrr_at_100_diff1": 0.232453,
        "nauc_mrr_at_1000_max": 0.662818,
        "nauc_mrr_at_1000_std": 0.585632,
        "nauc_mrr_at_1000_diff1": 0.232453,
        "cv_recall_at_1": 0.84,
        "cv_recall_at_3": 0.92,
        "cv_recall_at_5": 0.96,
        "cv_recall_at_10": 0.96,
        "cv_recall_at_20": 0.96,
        "cv_recall_at_100": 1.0,
        "cv_recall_at_1000": 1.0,
        "main_score": 0.60191,
        "hf_subset": "default",
        "languages": [
          "eng-Latn"
        ]
      }
    ]
  },
  "evaluation_time": 1080.5675830841064,
  "kg_co2_emissions": null
}