{
  "dataset_revision": "8b6510b0b1fa4e4c4f879467980e9be563ec1cdf",
  "task_name": "TwitterURLCorpus",
  "mteb_version": "2.7.8",
  "scores": {
    "test": [
      {
        "similarity_accuracy": 0.891974,
        "similarity_f1": 0.788968,
        "similarity_precision": 0.764629,
        "similarity_recall": 0.814906,
        "similarity_ap": 0.863473,
        "cosine_accuracy": 0.891974,
        "cosine_f1": 0.788968,
        "cosine_precision": 0.764629,
        "cosine_recall": 0.814906,
        "cosine_ap": 0.863473,
        "manhattan_accuracy": 0.891703,
        "manhattan_f1": 0.788496,
        "manhattan_precision": 0.759267,
        "manhattan_recall": 0.820065,
        "manhattan_ap": 0.863147,
        "euclidean_accuracy": 0.891974,
        "euclidean_f1": 0.788968,
        "euclidean_precision": 0.764629,
        "euclidean_recall": 0.814906,
        "euclidean_ap": 0.863473,
        "dot_accuracy": 0.891974,
        "dot_f1": 0.788968,
        "dot_precision": 0.764629,
        "dot_recall": 0.814906,
        "dot_ap": 0.863473,
        "max_accuracy": 0.891974,
        "max_f1": 0.788968,
        "max_precision": 0.764629,
        "max_recall": 0.820065,
        "max_ap": 0.863473,
        "main_score": 0.863473,
        "hf_subset": "default",
        "languages": [
          "eng-Latn"
        ]
      }
    ]
  },
  "evaluation_time": 138.0751895904541,
  "kg_co2_emissions": null
}