{
  "dataset_revision": "5377aa18f309ec440ff6325a4c2cd3362c2cb8d7",
  "task_name": "ChemRxivRetrieval",
  "mteb_version": "2.7.8",
  "scores": {
    "test": [
      {
        "ndcg_at_1": 0.6618,
        "ndcg_at_3": 0.76721,
        "ndcg_at_5": 0.78759,
        "ndcg_at_10": 0.8022,
        "ndcg_at_20": 0.80894,
        "ndcg_at_100": 0.81377,
        "ndcg_at_1000": 0.81518,
        "map_at_1": 0.6618,
        "map_at_3": 0.74197,
        "map_at_5": 0.75329,
        "map_at_10": 0.75939,
        "map_at_20": 0.76128,
        "map_at_100": 0.76197,
        "map_at_1000": 0.76202,
        "recall_at_1": 0.6618,
        "recall_at_3": 0.84,
        "recall_at_5": 0.8894,
        "recall_at_10": 0.9342,
        "recall_at_20": 0.9606,
        "recall_at_100": 0.9862,
        "recall_at_1000": 0.9972,
        "accuracy": 0.6618,
        "precision_at_1": 0.6618,
        "precision_at_3": 0.28,
        "precision_at_5": 0.17788,
        "precision_at_10": 0.09342,
        "precision_at_20": 0.04803,
        "precision_at_100": 0.00986,
        "precision_at_1000": 0.001,
        "mrr_at_1": 0.6622,
        "mrr_at_3": 0.742133,
        "mrr_at_5": 0.753453,
        "mrr_at_10": 0.759564,
        "mrr_at_20": 0.761445,
        "mrr_at_100": 0.762138,
        "mrr_at_1000": 0.762195,
        "nauc_ndcg_at_1_max": 0.272311,
        "nauc_ndcg_at_1_std": -0.154113,
        "nauc_ndcg_at_1_diff1": 0.714219,
        "nauc_ndcg_at_3_max": 0.316958,
        "nauc_ndcg_at_3_std": -0.136899,
        "nauc_ndcg_at_3_diff1": 0.675013,
        "nauc_ndcg_at_5_max": 0.332859,
        "nauc_ndcg_at_5_std": -0.131065,
        "nauc_ndcg_at_5_diff1": 0.677301,
        "nauc_ndcg_at_10_max": 0.330837,
        "nauc_ndcg_at_10_std": -0.123929,
        "nauc_ndcg_at_10_diff1": 0.682702,
        "nauc_ndcg_at_20_max": 0.327531,
        "nauc_ndcg_at_20_std": -0.124283,
        "nauc_ndcg_at_20_diff1": 0.684638,
        "nauc_ndcg_at_100_max": 0.32074,
        "nauc_ndcg_at_100_std": -0.125461,
        "nauc_ndcg_at_100_diff1": 0.687163,
        "nauc_ndcg_at_1000_max": 0.317868,
        "nauc_ndcg_at_1000_std": -0.129137,
        "nauc_ndcg_at_1000_diff1": 0.686943,
        "nauc_map_at_1_max": 0.272311,
        "nauc_map_at_1_std": -0.154113,
        "nauc_map_at_1_diff1": 0.714219,
        "nauc_map_at_3_max": 0.303391,
        "nauc_map_at_3_std": -0.141718,
        "nauc_map_at_3_diff1": 0.685545,
        "nauc_map_at_5_max": 0.310527,
        "nauc_map_at_5_std": -0.139284,
        "nauc_map_at_5_diff1": 0.687099,
        "nauc_map_at_10_max": 0.309447,
        "nauc_map_at_10_std": -0.136875,
        "nauc_map_at_10_diff1": 0.689154,
        "nauc_map_at_20_max": 0.308691,
        "nauc_map_at_20_std": -0.13699,
        "nauc_map_at_20_diff1": 0.689682,
        "nauc_map_at_100_max": 0.307871,
        "nauc_map_at_100_std": -0.13709,
        "nauc_map_at_100_diff1": 0.689999,
        "nauc_map_at_1000_max": 0.307772,
        "nauc_map_at_1000_std": -0.1372,
        "nauc_map_at_1000_diff1": 0.689986,
        "nauc_recall_at_1_max": 0.272311,
        "nauc_recall_at_1_std": -0.154113,
        "nauc_recall_at_1_diff1": 0.714219,
        "nauc_recall_at_3_max": 0.374554,
        "nauc_recall_at_3_std": -0.116686,
        "nauc_recall_at_3_diff1": 0.631136,
        "nauc_recall_at_5_max": 0.463348,
        "nauc_recall_at_5_std": -0.082922,
        "nauc_recall_at_5_diff1": 0.623785,
        "nauc_recall_at_10_max": 0.528672,
        "nauc_recall_at_10_std": 0.003899,
        "nauc_recall_at_10_diff1": 0.633829,
        "nauc_recall_at_20_max": 0.599117,
        "nauc_recall_at_20_std": 0.080612,
        "nauc_recall_at_20_diff1": 0.631807,
        "nauc_recall_at_100_max": 0.677824,
        "nauc_recall_at_100_std": 0.370465,
        "nauc_recall_at_100_diff1": 0.686417,
        "nauc_recall_at_1000_max": 0.819595,
        "nauc_recall_at_1000_std": 0.644224,
        "nauc_recall_at_1000_diff1": 0.60841,
        "nauc_precision_at_1_max": 0.272311,
        "nauc_precision_at_1_std": -0.154113,
        "nauc_precision_at_1_diff1": 0.714219,
        "nauc_precision_at_3_max": 0.374554,
        "nauc_precision_at_3_std": -0.116686,
        "nauc_precision_at_3_diff1": 0.631136,
        "nauc_precision_at_5_max": 0.463348,
        "nauc_precision_at_5_std": -0.082922,
        "nauc_precision_at_5_diff1": 0.623785,
        "nauc_precision_at_10_max": 0.528672,
        "nauc_precision_at_10_std": 0.003899,
        "nauc_precision_at_10_diff1": 0.633829,
        "nauc_precision_at_20_max": 0.599117,
        "nauc_precision_at_20_std": 0.080612,
        "nauc_precision_at_20_diff1": 0.631807,
        "nauc_precision_at_100_max": 0.677824,
        "nauc_precision_at_100_std": 0.370465,
        "nauc_precision_at_100_diff1": 0.686417,
        "nauc_precision_at_1000_max": 0.819595,
        "nauc_precision_at_1000_std": 0.644224,
        "nauc_precision_at_1000_diff1": 0.60841,
        "nauc_mrr_at_1_max": 0.272841,
        "nauc_mrr_at_1_std": -0.153669,
        "nauc_mrr_at_1_diff1": 0.713356,
        "nauc_mrr_at_3_max": 0.30356,
        "nauc_mrr_at_3_std": -0.142222,
        "nauc_mrr_at_3_diff1": 0.685031,
        "nauc_mrr_at_5_max": 0.310871,
        "nauc_mrr_at_5_std": -0.139344,
        "nauc_mrr_at_5_diff1": 0.686521,
        "nauc_mrr_at_10_max": 0.309835,
        "nauc_mrr_at_10_std": -0.136815,
        "nauc_mrr_at_10_diff1": 0.688546,
        "nauc_mrr_at_20_max": 0.309082,
        "nauc_mrr_at_20_std": -0.136925,
        "nauc_mrr_at_20_diff1": 0.689069,
        "nauc_mrr_at_100_max": 0.308263,
        "nauc_mrr_at_100_std": -0.137024,
        "nauc_mrr_at_100_diff1": 0.689383,
        "nauc_mrr_at_1000_max": 0.308165,
        "nauc_mrr_at_1000_std": -0.137134,
        "nauc_mrr_at_1000_diff1": 0.68937,
        "cv_recall_at_1": 0.6622,
        "cv_recall_at_3": 0.84,
        "cv_recall_at_5": 0.8894,
        "cv_recall_at_10": 0.9342,
        "cv_recall_at_20": 0.9606,
        "cv_recall_at_100": 0.9862,
        "cv_recall_at_1000": 0.9972,
        "main_score": 0.8022,
        "hf_subset": "default",
        "languages": [
          "eng-Latn"
        ]
      }
    ]
  },
  "evaluation_time": 8134.8698387146,
  "kg_co2_emissions": null
}