{
  "dataset_revision": "5377aa18f309ec440ff6325a4c2cd3362c2cb8d7",
  "task_name": "ChemRxivRetrieval",
  "mteb_version": "2.7.1",
  "scores": {
    "test": [
      {
        "ndcg_at_1": 0.6294,
        "ndcg_at_3": 0.73698,
        "ndcg_at_5": 0.75945,
        "ndcg_at_10": 0.77294,
        "ndcg_at_20": 0.78149,
        "ndcg_at_100": 0.78793,
        "ndcg_at_1000": 0.79044,
        "map_at_1": 0.6294,
        "map_at_3": 0.71087,
        "map_at_5": 0.72347,
        "map_at_10": 0.72906,
        "map_at_20": 0.73141,
        "map_at_100": 0.73234,
        "map_at_1000": 0.73244,
        "recall_at_1": 0.6294,
        "recall_at_3": 0.8124,
        "recall_at_5": 0.8664,
        "recall_at_10": 0.908,
        "recall_at_20": 0.9418,
        "recall_at_100": 0.9758,
        "recall_at_1000": 0.9954,
        "accuracy": 0.6294,
        "precision_at_1": 0.6294,
        "precision_at_3": 0.2708,
        "precision_at_5": 0.17328,
        "precision_at_10": 0.0908,
        "precision_at_20": 0.04709,
        "precision_at_100": 0.00976,
        "precision_at_1000": 0.001,
        "mrr_at_1": 0.6298,
        "mrr_at_3": 0.711167,
        "mrr_at_5": 0.723637,
        "mrr_at_10": 0.729293,
        "mrr_at_20": 0.731647,
        "mrr_at_100": 0.732579,
        "mrr_at_1000": 0.732676,
        "nauc_ndcg_at_1_max": 0.341604,
        "nauc_ndcg_at_1_std": -0.092598,
        "nauc_ndcg_at_1_diff1": 0.704714,
        "nauc_ndcg_at_3_max": 0.387076,
        "nauc_ndcg_at_3_std": -0.086038,
        "nauc_ndcg_at_3_diff1": 0.656919,
        "nauc_ndcg_at_5_max": 0.398352,
        "nauc_ndcg_at_5_std": -0.078422,
        "nauc_ndcg_at_5_diff1": 0.66082,
        "nauc_ndcg_at_10_max": 0.404489,
        "nauc_ndcg_at_10_std": -0.062618,
        "nauc_ndcg_at_10_diff1": 0.66624,
        "nauc_ndcg_at_20_max": 0.403902,
        "nauc_ndcg_at_20_std": -0.060295,
        "nauc_ndcg_at_20_diff1": 0.667987,
        "nauc_ndcg_at_100_max": 0.394795,
        "nauc_ndcg_at_100_std": -0.064824,
        "nauc_ndcg_at_100_diff1": 0.670513,
        "nauc_ndcg_at_1000_max": 0.390485,
        "nauc_ndcg_at_1000_std": -0.06992,
        "nauc_ndcg_at_1000_diff1": 0.671496,
        "nauc_map_at_1_max": 0.341604,
        "nauc_map_at_1_std": -0.092598,
        "nauc_map_at_1_diff1": 0.704714,
        "nauc_map_at_3_max": 0.373297,
        "nauc_map_at_3_std": -0.088899,
        "nauc_map_at_3_diff1": 0.669958,
        "nauc_map_at_5_max": 0.378039,
        "nauc_map_at_5_std": -0.085334,
        "nauc_map_at_5_diff1": 0.672565,
        "nauc_map_at_10_max": 0.379829,
        "nauc_map_at_10_std": -0.079857,
        "nauc_map_at_10_diff1": 0.674598,
        "nauc_map_at_20_max": 0.379555,
        "nauc_map_at_20_std": -0.079314,
        "nauc_map_at_20_diff1": 0.67512,
        "nauc_map_at_100_max": 0.378491,
        "nauc_map_at_100_std": -0.079705,
        "nauc_map_at_100_diff1": 0.675472,
        "nauc_map_at_1000_max": 0.378361,
        "nauc_map_at_1000_std": -0.07985,
        "nauc_map_at_1000_diff1": 0.675507,
        "nauc_recall_at_1_max": 0.341604,
        "nauc_recall_at_1_std": -0.092598,
        "nauc_recall_at_1_diff1": 0.704714,
        "nauc_recall_at_3_max": 0.442565,
        "nauc_recall_at_3_std": -0.074032,
        "nauc_recall_at_3_diff1": 0.60521,
        "nauc_recall_at_5_max": 0.507986,
        "nauc_recall_at_5_std": -0.039548,
        "nauc_recall_at_5_diff1": 0.601093,
        "nauc_recall_at_10_max": 0.591842,
        "nauc_recall_at_10_std": 0.07944,
        "nauc_recall_at_10_diff1": 0.614323,
        "nauc_recall_at_20_max": 0.689783,
        "nauc_recall_at_20_std": 0.185548,
        "nauc_recall_at_20_diff1": 0.605185,
        "nauc_recall_at_100_max": 0.720579,
        "nauc_recall_at_100_std": 0.325242,
        "nauc_recall_at_100_diff1": 0.613411,
        "nauc_recall_at_1000_max": 0.780599,
        "nauc_recall_at_1000_std": 0.402326,
        "nauc_recall_at_1000_diff1": 0.658811,
        "nauc_precision_at_1_max": 0.341604,
        "nauc_precision_at_1_std": -0.092598,
        "nauc_precision_at_1_diff1": 0.704714,
        "nauc_precision_at_3_max": 0.442565,
        "nauc_precision_at_3_std": -0.074032,
        "nauc_precision_at_3_diff1": 0.60521,
        "nauc_precision_at_5_max": 0.507986,
        "nauc_precision_at_5_std": -0.039548,
        "nauc_precision_at_5_diff1": 0.601093,
        "nauc_precision_at_10_max": 0.591842,
        "nauc_precision_at_10_std": 0.07944,
        "nauc_precision_at_10_diff1": 0.614323,
        "nauc_precision_at_20_max": 0.689783,
        "nauc_precision_at_20_std": 0.185548,
        "nauc_precision_at_20_diff1": 0.605185,
        "nauc_precision_at_100_max": 0.720579,
        "nauc_precision_at_100_std": 0.325242,
        "nauc_precision_at_100_diff1": 0.613411,
        "nauc_precision_at_1000_max": 0.780599,
        "nauc_precision_at_1000_std": 0.402326,
        "nauc_precision_at_1000_diff1": 0.658811,
        "nauc_mrr_at_1_max": 0.342943,
        "nauc_mrr_at_1_std": -0.092173,
        "nauc_mrr_at_1_diff1": 0.703896,
        "nauc_mrr_at_3_max": 0.374331,
        "nauc_mrr_at_3_std": -0.088171,
        "nauc_mrr_at_3_diff1": 0.66926,
        "nauc_mrr_at_5_max": 0.378991,
        "nauc_mrr_at_5_std": -0.085395,
        "nauc_mrr_at_5_diff1": 0.672068,
        "nauc_mrr_at_10_max": 0.380755,
        "nauc_mrr_at_10_std": -0.079517,
        "nauc_mrr_at_10_diff1": 0.67397,
        "nauc_mrr_at_20_max": 0.380488,
        "nauc_mrr_at_20_std": -0.078972,
        "nauc_mrr_at_20_diff1": 0.674484,
        "nauc_mrr_at_100_max": 0.379428,
        "nauc_mrr_at_100_std": -0.07936,
        "nauc_mrr_at_100_diff1": 0.674834,
        "nauc_mrr_at_1000_max": 0.379299,
        "nauc_mrr_at_1000_std": -0.079505,
        "nauc_mrr_at_1000_diff1": 0.674869,
        "cv_recall_at_1": 0.6298,
        "cv_recall_at_3": 0.8126,
        "cv_recall_at_5": 0.866,
        "cv_recall_at_10": 0.908,
        "cv_recall_at_20": 0.9418,
        "cv_recall_at_100": 0.9758,
        "cv_recall_at_1000": 0.9954,
        "main_score": 0.77294,
        "hf_subset": "default",
        "languages": [
          "eng-Latn"
        ]
      }
    ]
  },
  "evaluation_time": 278.92684960365295,
  "kg_co2_emissions": null
}