{
  "dataset_revision": "c22ab2a51041ffd869aaddef7af8d8215647e41a",
  "task_name": "ArguAna",
  "mteb_version": "2.7.8",
  "scores": {
    "test": [
      {
        "ndcg_at_1": 0.24822,
        "ndcg_at_3": 0.38378,
        "ndcg_at_5": 0.43547,
        "ndcg_at_10": 0.49038,
        "ndcg_at_20": 0.52138,
        "ndcg_at_100": 0.5363,
        "ndcg_at_1000": 0.53849,
        "map_at_1": 0.24822,
        "map_at_3": 0.34898,
        "map_at_5": 0.37757,
        "map_at_10": 0.40034,
        "map_at_20": 0.40908,
        "map_at_100": 0.41134,
        "map_at_1000": 0.41142,
        "recall_at_1": 0.24822,
        "recall_at_3": 0.48506,
        "recall_at_5": 0.61095,
        "recall_at_10": 0.78023,
        "recall_at_20": 0.90114,
        "recall_at_100": 0.97866,
        "recall_at_1000": 0.99573,
        "accuracy": 0.24822,
        "precision_at_1": 0.24822,
        "precision_at_3": 0.16169,
        "precision_at_5": 0.12219,
        "precision_at_10": 0.07802,
        "precision_at_20": 0.04506,
        "precision_at_100": 0.00979,
        "precision_at_1000": 0.001,
        "mrr_at_1": 0.254623,
        "mrr_at_3": 0.350403,
        "mrr_at_5": 0.379493,
        "mrr_at_10": 0.402735,
        "mrr_at_20": 0.411444,
        "mrr_at_100": 0.413737,
        "mrr_at_1000": 0.413824,
        "nauc_ndcg_at_1_max": -0.113352,
        "nauc_ndcg_at_1_std": -0.148648,
        "nauc_ndcg_at_1_diff1": 0.023505,
        "nauc_ndcg_at_3_max": -0.088816,
        "nauc_ndcg_at_3_std": -0.139141,
        "nauc_ndcg_at_3_diff1": 0.002617,
        "nauc_ndcg_at_5_max": -0.087688,
        "nauc_ndcg_at_5_std": -0.138633,
        "nauc_ndcg_at_5_diff1": -0.013207,
        "nauc_ndcg_at_10_max": -0.073308,
        "nauc_ndcg_at_10_std": -0.120905,
        "nauc_ndcg_at_10_diff1": -0.010848,
        "nauc_ndcg_at_20_max": -0.065808,
        "nauc_ndcg_at_20_std": -0.117241,
        "nauc_ndcg_at_20_diff1": -0.000546,
        "nauc_ndcg_at_100_max": -0.077123,
        "nauc_ndcg_at_100_std": -0.118945,
        "nauc_ndcg_at_100_diff1": -0.000481,
        "nauc_ndcg_at_1000_max": -0.08086,
        "nauc_ndcg_at_1000_std": -0.123614,
        "nauc_ndcg_at_1000_diff1": -0.000827,
        "nauc_map_at_1_max": -0.113352,
        "nauc_map_at_1_std": -0.148648,
        "nauc_map_at_1_diff1": 0.023505,
        "nauc_map_at_3_max": -0.096158,
        "nauc_map_at_3_std": -0.140521,
        "nauc_map_at_3_diff1": 0.004757,
        "nauc_map_at_5_max": -0.095698,
        "nauc_map_at_5_std": -0.139539,
        "nauc_map_at_5_diff1": -0.00359,
        "nauc_map_at_10_max": -0.090813,
        "nauc_map_at_10_std": -0.1331,
        "nauc_map_at_10_diff1": -0.002988,
        "nauc_map_at_20_max": -0.088982,
        "nauc_map_at_20_std": -0.132207,
        "nauc_map_at_20_diff1": -0.00033,
        "nauc_map_at_100_max": -0.090144,
        "nauc_map_at_100_std": -0.132344,
        "nauc_map_at_100_diff1": -8e-06,
        "nauc_map_at_1000_max": -0.09028,
        "nauc_map_at_1000_std": -0.13248,
        "nauc_map_at_1000_diff1": -1.3e-05,
        "nauc_recall_at_1_max": -0.113352,
        "nauc_recall_at_1_std": -0.148648,
        "nauc_recall_at_1_diff1": 0.023505,
        "nauc_recall_at_3_max": -0.067946,
        "nauc_recall_at_3_std": -0.135654,
        "nauc_recall_at_3_diff1": -0.00224,
        "nauc_recall_at_5_max": -0.062402,
        "nauc_recall_at_5_std": -0.137129,
        "nauc_recall_at_5_diff1": -0.044223,
        "nauc_recall_at_10_max": 0.01656,
        "nauc_recall_at_10_std": -0.055792,
        "nauc_recall_at_10_diff1": -0.044421,
        "nauc_recall_at_20_max": 0.177084,
        "nauc_recall_at_20_std": 0.042833,
        "nauc_recall_at_20_diff1": 0.028039,
        "nauc_recall_at_100_max": 0.299847,
        "nauc_recall_at_100_std": 0.481198,
        "nauc_recall_at_100_diff1": 0.068364,
        "nauc_recall_at_1000_max": 0.194267,
        "nauc_recall_at_1000_std": 0.722595,
        "nauc_recall_at_1000_diff1": 0.179025,
        "nauc_precision_at_1_max": -0.113352,
        "nauc_precision_at_1_std": -0.148648,
        "nauc_precision_at_1_diff1": 0.023505,
        "nauc_precision_at_3_max": -0.067946,
        "nauc_precision_at_3_std": -0.135654,
        "nauc_precision_at_3_diff1": -0.00224,
        "nauc_precision_at_5_max": -0.062402,
        "nauc_precision_at_5_std": -0.137129,
        "nauc_precision_at_5_diff1": -0.044223,
        "nauc_precision_at_10_max": 0.01656,
        "nauc_precision_at_10_std": -0.055792,
        "nauc_precision_at_10_diff1": -0.044421,
        "nauc_precision_at_20_max": 0.177084,
        "nauc_precision_at_20_std": 0.042833,
        "nauc_precision_at_20_diff1": 0.028039,
        "nauc_precision_at_100_max": 0.299847,
        "nauc_precision_at_100_std": 0.481198,
        "nauc_precision_at_100_diff1": 0.068364,
        "nauc_precision_at_1000_max": 0.194267,
        "nauc_precision_at_1000_std": 0.722595,
        "nauc_precision_at_1000_diff1": 0.179025,
        "nauc_mrr_at_1_max": -0.106639,
        "nauc_mrr_at_1_std": -0.138445,
        "nauc_mrr_at_1_diff1": 0.003233,
        "nauc_mrr_at_3_max": -0.10516,
        "nauc_mrr_at_3_std": -0.139268,
        "nauc_mrr_at_3_diff1": -0.017835,
        "nauc_mrr_at_5_max": -0.103442,
        "nauc_mrr_at_5_std": -0.137003,
        "nauc_mrr_at_5_diff1": -0.02575,
        "nauc_mrr_at_10_max": -0.096526,
        "nauc_mrr_at_10_std": -0.130679,
        "nauc_mrr_at_10_diff1": -0.023544,
        "nauc_mrr_at_20_max": -0.095091,
        "nauc_mrr_at_20_std": -0.129634,
        "nauc_mrr_at_20_diff1": -0.021631,
        "nauc_mrr_at_100_max": -0.096119,
        "nauc_mrr_at_100_std": -0.129863,
        "nauc_mrr_at_100_diff1": -0.021286,
        "nauc_mrr_at_1000_max": -0.096256,
        "nauc_mrr_at_1000_std": -0.129998,
        "nauc_mrr_at_1000_diff1": -0.021297,
        "cv_recall_at_1": 0.25462,
        "cv_recall_at_3": 0.48151,
        "cv_recall_at_5": 0.60811,
        "cv_recall_at_10": 0.78023,
        "cv_recall_at_20": 0.90043,
        "cv_recall_at_100": 0.97866,
        "cv_recall_at_1000": 0.99573,
        "main_score": 0.49038,
        "hf_subset": "default",
        "languages": [
          "eng-Latn"
        ]
      }
    ]
  },
  "evaluation_time": 62.32821011543274,
  "kg_co2_emissions": null
}