{
  "dataset_revision": "3a309e201f3c2c4b13bd4a367a8f37eee2ec1d21",
  "task_name": "ClimateFEVERHardNegatives",
  "mteb_version": "2.7.8",
  "scores": {
    "test": [
      {
        "ndcg_at_1": 0.405,
        "ndcg_at_3": 0.34347,
        "ndcg_at_5": 0.36971,
        "ndcg_at_10": 0.40736,
        "ndcg_at_20": 0.43792,
        "ndcg_at_100": 0.48301,
        "ndcg_at_1000": 0.51502,
        "map_at_1": 0.17612,
        "map_at_3": 0.25735,
        "map_at_5": 0.28514,
        "map_at_10": 0.30543,
        "map_at_20": 0.31778,
        "map_at_100": 0.32733,
        "map_at_1000": 0.32938,
        "recall_at_1": 0.17612,
        "recall_at_3": 0.31035,
        "recall_at_5": 0.38448,
        "recall_at_10": 0.46782,
        "recall_at_20": 0.55352,
        "recall_at_100": 0.72413,
        "recall_at_1000": 0.89952,
        "accuracy": 0.17612,
        "precision_at_1": 0.405,
        "precision_at_3": 0.25867,
        "precision_at_5": 0.2002,
        "precision_at_10": 0.1259,
        "precision_at_20": 0.0762,
        "precision_at_100": 0.02092,
        "precision_at_1000": 0.0027,
        "mrr_at_1": 0.405,
        "mrr_at_3": 0.499333,
        "mrr_at_5": 0.520783,
        "mrr_at_10": 0.531612,
        "mrr_at_20": 0.5358,
        "mrr_at_100": 0.537862,
        "mrr_at_1000": 0.538105,
        "nauc_ndcg_at_1_max": 0.333447,
        "nauc_ndcg_at_1_std": 0.087005,
        "nauc_ndcg_at_1_diff1": 0.360309,
        "nauc_ndcg_at_3_max": 0.333271,
        "nauc_ndcg_at_3_std": 0.055182,
        "nauc_ndcg_at_3_diff1": 0.297,
        "nauc_ndcg_at_5_max": 0.361605,
        "nauc_ndcg_at_5_std": 0.085265,
        "nauc_ndcg_at_5_diff1": 0.279885,
        "nauc_ndcg_at_10_max": 0.366876,
        "nauc_ndcg_at_10_std": 0.104578,
        "nauc_ndcg_at_10_diff1": 0.281161,
        "nauc_ndcg_at_20_max": 0.37275,
        "nauc_ndcg_at_20_std": 0.121944,
        "nauc_ndcg_at_20_diff1": 0.284656,
        "nauc_ndcg_at_100_max": 0.388658,
        "nauc_ndcg_at_100_std": 0.148837,
        "nauc_ndcg_at_100_diff1": 0.285942,
        "nauc_ndcg_at_1000_max": 0.387849,
        "nauc_ndcg_at_1000_std": 0.14951,
        "nauc_ndcg_at_1000_diff1": 0.289188,
        "nauc_map_at_1_max": 0.327513,
        "nauc_map_at_1_std": 0.016672,
        "nauc_map_at_1_diff1": 0.428665,
        "nauc_map_at_3_max": 0.327348,
        "nauc_map_at_3_std": 0.032541,
        "nauc_map_at_3_diff1": 0.330172,
        "nauc_map_at_5_max": 0.34898,
        "nauc_map_at_5_std": 0.056346,
        "nauc_map_at_5_diff1": 0.306149,
        "nauc_map_at_10_max": 0.35158,
        "nauc_map_at_10_std": 0.06939,
        "nauc_map_at_10_diff1": 0.303652,
        "nauc_map_at_20_max": 0.356409,
        "nauc_map_at_20_std": 0.079061,
        "nauc_map_at_20_diff1": 0.305072,
        "nauc_map_at_100_max": 0.359792,
        "nauc_map_at_100_std": 0.086793,
        "nauc_map_at_100_diff1": 0.306141,
        "nauc_map_at_1000_max": 0.360093,
        "nauc_map_at_1000_std": 0.08744,
        "nauc_map_at_1000_diff1": 0.306258,
        "nauc_recall_at_1_max": 0.327513,
        "nauc_recall_at_1_std": 0.016672,
        "nauc_recall_at_1_diff1": 0.428665,
        "nauc_recall_at_3_max": 0.306225,
        "nauc_recall_at_3_std": 0.023183,
        "nauc_recall_at_3_diff1": 0.264288,
        "nauc_recall_at_5_max": 0.337148,
        "nauc_recall_at_5_std": 0.079814,
        "nauc_recall_at_5_diff1": 0.207198,
        "nauc_recall_at_10_max": 0.330438,
        "nauc_recall_at_10_std": 0.110007,
        "nauc_recall_at_10_diff1": 0.198964,
        "nauc_recall_at_20_max": 0.328073,
        "nauc_recall_at_20_std": 0.149286,
        "nauc_recall_at_20_diff1": 0.192039,
        "nauc_recall_at_100_max": 0.380846,
        "nauc_recall_at_100_std": 0.259691,
        "nauc_recall_at_100_diff1": 0.167531,
        "nauc_recall_at_1000_max": 0.429976,
        "nauc_recall_at_1000_std": 0.419645,
        "nauc_recall_at_1000_diff1": 0.121182,
        "nauc_precision_at_1_max": 0.333447,
        "nauc_precision_at_1_std": 0.087005,
        "nauc_precision_at_1_diff1": 0.360309,
        "nauc_precision_at_3_max": 0.285414,
        "nauc_precision_at_3_std": 0.080168,
        "nauc_precision_at_3_diff1": 0.132749,
        "nauc_precision_at_5_max": 0.308134,
        "nauc_precision_at_5_std": 0.153001,
        "nauc_precision_at_5_diff1": 0.054529,
        "nauc_precision_at_10_max": 0.272669,
        "nauc_precision_at_10_std": 0.193384,
        "nauc_precision_at_10_diff1": 0.040851,
        "nauc_precision_at_20_max": 0.23836,
        "nauc_precision_at_20_std": 0.218901,
        "nauc_precision_at_20_diff1": 0.025428,
        "nauc_precision_at_100_max": 0.186623,
        "nauc_precision_at_100_std": 0.26282,
        "nauc_precision_at_100_diff1": -0.047165,
        "nauc_precision_at_1000_max": 0.016792,
        "nauc_precision_at_1000_std": 0.194583,
        "nauc_precision_at_1000_diff1": -0.145016,
        "nauc_mrr_at_1_max": 0.333447,
        "nauc_mrr_at_1_std": 0.087005,
        "nauc_mrr_at_1_diff1": 0.360309,
        "nauc_mrr_at_3_max": 0.347774,
        "nauc_mrr_at_3_std": 0.097872,
        "nauc_mrr_at_3_diff1": 0.30519,
        "nauc_mrr_at_5_max": 0.358309,
        "nauc_mrr_at_5_std": 0.120754,
        "nauc_mrr_at_5_diff1": 0.303206,
        "nauc_mrr_at_10_max": 0.359239,
        "nauc_mrr_at_10_std": 0.122295,
        "nauc_mrr_at_10_diff1": 0.306701,
        "nauc_mrr_at_20_max": 0.358681,
        "nauc_mrr_at_20_std": 0.122113,
        "nauc_mrr_at_20_diff1": 0.307273,
        "nauc_mrr_at_100_max": 0.359536,
        "nauc_mrr_at_100_std": 0.12236,
        "nauc_mrr_at_100_diff1": 0.308152,
        "nauc_mrr_at_1000_max": 0.359337,
        "nauc_mrr_at_1000_std": 0.122061,
        "nauc_mrr_at_1000_diff1": 0.30817,
        "cv_recall_at_1": 0.405,
        "cv_recall_at_3": 0.618,
        "cv_recall_at_5": 0.711,
        "cv_recall_at_10": 0.794,
        "cv_recall_at_20": 0.853,
        "cv_recall_at_100": 0.931,
        "cv_recall_at_1000": 0.986,
        "main_score": 0.40736,
        "hf_subset": "default",
        "languages": [
          "eng-Latn"
        ]
      }
    ]
  },
  "evaluation_time": 309.92571544647217,
  "kg_co2_emissions": null
}