{
  "dataset_revision": "080c9ed6267b65029207906e815d44a9240bafca",
  "task_name": "FEVERHardNegatives",
  "mteb_version": "2.7.8",
  "scores": {
    "test": [
      {
        "ndcg_at_1": 0.757,
        "ndcg_at_3": 0.83873,
        "ndcg_at_5": 0.85426,
        "ndcg_at_10": 0.86098,
        "ndcg_at_20": 0.86607,
        "ndcg_at_100": 0.86983,
        "ndcg_at_1000": 0.87139,
        "map_at_1": 0.7188,
        "map_at_3": 0.80658,
        "map_at_5": 0.81732,
        "map_at_10": 0.82096,
        "map_at_20": 0.82297,
        "map_at_100": 0.82378,
        "map_at_1000": 0.8239,
        "recall_at_1": 0.7188,
        "recall_at_3": 0.89377,
        "recall_at_5": 0.9328,
        "recall_at_10": 0.95212,
        "recall_at_20": 0.96888,
        "recall_at_100": 0.98475,
        "recall_at_1000": 0.99382,
        "accuracy": 0.7188,
        "precision_at_1": 0.757,
        "precision_at_3": 0.32133,
        "precision_at_5": 0.2032,
        "precision_at_10": 0.1047,
        "precision_at_20": 0.0541,
        "precision_at_100": 0.01121,
        "precision_at_1000": 0.00115,
        "mrr_at_1": 0.757,
        "mrr_at_3": 0.8385,
        "mrr_at_5": 0.8468,
        "mrr_at_10": 0.848767,
        "mrr_at_20": 0.849487,
        "mrr_at_100": 0.84969,
        "mrr_at_1000": 0.849697,
        "nauc_ndcg_at_1_max": 0.085516,
        "nauc_ndcg_at_1_std": -0.078947,
        "nauc_ndcg_at_1_diff1": 0.711624,
        "nauc_ndcg_at_3_max": 0.214859,
        "nauc_ndcg_at_3_std": -0.048516,
        "nauc_ndcg_at_3_diff1": 0.665105,
        "nauc_ndcg_at_5_max": 0.206972,
        "nauc_ndcg_at_5_std": -0.048172,
        "nauc_ndcg_at_5_diff1": 0.65622,
        "nauc_ndcg_at_10_max": 0.188993,
        "nauc_ndcg_at_10_std": -0.049584,
        "nauc_ndcg_at_10_diff1": 0.655536,
        "nauc_ndcg_at_20_max": 0.192126,
        "nauc_ndcg_at_20_std": -0.047467,
        "nauc_ndcg_at_20_diff1": 0.658167,
        "nauc_ndcg_at_100_max": 0.184654,
        "nauc_ndcg_at_100_std": -0.044845,
        "nauc_ndcg_at_100_diff1": 0.665873,
        "nauc_ndcg_at_1000_max": 0.180633,
        "nauc_ndcg_at_1000_std": -0.047472,
        "nauc_ndcg_at_1000_diff1": 0.666852,
        "nauc_map_at_1_max": 0.087518,
        "nauc_map_at_1_std": -0.092336,
        "nauc_map_at_1_diff1": 0.658145,
        "nauc_map_at_3_max": 0.185064,
        "nauc_map_at_3_std": -0.057724,
        "nauc_map_at_3_diff1": 0.660715,
        "nauc_map_at_5_max": 0.179196,
        "nauc_map_at_5_std": -0.058202,
        "nauc_map_at_5_diff1": 0.659456,
        "nauc_map_at_10_max": 0.171825,
        "nauc_map_at_10_std": -0.058477,
        "nauc_map_at_10_diff1": 0.659016,
        "nauc_map_at_20_max": 0.174052,
        "nauc_map_at_20_std": -0.057004,
        "nauc_map_at_20_diff1": 0.65978,
        "nauc_map_at_100_max": 0.172718,
        "nauc_map_at_100_std": -0.05708,
        "nauc_map_at_100_diff1": 0.661007,
        "nauc_map_at_1000_max": 0.172592,
        "nauc_map_at_1000_std": -0.056977,
        "nauc_map_at_1000_diff1": 0.661091,
        "nauc_recall_at_1_max": 0.087518,
        "nauc_recall_at_1_std": -0.092336,
        "nauc_recall_at_1_diff1": 0.658145,
        "nauc_recall_at_3_max": 0.366044,
        "nauc_recall_at_3_std": -0.012013,
        "nauc_recall_at_3_diff1": 0.598886,
        "nauc_recall_at_5_max": 0.419738,
        "nauc_recall_at_5_std": 0.014803,
        "nauc_recall_at_5_diff1": 0.516654,
        "nauc_recall_at_10_max": 0.376233,
        "nauc_recall_at_10_std": 0.035327,
        "nauc_recall_at_10_diff1": 0.47665,
        "nauc_recall_at_20_max": 0.506821,
        "nauc_recall_at_20_std": 0.099975,
        "nauc_recall_at_20_diff1": 0.42754,
        "nauc_recall_at_100_max": 0.614954,
        "nauc_recall_at_100_std": 0.368837,
        "nauc_recall_at_100_diff1": 0.494309,
        "nauc_recall_at_1000_max": 0.808007,
        "nauc_recall_at_1000_std": 0.557361,
        "nauc_recall_at_1000_diff1": 0.395757,
        "nauc_precision_at_1_max": 0.085516,
        "nauc_precision_at_1_std": -0.078947,
        "nauc_precision_at_1_diff1": 0.711624,
        "nauc_precision_at_3_max": 0.29002,
        "nauc_precision_at_3_std": 0.081983,
        "nauc_precision_at_3_diff1": 0.336622,
        "nauc_precision_at_5_max": 0.195457,
        "nauc_precision_at_5_std": 0.125533,
        "nauc_precision_at_5_diff1": 0.078411,
        "nauc_precision_at_10_max": 0.05477,
        "nauc_precision_at_10_std": 0.125066,
        "nauc_precision_at_10_diff1": -0.080656,
        "nauc_precision_at_20_max": 0.037906,
        "nauc_precision_at_20_std": 0.140316,
        "nauc_precision_at_20_diff1": -0.176799,
        "nauc_precision_at_100_max": -0.036053,
        "nauc_precision_at_100_std": 0.137131,
        "nauc_precision_at_100_diff1": -0.213825,
        "nauc_precision_at_1000_max": -0.081385,
        "nauc_precision_at_1000_std": 0.108038,
        "nauc_precision_at_1000_diff1": -0.236996,
        "nauc_mrr_at_1_max": 0.085516,
        "nauc_mrr_at_1_std": -0.078947,
        "nauc_mrr_at_1_diff1": 0.711624,
        "nauc_mrr_at_3_max": 0.157889,
        "nauc_mrr_at_3_std": -0.063577,
        "nauc_mrr_at_3_diff1": 0.702635,
        "nauc_mrr_at_5_max": 0.149164,
        "nauc_mrr_at_5_std": -0.067118,
        "nauc_mrr_at_5_diff1": 0.699615,
        "nauc_mrr_at_10_max": 0.143258,
        "nauc_mrr_at_10_std": -0.067905,
        "nauc_mrr_at_10_diff1": 0.699798,
        "nauc_mrr_at_20_max": 0.141996,
        "nauc_mrr_at_20_std": -0.067975,
        "nauc_mrr_at_20_diff1": 0.700165,
        "nauc_mrr_at_100_max": 0.141232,
        "nauc_mrr_at_100_std": -0.068221,
        "nauc_mrr_at_100_diff1": 0.700819,
        "nauc_mrr_at_1000_max": 0.141231,
        "nauc_mrr_at_1000_std": -0.06825,
        "nauc_mrr_at_1000_diff1": 0.700803,
        "cv_recall_at_1": 0.757,
        "cv_recall_at_3": 0.932,
        "cv_recall_at_5": 0.968,
        "cv_recall_at_10": 0.982,
        "cv_recall_at_20": 0.991,
        "cv_recall_at_100": 0.998,
        "cv_recall_at_1000": 1.0,
        "main_score": 0.86098,
        "hf_subset": "default",
        "languages": [
          "eng-Latn"
        ]
      }
    ]
  },
  "evaluation_time": 619.9437761306763,
  "kg_co2_emissions": null
}