{
  "dataset_revision": "27a168819829fe9bcd655c2df245fb19452e8e06",
  "task_name": "FiQA2018",
  "mteb_version": "2.7.8",
  "scores": {
    "test": [
      {
        "ndcg_at_1": 0.37963,
        "ndcg_at_3": 0.35082,
        "ndcg_at_5": 0.35995,
        "ndcg_at_10": 0.3861,
        "ndcg_at_20": 0.41169,
        "ndcg_at_100": 0.44798,
        "ndcg_at_1000": 0.47952,
        "map_at_1": 0.1913,
        "map_at_3": 0.26985,
        "map_at_5": 0.29161,
        "map_at_10": 0.31016,
        "map_at_20": 0.31932,
        "map_at_100": 0.32644,
        "map_at_1000": 0.32824,
        "recall_at_1": 0.1913,
        "recall_at_3": 0.32002,
        "recall_at_5": 0.37406,
        "recall_at_10": 0.45546,
        "recall_at_20": 0.53654,
        "recall_at_100": 0.68328,
        "recall_at_1000": 0.87204,
        "accuracy": 0.1913,
        "precision_at_1": 0.37963,
        "precision_at_3": 0.23251,
        "precision_at_5": 0.16914,
        "precision_at_10": 0.10617,
        "precision_at_20": 0.06319,
        "precision_at_100": 0.01694,
        "precision_at_1000": 0.00227,
        "mrr_at_1": 0.37963,
        "mrr_at_3": 0.443158,
        "mrr_at_5": 0.453884,
        "mrr_at_10": 0.46487,
        "mrr_at_20": 0.470827,
        "mrr_at_100": 0.473773,
        "mrr_at_1000": 0.474192,
        "nauc_ndcg_at_1_max": 0.323501,
        "nauc_ndcg_at_1_std": -0.035898,
        "nauc_ndcg_at_1_diff1": 0.503056,
        "nauc_ndcg_at_3_max": 0.270427,
        "nauc_ndcg_at_3_std": -0.03531,
        "nauc_ndcg_at_3_diff1": 0.412086,
        "nauc_ndcg_at_5_max": 0.263569,
        "nauc_ndcg_at_5_std": -0.026762,
        "nauc_ndcg_at_5_diff1": 0.411604,
        "nauc_ndcg_at_10_max": 0.255938,
        "nauc_ndcg_at_10_std": -0.013974,
        "nauc_ndcg_at_10_diff1": 0.407148,
        "nauc_ndcg_at_20_max": 0.271643,
        "nauc_ndcg_at_20_std": -0.00457,
        "nauc_ndcg_at_20_diff1": 0.410396,
        "nauc_ndcg_at_100_max": 0.290831,
        "nauc_ndcg_at_100_std": 0.017002,
        "nauc_ndcg_at_100_diff1": 0.4087,
        "nauc_ndcg_at_1000_max": 0.30431,
        "nauc_ndcg_at_1000_std": 0.021991,
        "nauc_ndcg_at_1000_diff1": 0.419441,
        "nauc_map_at_1_max": 0.177064,
        "nauc_map_at_1_std": -0.075872,
        "nauc_map_at_1_diff1": 0.460853,
        "nauc_map_at_3_max": 0.206141,
        "nauc_map_at_3_std": -0.064209,
        "nauc_map_at_3_diff1": 0.422825,
        "nauc_map_at_5_max": 0.233483,
        "nauc_map_at_5_std": -0.049781,
        "nauc_map_at_5_diff1": 0.419407,
        "nauc_map_at_10_max": 0.242289,
        "nauc_map_at_10_std": -0.035704,
        "nauc_map_at_10_diff1": 0.41126,
        "nauc_map_at_20_max": 0.249564,
        "nauc_map_at_20_std": -0.031237,
        "nauc_map_at_20_diff1": 0.411924,
        "nauc_map_at_100_max": 0.254895,
        "nauc_map_at_100_std": -0.026693,
        "nauc_map_at_100_diff1": 0.412471,
        "nauc_map_at_1000_max": 0.256067,
        "nauc_map_at_1000_std": -0.025977,
        "nauc_map_at_1000_diff1": 0.412865,
        "nauc_recall_at_1_max": 0.177064,
        "nauc_recall_at_1_std": -0.075872,
        "nauc_recall_at_1_diff1": 0.460853,
        "nauc_recall_at_3_max": 0.172833,
        "nauc_recall_at_3_std": -0.046299,
        "nauc_recall_at_3_diff1": 0.350557,
        "nauc_recall_at_5_max": 0.194017,
        "nauc_recall_at_5_std": -0.007245,
        "nauc_recall_at_5_diff1": 0.334057,
        "nauc_recall_at_10_max": 0.1848,
        "nauc_recall_at_10_std": 0.017493,
        "nauc_recall_at_10_diff1": 0.297586,
        "nauc_recall_at_20_max": 0.218054,
        "nauc_recall_at_20_std": 0.055199,
        "nauc_recall_at_20_diff1": 0.289087,
        "nauc_recall_at_100_max": 0.268492,
        "nauc_recall_at_100_std": 0.150331,
        "nauc_recall_at_100_diff1": 0.237635,
        "nauc_recall_at_1000_max": 0.427444,
        "nauc_recall_at_1000_std": 0.337003,
        "nauc_recall_at_1000_diff1": 0.302342,
        "nauc_precision_at_1_max": 0.323501,
        "nauc_precision_at_1_std": -0.035898,
        "nauc_precision_at_1_diff1": 0.503056,
        "nauc_precision_at_3_max": 0.30941,
        "nauc_precision_at_3_std": -0.001854,
        "nauc_precision_at_3_diff1": 0.307175,
        "nauc_precision_at_5_max": 0.330277,
        "nauc_precision_at_5_std": 0.036017,
        "nauc_precision_at_5_diff1": 0.257734,
        "nauc_precision_at_10_max": 0.326361,
        "nauc_precision_at_10_std": 0.090617,
        "nauc_precision_at_10_diff1": 0.196565,
        "nauc_precision_at_20_max": 0.338583,
        "nauc_precision_at_20_std": 0.108042,
        "nauc_precision_at_20_diff1": 0.157337,
        "nauc_precision_at_100_max": 0.319057,
        "nauc_precision_at_100_std": 0.160816,
        "nauc_precision_at_100_diff1": 0.079493,
        "nauc_precision_at_1000_max": 0.288907,
        "nauc_precision_at_1000_std": 0.159506,
        "nauc_precision_at_1000_diff1": 0.02164,
        "nauc_mrr_at_1_max": 0.323501,
        "nauc_mrr_at_1_std": -0.035898,
        "nauc_mrr_at_1_diff1": 0.503056,
        "nauc_mrr_at_3_max": 0.311091,
        "nauc_mrr_at_3_std": -0.029748,
        "nauc_mrr_at_3_diff1": 0.468919,
        "nauc_mrr_at_5_max": 0.311098,
        "nauc_mrr_at_5_std": -0.021273,
        "nauc_mrr_at_5_diff1": 0.467173,
        "nauc_mrr_at_10_max": 0.311849,
        "nauc_mrr_at_10_std": -0.018844,
        "nauc_mrr_at_10_diff1": 0.466937,
        "nauc_mrr_at_20_max": 0.314866,
        "nauc_mrr_at_20_std": -0.017829,
        "nauc_mrr_at_20_diff1": 0.466439,
        "nauc_mrr_at_100_max": 0.315966,
        "nauc_mrr_at_100_std": -0.016212,
        "nauc_mrr_at_100_diff1": 0.466172,
        "nauc_mrr_at_1000_max": 0.315873,
        "nauc_mrr_at_1000_std": -0.01642,
        "nauc_mrr_at_1000_diff1": 0.466404,
        "cv_recall_at_1": 0.37963,
        "cv_recall_at_3": 0.52469,
        "cv_recall_at_5": 0.57253,
        "cv_recall_at_10": 0.65432,
        "cv_recall_at_20": 0.7392,
        "cv_recall_at_100": 0.85494,
        "cv_recall_at_1000": 0.94599,
        "main_score": 0.3861,
        "hf_subset": "default",
        "languages": [
          "eng-Latn"
        ]
      }
    ]
  },
  "evaluation_time": 288.50312399864197,
  "kg_co2_emissions": null
}