{
  "dataset_revision": "617612fa63afcb60e3b134bed8b7216a99707c37",
  "task_name": "HotpotQAHardNegatives",
  "mteb_version": "2.7.8",
  "scores": {
    "test": [
      {
        "ndcg_at_1": 0.792,
        "ndcg_at_3": 0.69351,
        "ndcg_at_5": 0.72542,
        "ndcg_at_10": 0.75057,
        "ndcg_at_20": 0.76486,
        "ndcg_at_100": 0.7827,
        "ndcg_at_1000": 0.79159,
        "map_at_1": 0.396,
        "map_at_3": 0.636,
        "map_at_5": 0.66192,
        "map_at_10": 0.67652,
        "map_at_20": 0.68229,
        "map_at_100": 0.68601,
        "map_at_1000": 0.68655,
        "recall_at_1": 0.396,
        "recall_at_3": 0.6755,
        "recall_at_5": 0.7385,
        "recall_at_10": 0.802,
        "recall_at_20": 0.848,
        "recall_at_100": 0.9255,
        "recall_at_1000": 0.9825,
        "accuracy": 0.396,
        "precision_at_1": 0.792,
        "precision_at_3": 0.45033,
        "precision_at_5": 0.2954,
        "precision_at_10": 0.1604,
        "precision_at_20": 0.0848,
        "precision_at_100": 0.01851,
        "precision_at_1000": 0.00197,
        "mrr_at_1": 0.792,
        "mrr_at_3": 0.836333,
        "mrr_at_5": 0.842383,
        "mrr_at_10": 0.846992,
        "mrr_at_20": 0.848298,
        "mrr_at_100": 0.849101,
        "mrr_at_1000": 0.849123,
        "nauc_ndcg_at_1_max": 0.244552,
        "nauc_ndcg_at_1_std": -0.054843,
        "nauc_ndcg_at_1_diff1": 0.604173,
        "nauc_ndcg_at_3_max": 0.068648,
        "nauc_ndcg_at_3_std": -0.093993,
        "nauc_ndcg_at_3_diff1": 0.26559,
        "nauc_ndcg_at_5_max": 0.079171,
        "nauc_ndcg_at_5_std": -0.070579,
        "nauc_ndcg_at_5_diff1": 0.271313,
        "nauc_ndcg_at_10_max": 0.082454,
        "nauc_ndcg_at_10_std": -0.055008,
        "nauc_ndcg_at_10_diff1": 0.273217,
        "nauc_ndcg_at_20_max": 0.084835,
        "nauc_ndcg_at_20_std": -0.041272,
        "nauc_ndcg_at_20_diff1": 0.276754,
        "nauc_ndcg_at_100_max": 0.086078,
        "nauc_ndcg_at_100_std": -0.030723,
        "nauc_ndcg_at_100_diff1": 0.27992,
        "nauc_ndcg_at_1000_max": 0.095394,
        "nauc_ndcg_at_1000_std": -0.039694,
        "nauc_ndcg_at_1000_diff1": 0.291987,
        "nauc_map_at_1_max": 0.244552,
        "nauc_map_at_1_std": -0.054843,
        "nauc_map_at_1_diff1": 0.604173,
        "nauc_map_at_3_max": 0.033361,
        "nauc_map_at_3_std": -0.094193,
        "nauc_map_at_3_diff1": 0.211612,
        "nauc_map_at_5_max": 0.042061,
        "nauc_map_at_5_std": -0.075007,
        "nauc_map_at_5_diff1": 0.215895,
        "nauc_map_at_10_max": 0.046092,
        "nauc_map_at_10_std": -0.066343,
        "nauc_map_at_10_diff1": 0.220337,
        "nauc_map_at_20_max": 0.046571,
        "nauc_map_at_20_std": -0.062797,
        "nauc_map_at_20_diff1": 0.221738,
        "nauc_map_at_100_max": 0.046512,
        "nauc_map_at_100_std": -0.061621,
        "nauc_map_at_100_diff1": 0.221874,
        "nauc_map_at_1000_max": 0.046955,
        "nauc_map_at_1000_std": -0.061793,
        "nauc_map_at_1000_diff1": 0.222361,
        "nauc_recall_at_1_max": 0.244552,
        "nauc_recall_at_1_std": -0.054843,
        "nauc_recall_at_1_diff1": 0.604173,
        "nauc_recall_at_3_max": 0.030771,
        "nauc_recall_at_3_std": -0.098744,
        "nauc_recall_at_3_diff1": 0.181458,
        "nauc_recall_at_5_max": 0.045875,
        "nauc_recall_at_5_std": -0.051858,
        "nauc_recall_at_5_diff1": 0.180139,
        "nauc_recall_at_10_max": 0.045672,
        "nauc_recall_at_10_std": -0.002413,
        "nauc_recall_at_10_diff1": 0.160851,
        "nauc_recall_at_20_max": 0.044959,
        "nauc_recall_at_20_std": 0.070929,
        "nauc_recall_at_20_diff1": 0.142027,
        "nauc_recall_at_100_max": 0.027059,
        "nauc_recall_at_100_std": 0.284031,
        "nauc_recall_at_100_diff1": 0.064428,
        "nauc_recall_at_1000_max": 0.392504,
        "nauc_recall_at_1000_std": 0.626397,
        "nauc_recall_at_1000_diff1": 0.201107,
        "nauc_precision_at_1_max": 0.244552,
        "nauc_precision_at_1_std": -0.054843,
        "nauc_precision_at_1_diff1": 0.604173,
        "nauc_precision_at_3_max": 0.030771,
        "nauc_precision_at_3_std": -0.098744,
        "nauc_precision_at_3_diff1": 0.181458,
        "nauc_precision_at_5_max": 0.045875,
        "nauc_precision_at_5_std": -0.051858,
        "nauc_precision_at_5_diff1": 0.180139,
        "nauc_precision_at_10_max": 0.045672,
        "nauc_precision_at_10_std": -0.002413,
        "nauc_precision_at_10_diff1": 0.160851,
        "nauc_precision_at_20_max": 0.044959,
        "nauc_precision_at_20_std": 0.070929,
        "nauc_precision_at_20_diff1": 0.142027,
        "nauc_precision_at_100_max": 0.027059,
        "nauc_precision_at_100_std": 0.284031,
        "nauc_precision_at_100_diff1": 0.064428,
        "nauc_precision_at_1000_max": 0.392504,
        "nauc_precision_at_1000_std": 0.626397,
        "nauc_precision_at_1000_diff1": 0.201107,
        "nauc_mrr_at_1_max": 0.244552,
        "nauc_mrr_at_1_std": -0.054843,
        "nauc_mrr_at_1_diff1": 0.604173,
        "nauc_mrr_at_3_max": 0.263696,
        "nauc_mrr_at_3_std": -0.07846,
        "nauc_mrr_at_3_diff1": 0.61133,
        "nauc_mrr_at_5_max": 0.265746,
        "nauc_mrr_at_5_std": -0.08096,
        "nauc_mrr_at_5_diff1": 0.618306,
        "nauc_mrr_at_10_max": 0.261059,
        "nauc_mrr_at_10_std": -0.081164,
        "nauc_mrr_at_10_diff1": 0.61237,
        "nauc_mrr_at_20_max": 0.261718,
        "nauc_mrr_at_20_std": -0.077871,
        "nauc_mrr_at_20_diff1": 0.611867,
        "nauc_mrr_at_100_max": 0.261675,
        "nauc_mrr_at_100_std": -0.077717,
        "nauc_mrr_at_100_diff1": 0.611962,
        "nauc_mrr_at_1000_max": 0.26157,
        "nauc_mrr_at_1000_std": -0.07784,
        "nauc_mrr_at_1000_diff1": 0.611917,
        "cv_recall_at_1": 0.792,
        "cv_recall_at_3": 0.888,
        "cv_recall_at_5": 0.915,
        "cv_recall_at_10": 0.951,
        "cv_recall_at_20": 0.969,
        "cv_recall_at_100": 0.996,
        "cv_recall_at_1000": 1.0,
        "main_score": 0.75057,
        "hf_subset": "default",
        "languages": [
          "eng-Latn"
        ]
      }
    ]
  },
  "evaluation_time": 506.39679050445557,
  "kg_co2_emissions": null
}