{
  "dataset_revision": "f8c2fcf00f625baaa80f62ec5bd9e1fff3b8ae88",
  "task_name": "SCIDOCS",
  "mteb_version": "2.7.8",
  "scores": {
    "test": [
      {
        "ndcg_at_1": 0.216,
        "ndcg_at_3": 0.17454,
        "ndcg_at_5": 0.15269,
        "ndcg_at_10": 0.18349,
        "ndcg_at_20": 0.20977,
        "ndcg_at_100": 0.25288,
        "ndcg_at_1000": 0.30327,
        "map_at_1": 0.04378,
        "map_at_3": 0.07821,
        "map_at_5": 0.09356,
        "map_at_10": 0.10805,
        "map_at_20": 0.11745,
        "map_at_100": 0.12558,
        "map_at_1000": 0.12827,
        "recall_at_1": 0.04378,
        "recall_at_3": 0.09873,
        "recall_at_5": 0.13543,
        "recall_at_10": 0.19268,
        "recall_at_20": 0.25417,
        "recall_at_100": 0.39512,
        "recall_at_1000": 0.6414,
        "accuracy": 0.04378,
        "precision_at_1": 0.216,
        "precision_at_3": 0.16233,
        "precision_at_5": 0.1338,
        "precision_at_10": 0.0951,
        "precision_at_20": 0.0627,
        "precision_at_100": 0.01945,
        "precision_at_1000": 0.00316,
        "mrr_at_1": 0.216,
        "mrr_at_3": 0.285167,
        "mrr_at_5": 0.303917,
        "mrr_at_10": 0.317573,
        "mrr_at_20": 0.32417,
        "mrr_at_100": 0.328152,
        "mrr_at_1000": 0.328819,
        "nauc_ndcg_at_1_max": 0.212774,
        "nauc_ndcg_at_1_std": 0.076599,
        "nauc_ndcg_at_1_diff1": 0.244331,
        "nauc_ndcg_at_3_max": 0.235419,
        "nauc_ndcg_at_3_std": 0.075255,
        "nauc_ndcg_at_3_diff1": 0.210899,
        "nauc_ndcg_at_5_max": 0.234965,
        "nauc_ndcg_at_5_std": 0.093913,
        "nauc_ndcg_at_5_diff1": 0.204708,
        "nauc_ndcg_at_10_max": 0.251397,
        "nauc_ndcg_at_10_std": 0.123111,
        "nauc_ndcg_at_10_diff1": 0.197653,
        "nauc_ndcg_at_20_max": 0.258986,
        "nauc_ndcg_at_20_std": 0.163983,
        "nauc_ndcg_at_20_diff1": 0.184654,
        "nauc_ndcg_at_100_max": 0.269352,
        "nauc_ndcg_at_100_std": 0.215459,
        "nauc_ndcg_at_100_diff1": 0.189272,
        "nauc_ndcg_at_1000_max": 0.272687,
        "nauc_ndcg_at_1000_std": 0.23657,
        "nauc_ndcg_at_1000_diff1": 0.180765,
        "nauc_map_at_1_max": 0.212363,
        "nauc_map_at_1_std": 0.074887,
        "nauc_map_at_1_diff1": 0.245018,
        "nauc_map_at_3_max": 0.241604,
        "nauc_map_at_3_std": 0.061652,
        "nauc_map_at_3_diff1": 0.225615,
        "nauc_map_at_5_max": 0.24227,
        "nauc_map_at_5_std": 0.077715,
        "nauc_map_at_5_diff1": 0.220806,
        "nauc_map_at_10_max": 0.251988,
        "nauc_map_at_10_std": 0.101168,
        "nauc_map_at_10_diff1": 0.211968,
        "nauc_map_at_20_max": 0.257413,
        "nauc_map_at_20_std": 0.125291,
        "nauc_map_at_20_diff1": 0.203666,
        "nauc_map_at_100_max": 0.263018,
        "nauc_map_at_100_std": 0.145625,
        "nauc_map_at_100_diff1": 0.205007,
        "nauc_map_at_1000_max": 0.263521,
        "nauc_map_at_1000_std": 0.14873,
        "nauc_map_at_1000_diff1": 0.204347,
        "nauc_recall_at_1_max": 0.212363,
        "nauc_recall_at_1_std": 0.074887,
        "nauc_recall_at_1_diff1": 0.245018,
        "nauc_recall_at_3_max": 0.24133,
        "nauc_recall_at_3_std": 0.07388,
        "nauc_recall_at_3_diff1": 0.193339,
        "nauc_recall_at_5_max": 0.233067,
        "nauc_recall_at_5_std": 0.106278,
        "nauc_recall_at_5_diff1": 0.179656,
        "nauc_recall_at_10_max": 0.247841,
        "nauc_recall_at_10_std": 0.153002,
        "nauc_recall_at_10_diff1": 0.15685,
        "nauc_recall_at_20_max": 0.249903,
        "nauc_recall_at_20_std": 0.228445,
        "nauc_recall_at_20_diff1": 0.12305,
        "nauc_recall_at_100_max": 0.246398,
        "nauc_recall_at_100_std": 0.333611,
        "nauc_recall_at_100_diff1": 0.123662,
        "nauc_recall_at_1000_max": 0.21978,
        "nauc_recall_at_1000_std": 0.401544,
        "nauc_recall_at_1000_diff1": 0.054121,
        "nauc_precision_at_1_max": 0.212774,
        "nauc_precision_at_1_std": 0.076599,
        "nauc_precision_at_1_diff1": 0.244331,
        "nauc_precision_at_3_max": 0.240951,
        "nauc_precision_at_3_std": 0.07554,
        "nauc_precision_at_3_diff1": 0.19296,
        "nauc_precision_at_5_max": 0.233567,
        "nauc_precision_at_5_std": 0.108446,
        "nauc_precision_at_5_diff1": 0.179767,
        "nauc_precision_at_10_max": 0.24993,
        "nauc_precision_at_10_std": 0.154696,
        "nauc_precision_at_10_diff1": 0.158318,
        "nauc_precision_at_20_max": 0.253145,
        "nauc_precision_at_20_std": 0.231327,
        "nauc_precision_at_20_diff1": 0.125011,
        "nauc_precision_at_100_max": 0.248781,
        "nauc_precision_at_100_std": 0.333849,
        "nauc_precision_at_100_diff1": 0.12649,
        "nauc_precision_at_1000_max": 0.221348,
        "nauc_precision_at_1000_std": 0.393232,
        "nauc_precision_at_1000_diff1": 0.060886,
        "nauc_mrr_at_1_max": 0.212774,
        "nauc_mrr_at_1_std": 0.076599,
        "nauc_mrr_at_1_diff1": 0.244331,
        "nauc_mrr_at_3_max": 0.22091,
        "nauc_mrr_at_3_std": 0.088452,
        "nauc_mrr_at_3_diff1": 0.212687,
        "nauc_mrr_at_5_max": 0.217,
        "nauc_mrr_at_5_std": 0.093451,
        "nauc_mrr_at_5_diff1": 0.210536,
        "nauc_mrr_at_10_max": 0.221869,
        "nauc_mrr_at_10_std": 0.09888,
        "nauc_mrr_at_10_diff1": 0.209547,
        "nauc_mrr_at_20_max": 0.222202,
        "nauc_mrr_at_20_std": 0.10353,
        "nauc_mrr_at_20_diff1": 0.20922,
        "nauc_mrr_at_100_max": 0.221715,
        "nauc_mrr_at_100_std": 0.103236,
        "nauc_mrr_at_100_diff1": 0.209167,
        "nauc_mrr_at_1000_max": 0.221876,
        "nauc_mrr_at_1000_std": 0.102989,
        "nauc_mrr_at_1000_diff1": 0.209256,
        "cv_recall_at_1": 0.216,
        "cv_recall_at_3": 0.374,
        "cv_recall_at_5": 0.455,
        "cv_recall_at_10": 0.559,
        "cv_recall_at_20": 0.651,
        "cv_recall_at_100": 0.818,
        "cv_recall_at_1000": 0.965,
        "main_score": 0.18349,
        "hf_subset": "default",
        "languages": [
          "eng-Latn"
        ]
      }
    ]
  },
  "evaluation_time": 173.54095792770386,
  "kg_co2_emissions": null
}