{
  "dataset_revision": "431886eaecc48f067a3975b70d0949ea2862463c",
  "task_name": "Touche2020Retrieval.v3",
  "mteb_version": "2.7.8",
  "scores": {
    "test": [
      {
        "ndcg_at_1": 0.73469,
        "ndcg_at_3": 0.6721,
        "ndcg_at_5": 0.67541,
        "ndcg_at_10": 0.63534,
        "ndcg_at_20": 0.57211,
        "ndcg_at_100": 0.6242,
        "ndcg_at_1000": 0.72524,
        "map_at_1": 0.0276,
        "map_at_3": 0.07447,
        "map_at_5": 0.12116,
        "map_at_10": 0.21243,
        "map_at_20": 0.31193,
        "map_at_100": 0.41952,
        "map_at_1000": 0.44755,
        "recall_at_1": 0.0276,
        "recall_at_3": 0.0804,
        "recall_at_5": 0.135,
        "recall_at_10": 0.24597,
        "recall_at_20": 0.3875,
        "recall_at_100": 0.64779,
        "recall_at_1000": 0.89329,
        "accuracy": 0.0276,
        "precision_at_1": 0.83673,
        "precision_at_3": 0.77551,
        "precision_at_5": 0.77551,
        "precision_at_10": 0.70408,
        "precision_at_20": 0.56633,
        "precision_at_100": 0.20959,
        "precision_at_1000": 0.03098,
        "mrr_at_1": 0.836735,
        "mrr_at_3": 0.894558,
        "mrr_at_5": 0.903741,
        "mrr_at_10": 0.903741,
        "mrr_at_20": 0.903741,
        "mrr_at_100": 0.903741,
        "mrr_at_1000": 0.903741,
        "nauc_ndcg_at_1_max": 0.023026,
        "nauc_ndcg_at_1_std": 0.142648,
        "nauc_ndcg_at_1_diff1": 0.031098,
        "nauc_ndcg_at_3_max": 0.021,
        "nauc_ndcg_at_3_std": 0.172654,
        "nauc_ndcg_at_3_diff1": -0.025471,
        "nauc_ndcg_at_5_max": 0.057284,
        "nauc_ndcg_at_5_std": 0.185542,
        "nauc_ndcg_at_5_diff1": -0.044536,
        "nauc_ndcg_at_10_max": -0.031556,
        "nauc_ndcg_at_10_std": 0.174469,
        "nauc_ndcg_at_10_diff1": -0.010558,
        "nauc_ndcg_at_20_max": -0.0579,
        "nauc_ndcg_at_20_std": 0.183466,
        "nauc_ndcg_at_20_diff1": -0.04234,
        "nauc_ndcg_at_100_max": -0.187611,
        "nauc_ndcg_at_100_std": 0.202999,
        "nauc_ndcg_at_100_diff1": -0.119397,
        "nauc_ndcg_at_1000_max": 0.025017,
        "nauc_ndcg_at_1000_std": 0.429057,
        "nauc_ndcg_at_1000_diff1": -0.099714,
        "nauc_map_at_1_max": -0.234683,
        "nauc_map_at_1_std": -0.087423,
        "nauc_map_at_1_diff1": -0.037764,
        "nauc_map_at_3_max": -0.252878,
        "nauc_map_at_3_std": -0.09902,
        "nauc_map_at_3_diff1": -0.091449,
        "nauc_map_at_5_max": -0.228505,
        "nauc_map_at_5_std": -0.084753,
        "nauc_map_at_5_diff1": -0.07524,
        "nauc_map_at_10_max": -0.209385,
        "nauc_map_at_10_std": -0.078789,
        "nauc_map_at_10_diff1": -0.056864,
        "nauc_map_at_20_max": -0.185635,
        "nauc_map_at_20_std": -0.005751,
        "nauc_map_at_20_diff1": -0.084389,
        "nauc_map_at_100_max": -0.161299,
        "nauc_map_at_100_std": 0.104422,
        "nauc_map_at_100_diff1": -0.107457,
        "nauc_map_at_1000_max": -0.116596,
        "nauc_map_at_1000_std": 0.165706,
        "nauc_map_at_1000_diff1": -0.116104,
        "nauc_recall_at_1_max": -0.234683,
        "nauc_recall_at_1_std": -0.087423,
        "nauc_recall_at_1_diff1": -0.037764,
        "nauc_recall_at_3_max": -0.313176,
        "nauc_recall_at_3_std": -0.179589,
        "nauc_recall_at_3_diff1": -0.101248,
        "nauc_recall_at_5_max": -0.324534,
        "nauc_recall_at_5_std": -0.177166,
        "nauc_recall_at_5_diff1": -0.037347,
        "nauc_recall_at_10_max": -0.31159,
        "nauc_recall_at_10_std": -0.167069,
        "nauc_recall_at_10_diff1": 0.001156,
        "nauc_recall_at_20_max": -0.297553,
        "nauc_recall_at_20_std": -0.074641,
        "nauc_recall_at_20_diff1": -0.035559,
        "nauc_recall_at_100_max": -0.282506,
        "nauc_recall_at_100_std": 0.123771,
        "nauc_recall_at_100_diff1": -0.077991,
        "nauc_recall_at_1000_max": 0.099675,
        "nauc_recall_at_1000_std": 0.618479,
        "nauc_recall_at_1000_diff1": 0.04426,
        "nauc_precision_at_1_max": -0.071637,
        "nauc_precision_at_1_std": 0.002814,
        "nauc_precision_at_1_diff1": 0.009197,
        "nauc_precision_at_3_max": -0.07836,
        "nauc_precision_at_3_std": 0.02757,
        "nauc_precision_at_3_diff1": -0.116073,
        "nauc_precision_at_5_max": -0.002333,
        "nauc_precision_at_5_std": 0.112536,
        "nauc_precision_at_5_diff1": -0.081643,
        "nauc_precision_at_10_max": -0.006676,
        "nauc_precision_at_10_std": 0.155767,
        "nauc_precision_at_10_diff1": -0.033283,
        "nauc_precision_at_20_max": 0.036404,
        "nauc_precision_at_20_std": 0.334445,
        "nauc_precision_at_20_diff1": -0.08651,
        "nauc_precision_at_100_max": 0.407643,
        "nauc_precision_at_100_std": 0.511581,
        "nauc_precision_at_100_diff1": -0.135875,
        "nauc_precision_at_1000_max": 0.574134,
        "nauc_precision_at_1000_std": 0.40727,
        "nauc_precision_at_1000_diff1": -0.01654,
        "nauc_mrr_at_1_max": -0.071637,
        "nauc_mrr_at_1_std": 0.002814,
        "nauc_mrr_at_1_diff1": 0.009197,
        "nauc_mrr_at_3_max": 0.007113,
        "nauc_mrr_at_3_std": -0.048384,
        "nauc_mrr_at_3_diff1": -0.043355,
        "nauc_mrr_at_5_max": -0.04565,
        "nauc_mrr_at_5_std": -0.058653,
        "nauc_mrr_at_5_diff1": 0.008082,
        "nauc_mrr_at_10_max": -0.04565,
        "nauc_mrr_at_10_std": -0.058653,
        "nauc_mrr_at_10_diff1": 0.008082,
        "nauc_mrr_at_20_max": -0.04565,
        "nauc_mrr_at_20_std": -0.058653,
        "nauc_mrr_at_20_diff1": 0.008082,
        "nauc_mrr_at_100_max": -0.04565,
        "nauc_mrr_at_100_std": -0.058653,
        "nauc_mrr_at_100_diff1": 0.008082,
        "nauc_mrr_at_1000_max": -0.04565,
        "nauc_mrr_at_1000_std": -0.058653,
        "nauc_mrr_at_1000_diff1": 0.008082,
        "cv_recall_at_1": 0.83673,
        "cv_recall_at_3": 0.95918,
        "cv_recall_at_5": 1.0,
        "cv_recall_at_10": 1.0,
        "cv_recall_at_20": 1.0,
        "cv_recall_at_100": 1.0,
        "cv_recall_at_1000": 1.0,
        "main_score": 0.63534,
        "hf_subset": "default",
        "languages": [
          "eng-Latn"
        ]
      }
    ]
  },
  "evaluation_time": 3558.3128139972687,
  "kg_co2_emissions": null
}