{
  "dataset_revision": "bb9466bac8153a0349341eb1b22e06409e78ef4e",
  "task_name": "TRECCOVID",
  "mteb_version": "2.7.8",
  "scores": {
    "test": [
      {
        "ndcg_at_1": 0.84,
        "ndcg_at_3": 0.84246,
        "ndcg_at_5": 0.8244,
        "ndcg_at_10": 0.79818,
        "ndcg_at_20": 0.76431,
        "ndcg_at_100": 0.61185,
        "ndcg_at_1000": 0.53212,
        "map_at_1": 0.00232,
        "map_at_3": 0.00687,
        "map_at_5": 0.01109,
        "map_at_10": 0.02088,
        "map_at_20": 0.03716,
        "map_at_100": 0.11995,
        "map_at_1000": 0.28285,
        "recall_at_1": 0.00232,
        "recall_at_3": 0.00714,
        "recall_at_5": 0.01167,
        "recall_at_10": 0.02251,
        "recall_at_20": 0.04127,
        "recall_at_100": 0.14816,
        "recall_at_1000": 0.49675,
        "accuracy": 0.00232,
        "precision_at_1": 0.88,
        "precision_at_3": 0.88667,
        "precision_at_5": 0.864,
        "precision_at_10": 0.848,
        "precision_at_20": 0.811,
        "precision_at_100": 0.6296,
        "precision_at_1000": 0.23646,
        "mrr_at_1": 0.88,
        "mrr_at_3": 0.93,
        "mrr_at_5": 0.934,
        "mrr_at_10": 0.934,
        "mrr_at_20": 0.934,
        "mrr_at_100": 0.934,
        "mrr_at_1000": 0.934,
        "nauc_ndcg_at_1_max": 0.572564,
        "nauc_ndcg_at_1_std": 0.579161,
        "nauc_ndcg_at_1_diff1": 0.264451,
        "nauc_ndcg_at_3_max": 0.442429,
        "nauc_ndcg_at_3_std": 0.586359,
        "nauc_ndcg_at_3_diff1": -0.097761,
        "nauc_ndcg_at_5_max": 0.41097,
        "nauc_ndcg_at_5_std": 0.597268,
        "nauc_ndcg_at_5_diff1": -0.227453,
        "nauc_ndcg_at_10_max": 0.46236,
        "nauc_ndcg_at_10_std": 0.669317,
        "nauc_ndcg_at_10_diff1": -0.299346,
        "nauc_ndcg_at_20_max": 0.48936,
        "nauc_ndcg_at_20_std": 0.72389,
        "nauc_ndcg_at_20_diff1": -0.268015,
        "nauc_ndcg_at_100_max": 0.439764,
        "nauc_ndcg_at_100_std": 0.771009,
        "nauc_ndcg_at_100_diff1": -0.309065,
        "nauc_ndcg_at_1000_max": 0.360021,
        "nauc_ndcg_at_1000_std": 0.768227,
        "nauc_ndcg_at_1000_diff1": -0.30298,
        "nauc_map_at_1_max": -0.011518,
        "nauc_map_at_1_std": 0.018338,
        "nauc_map_at_1_diff1": 0.23414,
        "nauc_map_at_3_max": -0.022116,
        "nauc_map_at_3_std": 0.03536,
        "nauc_map_at_3_diff1": 0.105123,
        "nauc_map_at_5_max": -0.005242,
        "nauc_map_at_5_std": 0.051294,
        "nauc_map_at_5_diff1": 0.015038,
        "nauc_map_at_10_max": -0.001844,
        "nauc_map_at_10_std": 0.087232,
        "nauc_map_at_10_diff1": -0.032818,
        "nauc_map_at_20_max": 0.063716,
        "nauc_map_at_20_std": 0.192816,
        "nauc_map_at_20_diff1": -0.025858,
        "nauc_map_at_100_max": 0.211523,
        "nauc_map_at_100_std": 0.567599,
        "nauc_map_at_100_diff1": -0.162501,
        "nauc_map_at_1000_max": 0.394305,
        "nauc_map_at_1000_std": 0.800822,
        "nauc_map_at_1000_diff1": -0.342374,
        "nauc_recall_at_1_max": -0.011518,
        "nauc_recall_at_1_std": 0.018338,
        "nauc_recall_at_1_diff1": 0.23414,
        "nauc_recall_at_3_max": -0.065424,
        "nauc_recall_at_3_std": -0.021083,
        "nauc_recall_at_3_diff1": 0.08772,
        "nauc_recall_at_5_max": -0.056258,
        "nauc_recall_at_5_std": -0.018787,
        "nauc_recall_at_5_diff1": 0.017987,
        "nauc_recall_at_10_max": -0.064699,
        "nauc_recall_at_10_std": -0.005162,
        "nauc_recall_at_10_diff1": 0.010752,
        "nauc_recall_at_20_max": -0.026082,
        "nauc_recall_at_20_std": 0.070979,
        "nauc_recall_at_20_diff1": 0.044044,
        "nauc_recall_at_100_max": 0.080529,
        "nauc_recall_at_100_std": 0.412794,
        "nauc_recall_at_100_diff1": -0.071466,
        "nauc_recall_at_1000_max": 0.260841,
        "nauc_recall_at_1000_std": 0.673749,
        "nauc_recall_at_1000_diff1": -0.293589,
        "nauc_precision_at_1_max": 0.755886,
        "nauc_precision_at_1_std": 0.702195,
        "nauc_precision_at_1_diff1": 0.393255,
        "nauc_precision_at_3_max": 0.679751,
        "nauc_precision_at_3_std": 0.764571,
        "nauc_precision_at_3_diff1": -0.283477,
        "nauc_precision_at_5_max": 0.578791,
        "nauc_precision_at_5_std": 0.677036,
        "nauc_precision_at_5_diff1": -0.437418,
        "nauc_precision_at_10_max": 0.547957,
        "nauc_precision_at_10_std": 0.668912,
        "nauc_precision_at_10_diff1": -0.430047,
        "nauc_precision_at_20_max": 0.553565,
        "nauc_precision_at_20_std": 0.70917,
        "nauc_precision_at_20_diff1": -0.352753,
        "nauc_precision_at_100_max": 0.448789,
        "nauc_precision_at_100_std": 0.755937,
        "nauc_precision_at_100_diff1": -0.349725,
        "nauc_precision_at_1000_max": 0.424908,
        "nauc_precision_at_1000_std": 0.540409,
        "nauc_precision_at_1000_diff1": -0.303869,
        "nauc_mrr_at_1_max": 0.755886,
        "nauc_mrr_at_1_std": 0.702195,
        "nauc_mrr_at_1_diff1": 0.393255,
        "nauc_mrr_at_3_max": 0.791423,
        "nauc_mrr_at_3_std": 0.726519,
        "nauc_mrr_at_3_diff1": 0.441144,
        "nauc_mrr_at_5_max": 0.778527,
        "nauc_mrr_at_5_std": 0.717692,
        "nauc_mrr_at_5_diff1": 0.423765,
        "nauc_mrr_at_10_max": 0.778527,
        "nauc_mrr_at_10_std": 0.717692,
        "nauc_mrr_at_10_diff1": 0.423765,
        "nauc_mrr_at_20_max": 0.778527,
        "nauc_mrr_at_20_std": 0.717692,
        "nauc_mrr_at_20_diff1": 0.423765,
        "nauc_mrr_at_100_max": 0.778527,
        "nauc_mrr_at_100_std": 0.717692,
        "nauc_mrr_at_100_diff1": 0.423765,
        "nauc_mrr_at_1000_max": 0.778527,
        "nauc_mrr_at_1000_std": 0.717692,
        "nauc_mrr_at_1000_diff1": 0.423765,
        "cv_recall_at_1": 0.88,
        "cv_recall_at_3": 0.98,
        "cv_recall_at_5": 1.0,
        "cv_recall_at_10": 1.0,
        "cv_recall_at_20": 1.0,
        "cv_recall_at_100": 1.0,
        "cv_recall_at_1000": 1.0,
        "main_score": 0.79818,
        "hf_subset": "default",
        "languages": [
          "eng-Latn"
        ]
      }
    ]
  },
  "evaluation_time": 1081.241745710373,
  "kg_co2_emissions": null
}