{
  "dataset_revision": "c5691e3c48741d5f83b5cc8e630653d7a8cfc048",
  "task_name": "AskUbuntuDupQuestions",
  "mteb_version": "2.7.8",
  "scores": {
    "test": [
      {
        "ndcg_at_1": 0.64543,
        "ndcg_at_3": 0.59491,
        "ndcg_at_5": 0.59557,
        "ndcg_at_10": 0.65143,
        "ndcg_at_20": 0.75862,
        "ndcg_at_100": 0.75862,
        "ndcg_at_1000": 0.75862,
        "map_at_1": 0.16857,
        "map_at_3": 0.30681,
        "map_at_5": 0.38374,
        "map_at_10": 0.49253,
        "map_at_20": 0.59779,
        "map_at_100": 0.59779,
        "map_at_1000": 0.59779,
        "recall_at_1": 0.16857,
        "recall_at_3": 0.35799,
        "recall_at_5": 0.48388,
        "recall_at_10": 0.72499,
        "recall_at_20": 1.0,
        "recall_at_100": 1.0,
        "recall_at_1000": 1.0,
        "accuracy": 0.16857,
        "precision_at_1": 0.64543,
        "precision_at_3": 0.52078,
        "precision_at_5": 0.45651,
        "precision_at_10": 0.36537,
        "precision_at_20": 0.27355,
        "precision_at_100": 0.05471,
        "precision_at_1000": 0.00547,
        "mrr_at_1": 0.645429,
        "mrr_at_3": 0.729455,
        "mrr_at_5": 0.743167,
        "mrr_at_10": 0.75325,
        "mrr_at_20": 0.755204,
        "mrr_at_100": 0.755204,
        "mrr_at_1000": 0.755204,
        "nauc_ndcg_at_1_max": 0.333076,
        "nauc_ndcg_at_1_std": 0.294042,
        "nauc_ndcg_at_1_diff1": 0.273161,
        "nauc_ndcg_at_3_max": 0.279102,
        "nauc_ndcg_at_3_std": 0.20844,
        "nauc_ndcg_at_3_diff1": 0.138961,
        "nauc_ndcg_at_5_max": 0.240683,
        "nauc_ndcg_at_5_std": 0.205629,
        "nauc_ndcg_at_5_diff1": 0.155125,
        "nauc_ndcg_at_10_max": 0.242374,
        "nauc_ndcg_at_10_std": 0.240814,
        "nauc_ndcg_at_10_diff1": 0.180736,
        "nauc_ndcg_at_20_max": 0.296075,
        "nauc_ndcg_at_20_std": 0.240853,
        "nauc_ndcg_at_20_diff1": 0.19857,
        "nauc_ndcg_at_100_max": 0.296075,
        "nauc_ndcg_at_100_std": 0.240853,
        "nauc_ndcg_at_100_diff1": 0.19857,
        "nauc_ndcg_at_1000_max": 0.296075,
        "nauc_ndcg_at_1000_std": 0.240853,
        "nauc_ndcg_at_1000_diff1": 0.19857,
        "nauc_map_at_1_max": 0.07951,
        "nauc_map_at_1_std": 0.068246,
        "nauc_map_at_1_diff1": 0.272126,
        "nauc_map_at_3_max": 0.108208,
        "nauc_map_at_3_std": 0.096319,
        "nauc_map_at_3_diff1": 0.183705,
        "nauc_map_at_5_max": 0.123921,
        "nauc_map_at_5_std": 0.129191,
        "nauc_map_at_5_diff1": 0.186825,
        "nauc_map_at_10_max": 0.179783,
        "nauc_map_at_10_std": 0.189656,
        "nauc_map_at_10_diff1": 0.178387,
        "nauc_map_at_20_max": 0.250262,
        "nauc_map_at_20_std": 0.21387,
        "nauc_map_at_20_diff1": 0.159736,
        "nauc_map_at_100_max": 0.250262,
        "nauc_map_at_100_std": 0.21387,
        "nauc_map_at_100_diff1": 0.159736,
        "nauc_map_at_1000_max": 0.250262,
        "nauc_map_at_1000_std": 0.21387,
        "nauc_map_at_1000_diff1": 0.159736,
        "nauc_recall_at_1_max": 0.07951,
        "nauc_recall_at_1_std": 0.068246,
        "nauc_recall_at_1_diff1": 0.272126,
        "nauc_recall_at_3_max": 0.06812,
        "nauc_recall_at_3_std": 0.050029,
        "nauc_recall_at_3_diff1": 0.145718,
        "nauc_recall_at_5_max": 0.049111,
        "nauc_recall_at_5_std": 0.084769,
        "nauc_recall_at_5_diff1": 0.122933,
        "nauc_recall_at_10_max": 0.059508,
        "nauc_recall_at_10_std": 0.154938,
        "nauc_recall_at_10_diff1": 0.113478,
        "nauc_recall_at_20_max": NaN,
        "nauc_recall_at_20_std": NaN,
        "nauc_recall_at_20_diff1": NaN,
        "nauc_recall_at_100_max": NaN,
        "nauc_recall_at_100_std": NaN,
        "nauc_recall_at_100_diff1": NaN,
        "nauc_recall_at_1000_max": NaN,
        "nauc_recall_at_1000_std": NaN,
        "nauc_recall_at_1000_diff1": NaN,
        "nauc_precision_at_1_max": 0.333076,
        "nauc_precision_at_1_std": 0.294042,
        "nauc_precision_at_1_diff1": 0.273161,
        "nauc_precision_at_3_max": 0.275343,
        "nauc_precision_at_3_std": 0.216704,
        "nauc_precision_at_3_diff1": 0.050146,
        "nauc_precision_at_5_max": 0.242226,
        "nauc_precision_at_5_std": 0.20287,
        "nauc_precision_at_5_diff1": 0.03568,
        "nauc_precision_at_10_max": 0.232321,
        "nauc_precision_at_10_std": 0.179466,
        "nauc_precision_at_10_diff1": -0.005367,
        "nauc_precision_at_20_max": 0.212693,
        "nauc_precision_at_20_std": 0.127879,
        "nauc_precision_at_20_diff1": -0.036142,
        "nauc_precision_at_100_max": 0.212693,
        "nauc_precision_at_100_std": 0.127879,
        "nauc_precision_at_100_diff1": -0.036142,
        "nauc_precision_at_1000_max": 0.212693,
        "nauc_precision_at_1000_std": 0.127879,
        "nauc_precision_at_1000_diff1": -0.036142,
        "nauc_mrr_at_1_max": 0.333076,
        "nauc_mrr_at_1_std": 0.294042,
        "nauc_mrr_at_1_diff1": 0.273161,
        "nauc_mrr_at_3_max": 0.353352,
        "nauc_mrr_at_3_std": 0.285997,
        "nauc_mrr_at_3_diff1": 0.302093,
        "nauc_mrr_at_5_max": 0.341269,
        "nauc_mrr_at_5_std": 0.287517,
        "nauc_mrr_at_5_diff1": 0.284616,
        "nauc_mrr_at_10_max": 0.346647,
        "nauc_mrr_at_10_std": 0.291189,
        "nauc_mrr_at_10_diff1": 0.287038,
        "nauc_mrr_at_20_max": 0.343863,
        "nauc_mrr_at_20_std": 0.289443,
        "nauc_mrr_at_20_diff1": 0.285462,
        "nauc_mrr_at_100_max": 0.343863,
        "nauc_mrr_at_100_std": 0.289443,
        "nauc_mrr_at_100_diff1": 0.285462,
        "nauc_mrr_at_1000_max": 0.343863,
        "nauc_mrr_at_1000_std": 0.289443,
        "nauc_mrr_at_1000_diff1": 0.285462,
        "cv_recall_at_1": 0.64543,
        "cv_recall_at_3": 0.8338,
        "cv_recall_at_5": 0.89474,
        "cv_recall_at_10": 0.96953,
        "cv_recall_at_20": 1.0,
        "cv_recall_at_100": 1.0,
        "cv_recall_at_1000": 1.0,
        "main_score": 0.59779,
        "hf_subset": "default",
        "languages": [
          "eng-Latn"
        ]
      }
    ]
  },
  "evaluation_time": 10.915260791778564,
  "kg_co2_emissions": null
}