{
  "dataset_revision": "4885aa143210c98657558c04aaf3dc47cfb54340",
  "task_name": "CQADupstackGamingRetrieval",
  "mteb_version": "2.7.8",
  "scores": {
    "test": [
      {
        "ndcg_at_1": 0.45204,
        "ndcg_at_3": 0.50913,
        "ndcg_at_5": 0.53653,
        "ndcg_at_10": 0.56219,
        "ndcg_at_20": 0.58224,
        "ndcg_at_100": 0.60301,
        "ndcg_at_1000": 0.61546,
        "map_at_1": 0.39856,
        "map_at_3": 0.47528,
        "map_at_5": 0.49385,
        "map_at_10": 0.50702,
        "map_at_20": 0.5139,
        "map_at_100": 0.51745,
        "map_at_1000": 0.51805,
        "recall_at_1": 0.39856,
        "recall_at_3": 0.54725,
        "recall_at_5": 0.61433,
        "recall_at_10": 0.68843,
        "recall_at_20": 0.76238,
        "recall_at_100": 0.86484,
        "recall_at_1000": 0.95405,
        "accuracy": 0.39856,
        "precision_at_1": 0.45204,
        "precision_at_3": 0.22403,
        "precision_at_5": 0.15436,
        "precision_at_10": 0.08928,
        "precision_at_20": 0.05063,
        "precision_at_100": 0.01183,
        "precision_at_1000": 0.00134,
        "mrr_at_1": 0.452038,
        "mrr_at_3": 0.519436,
        "mrr_at_5": 0.53489,
        "mrr_at_10": 0.544005,
        "mrr_at_20": 0.548486,
        "mrr_at_100": 0.550607,
        "mrr_at_1000": 0.550922,
        "nauc_ndcg_at_1_max": 0.449131,
        "nauc_ndcg_at_1_std": -0.084074,
        "nauc_ndcg_at_1_diff1": 0.612349,
        "nauc_ndcg_at_3_max": 0.454201,
        "nauc_ndcg_at_3_std": -0.056033,
        "nauc_ndcg_at_3_diff1": 0.555516,
        "nauc_ndcg_at_5_max": 0.462525,
        "nauc_ndcg_at_5_std": -0.043609,
        "nauc_ndcg_at_5_diff1": 0.561016,
        "nauc_ndcg_at_10_max": 0.457888,
        "nauc_ndcg_at_10_std": -0.039942,
        "nauc_ndcg_at_10_diff1": 0.555103,
        "nauc_ndcg_at_20_max": 0.457815,
        "nauc_ndcg_at_20_std": -0.031111,
        "nauc_ndcg_at_20_diff1": 0.557614,
        "nauc_ndcg_at_100_max": 0.46589,
        "nauc_ndcg_at_100_std": -0.015421,
        "nauc_ndcg_at_100_diff1": 0.558669,
        "nauc_ndcg_at_1000_max": 0.462236,
        "nauc_ndcg_at_1000_std": -0.019788,
        "nauc_ndcg_at_1000_diff1": 0.560144,
        "nauc_map_at_1_max": 0.369445,
        "nauc_map_at_1_std": -0.122923,
        "nauc_map_at_1_diff1": 0.595598,
        "nauc_map_at_3_max": 0.431933,
        "nauc_map_at_3_std": -0.079499,
        "nauc_map_at_3_diff1": 0.565599,
        "nauc_map_at_5_max": 0.440598,
        "nauc_map_at_5_std": -0.068838,
        "nauc_map_at_5_diff1": 0.567908,
        "nauc_map_at_10_max": 0.440294,
        "nauc_map_at_10_std": -0.065626,
        "nauc_map_at_10_diff1": 0.564911,
        "nauc_map_at_20_max": 0.442562,
        "nauc_map_at_20_std": -0.060334,
        "nauc_map_at_20_diff1": 0.565642,
        "nauc_map_at_100_max": 0.444717,
        "nauc_map_at_100_std": -0.056438,
        "nauc_map_at_100_diff1": 0.565356,
        "nauc_map_at_1000_max": 0.444615,
        "nauc_map_at_1000_std": -0.056351,
        "nauc_map_at_1000_diff1": 0.565454,
        "nauc_recall_at_1_max": 0.369445,
        "nauc_recall_at_1_std": -0.122923,
        "nauc_recall_at_1_diff1": 0.595598,
        "nauc_recall_at_3_max": 0.447094,
        "nauc_recall_at_3_std": -0.05207,
        "nauc_recall_at_3_diff1": 0.515605,
        "nauc_recall_at_5_max": 0.468049,
        "nauc_recall_at_5_std": -0.011721,
        "nauc_recall_at_5_diff1": 0.518478,
        "nauc_recall_at_10_max": 0.451277,
        "nauc_recall_at_10_std": 0.004999,
        "nauc_recall_at_10_diff1": 0.491423,
        "nauc_recall_at_20_max": 0.444994,
        "nauc_recall_at_20_std": 0.051913,
        "nauc_recall_at_20_diff1": 0.483747,
        "nauc_recall_at_100_max": 0.514997,
        "nauc_recall_at_100_std": 0.23914,
        "nauc_recall_at_100_diff1": 0.463591,
        "nauc_recall_at_1000_max": 0.461792,
        "nauc_recall_at_1000_std": 0.408602,
        "nauc_recall_at_1000_diff1": 0.37673,
        "nauc_precision_at_1_max": 0.449131,
        "nauc_precision_at_1_std": -0.084074,
        "nauc_precision_at_1_diff1": 0.612349,
        "nauc_precision_at_3_max": 0.478257,
        "nauc_precision_at_3_std": 0.061066,
        "nauc_precision_at_3_diff1": 0.383453,
        "nauc_precision_at_5_max": 0.452432,
        "nauc_precision_at_5_std": 0.116644,
        "nauc_precision_at_5_diff1": 0.320208,
        "nauc_precision_at_10_max": 0.374227,
        "nauc_precision_at_10_std": 0.164406,
        "nauc_precision_at_10_diff1": 0.196057,
        "nauc_precision_at_20_max": 0.319654,
        "nauc_precision_at_20_std": 0.231143,
        "nauc_precision_at_20_diff1": 0.112003,
        "nauc_precision_at_100_max": 0.252866,
        "nauc_precision_at_100_std": 0.311988,
        "nauc_precision_at_100_diff1": -0.007286,
        "nauc_precision_at_1000_max": 0.130617,
        "nauc_precision_at_1000_std": 0.305989,
        "nauc_precision_at_1000_diff1": -0.091802,
        "nauc_mrr_at_1_max": 0.449131,
        "nauc_mrr_at_1_std": -0.084074,
        "nauc_mrr_at_1_diff1": 0.612349,
        "nauc_mrr_at_3_max": 0.472022,
        "nauc_mrr_at_3_std": -0.048742,
        "nauc_mrr_at_3_diff1": 0.577149,
        "nauc_mrr_at_5_max": 0.474483,
        "nauc_mrr_at_5_std": -0.041295,
        "nauc_mrr_at_5_diff1": 0.58041,
        "nauc_mrr_at_10_max": 0.472204,
        "nauc_mrr_at_10_std": -0.040504,
        "nauc_mrr_at_10_diff1": 0.578077,
        "nauc_mrr_at_20_max": 0.471141,
        "nauc_mrr_at_20_std": -0.039645,
        "nauc_mrr_at_20_diff1": 0.578562,
        "nauc_mrr_at_100_max": 0.471818,
        "nauc_mrr_at_100_std": -0.038549,
        "nauc_mrr_at_100_diff1": 0.578914,
        "nauc_mrr_at_1000_max": 0.471742,
        "nauc_mrr_at_1000_std": -0.038749,
        "nauc_mrr_at_1000_diff1": 0.578983,
        "cv_recall_at_1": 0.45204,
        "cv_recall_at_3": 0.60439,
        "cv_recall_at_5": 0.67147,
        "cv_recall_at_10": 0.73981,
        "cv_recall_at_20": 0.80564,
        "cv_recall_at_100": 0.89404,
        "cv_recall_at_1000": 0.96552,
        "main_score": 0.56219,
        "hf_subset": "default",
        "languages": [
          "eng-Latn"
        ]
      }
    ]
  },
  "evaluation_time": 200.32717370986938,
  "kg_co2_emissions": null
}