{
  "dataset_revision": "6c6430d3a6d36f8d2a829195bc5dc94d7e063e53",
  "task_name": "CQADupstackUnixRetrieval",
  "mteb_version": "2.7.8",
  "scores": {
    "test": [
      {
        "ndcg_at_1": 0.27612,
        "ndcg_at_3": 0.30713,
        "ndcg_at_5": 0.32344,
        "ndcg_at_10": 0.34464,
        "ndcg_at_20": 0.36468,
        "ndcg_at_100": 0.39734,
        "ndcg_at_1000": 0.42446,
        "map_at_1": 0.23443,
        "map_at_3": 0.28139,
        "map_at_5": 0.2925,
        "map_at_10": 0.30197,
        "map_at_20": 0.30777,
        "map_at_100": 0.31284,
        "map_at_1000": 0.31396,
        "recall_at_1": 0.23443,
        "recall_at_3": 0.33064,
        "recall_at_5": 0.37357,
        "recall_at_10": 0.43618,
        "recall_at_20": 0.50933,
        "recall_at_100": 0.66844,
        "recall_at_1000": 0.86296,
        "accuracy": 0.23443,
        "precision_at_1": 0.27612,
        "precision_at_3": 0.13806,
        "precision_at_5": 0.09496,
        "precision_at_10": 0.05662,
        "precision_at_20": 0.03377,
        "precision_at_100": 0.00926,
        "precision_at_1000": 0.00127,
        "mrr_at_1": 0.276119,
        "mrr_at_3": 0.322917,
        "mrr_at_5": 0.333085,
        "mrr_at_10": 0.341725,
        "mrr_at_20": 0.347102,
        "mrr_at_100": 0.351081,
        "mrr_at_1000": 0.351813,
        "nauc_ndcg_at_1_max": 0.507219,
        "nauc_ndcg_at_1_std": 0.029965,
        "nauc_ndcg_at_1_diff1": 0.578279,
        "nauc_ndcg_at_3_max": 0.484897,
        "nauc_ndcg_at_3_std": 0.04272,
        "nauc_ndcg_at_3_diff1": 0.54223,
        "nauc_ndcg_at_5_max": 0.465991,
        "nauc_ndcg_at_5_std": 0.033313,
        "nauc_ndcg_at_5_diff1": 0.526821,
        "nauc_ndcg_at_10_max": 0.458168,
        "nauc_ndcg_at_10_std": 0.038367,
        "nauc_ndcg_at_10_diff1": 0.515652,
        "nauc_ndcg_at_20_max": 0.457723,
        "nauc_ndcg_at_20_std": 0.035492,
        "nauc_ndcg_at_20_diff1": 0.503533,
        "nauc_ndcg_at_100_max": 0.461775,
        "nauc_ndcg_at_100_std": 0.045235,
        "nauc_ndcg_at_100_diff1": 0.499289,
        "nauc_ndcg_at_1000_max": 0.47063,
        "nauc_ndcg_at_1000_std": 0.058114,
        "nauc_ndcg_at_1000_diff1": 0.50392,
        "nauc_map_at_1_max": 0.497326,
        "nauc_map_at_1_std": 0.017077,
        "nauc_map_at_1_diff1": 0.589168,
        "nauc_map_at_3_max": 0.48704,
        "nauc_map_at_3_std": 0.035972,
        "nauc_map_at_3_diff1": 0.555713,
        "nauc_map_at_5_max": 0.478221,
        "nauc_map_at_5_std": 0.032536,
        "nauc_map_at_5_diff1": 0.544692,
        "nauc_map_at_10_max": 0.475127,
        "nauc_map_at_10_std": 0.035215,
        "nauc_map_at_10_diff1": 0.539504,
        "nauc_map_at_20_max": 0.475089,
        "nauc_map_at_20_std": 0.03432,
        "nauc_map_at_20_diff1": 0.53612,
        "nauc_map_at_100_max": 0.475799,
        "nauc_map_at_100_std": 0.035873,
        "nauc_map_at_100_diff1": 0.535581,
        "nauc_map_at_1000_max": 0.476196,
        "nauc_map_at_1000_std": 0.036464,
        "nauc_map_at_1000_diff1": 0.535706,
        "nauc_recall_at_1_max": 0.497326,
        "nauc_recall_at_1_std": 0.017077,
        "nauc_recall_at_1_diff1": 0.589168,
        "nauc_recall_at_3_max": 0.451947,
        "nauc_recall_at_3_std": 0.04689,
        "nauc_recall_at_3_diff1": 0.514575,
        "nauc_recall_at_5_max": 0.410356,
        "nauc_recall_at_5_std": 0.029044,
        "nauc_recall_at_5_diff1": 0.4732,
        "nauc_recall_at_10_max": 0.378239,
        "nauc_recall_at_10_std": 0.039123,
        "nauc_recall_at_10_diff1": 0.433052,
        "nauc_recall_at_20_max": 0.366797,
        "nauc_recall_at_20_std": 0.026609,
        "nauc_recall_at_20_diff1": 0.379436,
        "nauc_recall_at_100_max": 0.363203,
        "nauc_recall_at_100_std": 0.08007,
        "nauc_recall_at_100_diff1": 0.323467,
        "nauc_recall_at_1000_max": 0.424106,
        "nauc_recall_at_1000_std": 0.322329,
        "nauc_recall_at_1000_diff1": 0.266179,
        "nauc_precision_at_1_max": 0.507219,
        "nauc_precision_at_1_std": 0.029965,
        "nauc_precision_at_1_diff1": 0.578279,
        "nauc_precision_at_3_max": 0.455481,
        "nauc_precision_at_3_std": 0.069643,
        "nauc_precision_at_3_diff1": 0.448689,
        "nauc_precision_at_5_max": 0.401205,
        "nauc_precision_at_5_std": 0.052161,
        "nauc_precision_at_5_diff1": 0.388744,
        "nauc_precision_at_10_max": 0.343173,
        "nauc_precision_at_10_std": 0.062124,
        "nauc_precision_at_10_diff1": 0.315731,
        "nauc_precision_at_20_max": 0.307329,
        "nauc_precision_at_20_std": 0.051429,
        "nauc_precision_at_20_diff1": 0.240909,
        "nauc_precision_at_100_max": 0.223675,
        "nauc_precision_at_100_std": 0.086858,
        "nauc_precision_at_100_diff1": 0.102208,
        "nauc_precision_at_1000_max": 0.096905,
        "nauc_precision_at_1000_std": 0.094069,
        "nauc_precision_at_1000_diff1": -0.049833,
        "nauc_mrr_at_1_max": 0.507219,
        "nauc_mrr_at_1_std": 0.029965,
        "nauc_mrr_at_1_diff1": 0.578279,
        "nauc_mrr_at_3_max": 0.493085,
        "nauc_mrr_at_3_std": 0.041764,
        "nauc_mrr_at_3_diff1": 0.544123,
        "nauc_mrr_at_5_max": 0.482835,
        "nauc_mrr_at_5_std": 0.036869,
        "nauc_mrr_at_5_diff1": 0.534675,
        "nauc_mrr_at_10_max": 0.47892,
        "nauc_mrr_at_10_std": 0.03796,
        "nauc_mrr_at_10_diff1": 0.530653,
        "nauc_mrr_at_20_max": 0.479774,
        "nauc_mrr_at_20_std": 0.037754,
        "nauc_mrr_at_20_diff1": 0.528029,
        "nauc_mrr_at_100_max": 0.480057,
        "nauc_mrr_at_100_std": 0.038246,
        "nauc_mrr_at_100_diff1": 0.528226,
        "nauc_mrr_at_1000_max": 0.480353,
        "nauc_mrr_at_1000_std": 0.038757,
        "nauc_mrr_at_1000_diff1": 0.528452,
        "cv_recall_at_1": 0.27612,
        "cv_recall_at_3": 0.38433,
        "cv_recall_at_5": 0.4291,
        "cv_recall_at_10": 0.49534,
        "cv_recall_at_20": 0.57369,
        "cv_recall_at_100": 0.72854,
        "cv_recall_at_1000": 0.90299,
        "main_score": 0.34464,
        "hf_subset": "default",
        "languages": [
          "eng-Latn"
        ]
      }
    ]
  },
  "evaluation_time": 461.7654113769531,
  "kg_co2_emissions": null
}