{
  "dataset_revision": "080c9ed6267b65029207906e815d44a9240bafca",
  "task_name": "FEVERHardNegatives",
  "mteb_version": "2.7.8",
  "scores": {
    "test": [
      {
        "ndcg_at_1": 0.613,
        "ndcg_at_3": 0.70691,
        "ndcg_at_5": 0.73218,
        "ndcg_at_10": 0.74601,
        "ndcg_at_20": 0.75642,
        "ndcg_at_100": 0.76552,
        "ndcg_at_1000": 0.76938,
        "map_at_1": 0.57924,
        "map_at_3": 0.67194,
        "map_at_5": 0.68707,
        "map_at_10": 0.6934,
        "map_at_20": 0.69672,
        "map_at_100": 0.69813,
        "map_at_1000": 0.69834,
        "recall_at_1": 0.57924,
        "recall_at_3": 0.77485,
        "recall_at_5": 0.83593,
        "recall_at_10": 0.87715,
        "recall_at_20": 0.91578,
        "recall_at_100": 0.96096,
        "recall_at_1000": 0.9863,
        "accuracy": 0.57924,
        "precision_at_1": 0.613,
        "precision_at_3": 0.27667,
        "precision_at_5": 0.1808,
        "precision_at_10": 0.0956,
        "precision_at_20": 0.05025,
        "precision_at_100": 0.01071,
        "precision_at_1000": 0.00113,
        "mrr_at_1": 0.613,
        "mrr_at_3": 0.702833,
        "mrr_at_5": 0.717383,
        "mrr_at_10": 0.722758,
        "mrr_at_20": 0.725328,
        "mrr_at_100": 0.726332,
        "mrr_at_1000": 0.726382,
        "nauc_ndcg_at_1_max": 0.209446,
        "nauc_ndcg_at_1_std": 0.028034,
        "nauc_ndcg_at_1_diff1": 0.647863,
        "nauc_ndcg_at_3_max": 0.270001,
        "nauc_ndcg_at_3_std": 0.065857,
        "nauc_ndcg_at_3_diff1": 0.591071,
        "nauc_ndcg_at_5_max": 0.277465,
        "nauc_ndcg_at_5_std": 0.08222,
        "nauc_ndcg_at_5_diff1": 0.595825,
        "nauc_ndcg_at_10_max": 0.279105,
        "nauc_ndcg_at_10_std": 0.102286,
        "nauc_ndcg_at_10_diff1": 0.598081,
        "nauc_ndcg_at_20_max": 0.280028,
        "nauc_ndcg_at_20_std": 0.093747,
        "nauc_ndcg_at_20_diff1": 0.603103,
        "nauc_ndcg_at_100_max": 0.274595,
        "nauc_ndcg_at_100_std": 0.083859,
        "nauc_ndcg_at_100_diff1": 0.60769,
        "nauc_ndcg_at_1000_max": 0.271852,
        "nauc_ndcg_at_1000_std": 0.081837,
        "nauc_ndcg_at_1000_diff1": 0.607793,
        "nauc_map_at_1_max": 0.214495,
        "nauc_map_at_1_std": 0.012345,
        "nauc_map_at_1_diff1": 0.635198,
        "nauc_map_at_3_max": 0.260435,
        "nauc_map_at_3_std": 0.04872,
        "nauc_map_at_3_diff1": 0.601906,
        "nauc_map_at_5_max": 0.26505,
        "nauc_map_at_5_std": 0.05734,
        "nauc_map_at_5_diff1": 0.606237,
        "nauc_map_at_10_max": 0.264894,
        "nauc_map_at_10_std": 0.065214,
        "nauc_map_at_10_diff1": 0.606691,
        "nauc_map_at_20_max": 0.265845,
        "nauc_map_at_20_std": 0.063005,
        "nauc_map_at_20_diff1": 0.60837,
        "nauc_map_at_100_max": 0.264927,
        "nauc_map_at_100_std": 0.061817,
        "nauc_map_at_100_diff1": 0.608867,
        "nauc_map_at_1000_max": 0.264761,
        "nauc_map_at_1000_std": 0.06182,
        "nauc_map_at_1000_diff1": 0.608805,
        "nauc_recall_at_1_max": 0.214495,
        "nauc_recall_at_1_std": 0.012345,
        "nauc_recall_at_1_diff1": 0.635198,
        "nauc_recall_at_3_max": 0.312048,
        "nauc_recall_at_3_std": 0.112952,
        "nauc_recall_at_3_diff1": 0.522629,
        "nauc_recall_at_5_max": 0.338868,
        "nauc_recall_at_5_std": 0.171412,
        "nauc_recall_at_5_diff1": 0.506973,
        "nauc_recall_at_10_max": 0.363009,
        "nauc_recall_at_10_std": 0.298112,
        "nauc_recall_at_10_diff1": 0.496431,
        "nauc_recall_at_20_max": 0.398191,
        "nauc_recall_at_20_std": 0.305692,
        "nauc_recall_at_20_diff1": 0.488197,
        "nauc_recall_at_100_max": 0.425906,
        "nauc_recall_at_100_std": 0.278079,
        "nauc_recall_at_100_diff1": 0.516048,
        "nauc_recall_at_1000_max": 0.577582,
        "nauc_recall_at_1000_std": 0.376669,
        "nauc_recall_at_1000_diff1": 0.533491,
        "nauc_precision_at_1_max": 0.209446,
        "nauc_precision_at_1_std": 0.028034,
        "nauc_precision_at_1_diff1": 0.647863,
        "nauc_precision_at_3_max": 0.257052,
        "nauc_precision_at_3_std": 0.124985,
        "nauc_precision_at_3_diff1": 0.427759,
        "nauc_precision_at_5_max": 0.242985,
        "nauc_precision_at_5_std": 0.195907,
        "nauc_precision_at_5_diff1": 0.323693,
        "nauc_precision_at_10_max": 0.20107,
        "nauc_precision_at_10_std": 0.284172,
        "nauc_precision_at_10_diff1": 0.203743,
        "nauc_precision_at_20_max": 0.140543,
        "nauc_precision_at_20_std": 0.224376,
        "nauc_precision_at_20_diff1": 0.074648,
        "nauc_precision_at_100_max": -0.002494,
        "nauc_precision_at_100_std": 0.135898,
        "nauc_precision_at_100_diff1": -0.122255,
        "nauc_precision_at_1000_max": -0.101415,
        "nauc_precision_at_1000_std": 0.093726,
        "nauc_precision_at_1000_diff1": -0.224636,
        "nauc_mrr_at_1_max": 0.209446,
        "nauc_mrr_at_1_std": 0.028034,
        "nauc_mrr_at_1_diff1": 0.647863,
        "nauc_mrr_at_3_max": 0.248632,
        "nauc_mrr_at_3_std": 0.064039,
        "nauc_mrr_at_3_diff1": 0.614481,
        "nauc_mrr_at_5_max": 0.249236,
        "nauc_mrr_at_5_std": 0.069451,
        "nauc_mrr_at_5_diff1": 0.616567,
        "nauc_mrr_at_10_max": 0.249776,
        "nauc_mrr_at_10_std": 0.076219,
        "nauc_mrr_at_10_diff1": 0.61803,
        "nauc_mrr_at_20_max": 0.249158,
        "nauc_mrr_at_20_std": 0.074314,
        "nauc_mrr_at_20_diff1": 0.618708,
        "nauc_mrr_at_100_max": 0.248402,
        "nauc_mrr_at_100_std": 0.073038,
        "nauc_mrr_at_100_diff1": 0.619266,
        "nauc_mrr_at_1000_max": 0.248377,
        "nauc_mrr_at_1000_std": 0.072949,
        "nauc_mrr_at_1000_diff1": 0.619302,
        "cv_recall_at_1": 0.613,
        "cv_recall_at_3": 0.81,
        "cv_recall_at_5": 0.873,
        "cv_recall_at_10": 0.912,
        "cv_recall_at_20": 0.947,
        "cv_recall_at_100": 0.986,
        "cv_recall_at_1000": 0.998,
        "main_score": 0.74601,
        "hf_subset": "default",
        "languages": [
          "eng-Latn"
        ]
      }
    ]
  },
  "evaluation_time": 818.4148795604706,
  "kg_co2_emissions": null
}