{
  "dataset_revision": "227478e3235572039f4f7661840e059f31ef6eb1",
  "task_name": "MindSmallReranking",
  "mteb_version": "2.7.8",
  "scores": {
    "test": [
      {
        "ndcg_at_1": 0.12671,
        "ndcg_at_3": 0.19868,
        "ndcg_at_5": 0.24393,
        "ndcg_at_10": 0.30626,
        "ndcg_at_20": 0.35941,
        "ndcg_at_100": 0.42412,
        "ndcg_at_1000": 0.42773,
        "map_at_1": 0.09697,
        "map_at_3": 0.1633,
        "map_at_5": 0.19002,
        "map_at_10": 0.2178,
        "map_at_20": 0.23506,
        "map_at_100": 0.2488,
        "map_at_1000": 0.24926,
        "recall_at_1": 0.09697,
        "recall_at_3": 0.24643,
        "recall_at_5": 0.35453,
        "recall_at_10": 0.53115,
        "recall_at_20": 0.71256,
        "recall_at_100": 0.98251,
        "recall_at_1000": 1.0,
        "accuracy": 0.09697,
        "precision_at_1": 0.12671,
        "precision_at_3": 0.10921,
        "precision_at_5": 0.09646,
        "precision_at_10": 0.0761,
        "precision_at_20": 0.0547,
        "precision_at_100": 0.01762,
        "precision_at_1000": 0.00183,
        "mrr_at_1": 0.126715,
        "mrr_at_3": 0.206123,
        "mrr_at_5": 0.235199,
        "mrr_at_10": 0.261148,
        "mrr_at_20": 0.273538,
        "mrr_at_100": 0.279092,
        "mrr_at_1000": 0.279139,
        "nauc_ndcg_at_1_max": -0.113024,
        "nauc_ndcg_at_1_std": -0.013894,
        "nauc_ndcg_at_1_diff1": 0.121,
        "nauc_ndcg_at_3_max": -0.211849,
        "nauc_ndcg_at_3_std": -0.055379,
        "nauc_ndcg_at_3_diff1": 0.128929,
        "nauc_ndcg_at_5_max": -0.248017,
        "nauc_ndcg_at_5_std": -0.063602,
        "nauc_ndcg_at_5_diff1": 0.127576,
        "nauc_ndcg_at_10_max": -0.28597,
        "nauc_ndcg_at_10_std": -0.069377,
        "nauc_ndcg_at_10_diff1": 0.124939,
        "nauc_ndcg_at_20_max": -0.297183,
        "nauc_ndcg_at_20_std": -0.066896,
        "nauc_ndcg_at_20_diff1": 0.123693,
        "nauc_ndcg_at_100_max": -0.2332,
        "nauc_ndcg_at_100_std": -0.05251,
        "nauc_ndcg_at_100_diff1": 0.120322,
        "nauc_ndcg_at_1000_max": -0.221119,
        "nauc_ndcg_at_1000_std": -0.050697,
        "nauc_ndcg_at_1000_diff1": 0.119912,
        "nauc_map_at_1_max": -0.180314,
        "nauc_map_at_1_std": -0.043166,
        "nauc_map_at_1_diff1": 0.145024,
        "nauc_map_at_3_max": -0.225864,
        "nauc_map_at_3_std": -0.061341,
        "nauc_map_at_3_diff1": 0.138391,
        "nauc_map_at_5_max": -0.244077,
        "nauc_map_at_5_std": -0.06437,
        "nauc_map_at_5_diff1": 0.135806,
        "nauc_map_at_10_max": -0.260362,
        "nauc_map_at_10_std": -0.065928,
        "nauc_map_at_10_diff1": 0.133542,
        "nauc_map_at_20_max": -0.262344,
        "nauc_map_at_20_std": -0.064263,
        "nauc_map_at_20_diff1": 0.132549,
        "nauc_map_at_100_max": -0.2493,
        "nauc_map_at_100_std": -0.060921,
        "nauc_map_at_100_diff1": 0.131633,
        "nauc_map_at_1000_max": -0.248046,
        "nauc_map_at_1000_std": -0.060731,
        "nauc_map_at_1000_diff1": 0.131596,
        "nauc_recall_at_1_max": -0.180314,
        "nauc_recall_at_1_std": -0.043166,
        "nauc_recall_at_1_diff1": 0.145024,
        "nauc_recall_at_3_max": -0.250292,
        "nauc_recall_at_3_std": -0.071687,
        "nauc_recall_at_3_diff1": 0.126187,
        "nauc_recall_at_5_max": -0.298634,
        "nauc_recall_at_5_std": -0.081331,
        "nauc_recall_at_5_diff1": 0.118937,
        "nauc_recall_at_10_max": -0.387471,
        "nauc_recall_at_10_std": -0.096285,
        "nauc_recall_at_10_diff1": 0.111849,
        "nauc_recall_at_20_max": -0.482651,
        "nauc_recall_at_20_std": -0.10314,
        "nauc_recall_at_20_diff1": 0.108839,
        "nauc_recall_at_100_max": -0.799258,
        "nauc_recall_at_100_std": -0.129014,
        "nauc_recall_at_100_diff1": 0.103357,
        "nauc_recall_at_1000_max": -0.624276,
        "nauc_recall_at_1000_std": -0.120355,
        "nauc_recall_at_1000_diff1": 0.340476,
        "nauc_precision_at_1_max": -0.113024,
        "nauc_precision_at_1_std": -0.013894,
        "nauc_precision_at_1_diff1": 0.121,
        "nauc_precision_at_3_max": -0.17036,
        "nauc_precision_at_3_std": -0.034056,
        "nauc_precision_at_3_diff1": 0.101652,
        "nauc_precision_at_5_max": -0.194577,
        "nauc_precision_at_5_std": -0.03472,
        "nauc_precision_at_5_diff1": 0.087505,
        "nauc_precision_at_10_max": -0.181752,
        "nauc_precision_at_10_std": -0.021921,
        "nauc_precision_at_10_diff1": 0.052185,
        "nauc_precision_at_20_max": -0.076535,
        "nauc_precision_at_20_std": 0.012412,
        "nauc_precision_at_20_diff1": 0.00718,
        "nauc_precision_at_100_max": 0.246713,
        "nauc_precision_at_100_std": 0.07169,
        "nauc_precision_at_100_diff1": -0.059771,
        "nauc_precision_at_1000_max": 0.278401,
        "nauc_precision_at_1000_std": 0.075091,
        "nauc_precision_at_1000_diff1": -0.062083,
        "nauc_mrr_at_1_max": -0.113024,
        "nauc_mrr_at_1_std": -0.013894,
        "nauc_mrr_at_1_diff1": 0.121,
        "nauc_mrr_at_3_max": -0.155867,
        "nauc_mrr_at_3_std": -0.032459,
        "nauc_mrr_at_3_diff1": 0.11506,
        "nauc_mrr_at_5_max": -0.171939,
        "nauc_mrr_at_5_std": -0.036149,
        "nauc_mrr_at_5_diff1": 0.113967,
        "nauc_mrr_at_10_max": -0.1837,
        "nauc_mrr_at_10_std": -0.038274,
        "nauc_mrr_at_10_diff1": 0.113558,
        "nauc_mrr_at_20_max": -0.184323,
        "nauc_mrr_at_20_std": -0.03775,
        "nauc_mrr_at_20_diff1": 0.113933,
        "nauc_mrr_at_100_max": -0.180226,
        "nauc_mrr_at_100_std": -0.036863,
        "nauc_mrr_at_100_diff1": 0.114226,
        "nauc_mrr_at_1000_max": -0.18011,
        "nauc_mrr_at_1000_std": -0.036848,
        "nauc_mrr_at_1000_diff1": 0.11423,
        "cv_recall_at_1": 0.12671,
        "cv_recall_at_3": 0.31179,
        "cv_recall_at_5": 0.43987,
        "cv_recall_at_10": 0.63422,
        "cv_recall_at_20": 0.81036,
        "cv_recall_at_100": 0.99411,
        "cv_recall_at_1000": 1.0,
        "max_over_subqueries_ndcg_at_1": 0.16015,
        "max_over_subqueries_ndcg_at_3": 0.25433,
        "max_over_subqueries_ndcg_at_5": 0.30358,
        "max_over_subqueries_ndcg_at_10": 0.36694,
        "max_over_subqueries_ndcg_at_20": 0.41414,
        "max_over_subqueries_ndcg_at_100": 0.46115,
        "max_over_subqueries_ndcg_at_1000": 0.46318,
        "max_over_subqueries_map_at_1": 0.1349,
        "max_over_subqueries_map_at_3": 0.21717,
        "max_over_subqueries_map_at_5": 0.24586,
        "max_over_subqueries_map_at_10": 0.27396,
        "max_over_subqueries_map_at_20": 0.28916,
        "max_over_subqueries_map_at_100": 0.29878,
        "max_over_subqueries_map_at_1000": 0.299,
        "max_over_subqueries_recall_at_1": 0.1349,
        "max_over_subqueries_recall_at_3": 0.3196,
        "max_over_subqueries_recall_at_5": 0.43616,
        "max_over_subqueries_recall_at_10": 0.6179,
        "max_over_subqueries_recall_at_20": 0.78334,
        "max_over_subqueries_recall_at_100": 0.98921,
        "max_over_subqueries_recall_at_1000": 0.99999,
        "max_over_subqueries_accuracy": 0.1349,
        "max_over_subqueries_precision_at_1": 0.16015,
        "max_over_subqueries_precision_at_3": 0.12968,
        "max_over_subqueries_precision_at_5": 0.10861,
        "max_over_subqueries_precision_at_10": 0.08028,
        "max_over_subqueries_precision_at_20": 0.0537,
        "max_over_subqueries_precision_at_100": 0.01492,
        "max_over_subqueries_precision_at_1000": 0.00152,
        "max_over_subqueries_mrr_at_1_max": -0.124777,
        "max_over_subqueries_mrr_at_1_std": -0.019106,
        "max_over_subqueries_mrr_at_1_diff1": 0.119407,
        "max_over_subqueries_mrr_at_3_max": -0.196431,
        "max_over_subqueries_mrr_at_3_std": -0.070661,
        "max_over_subqueries_mrr_at_3_diff1": 0.064222,
        "max_over_subqueries_mrr_at_5_max": -0.206558,