{
  "dataset_revision": "f8c2fcf00f625baaa80f62ec5bd9e1fff3b8ae88",
  "task_name": "SCIDOCS",
  "mteb_version": "2.7.8",
  "scores": {
    "test": [
      {
        "ndcg_at_1": 0.172,
        "ndcg_at_3": 0.13983,
        "ndcg_at_5": 0.11908,
        "ndcg_at_10": 0.14396,
        "ndcg_at_20": 0.16651,
        "ndcg_at_100": 0.20633,
        "ndcg_at_1000": 0.25562,
        "map_at_1": 0.03488,
        "map_at_3": 0.06084,
        "map_at_5": 0.07027,
        "map_at_10": 0.082,
        "map_at_20": 0.08913,
        "map_at_100": 0.09593,
        "map_at_1000": 0.09822,
        "recall_at_1": 0.03488,
        "recall_at_3": 0.0798,
        "recall_at_5": 0.1042,
        "recall_at_10": 0.14953,
        "recall_at_20": 0.20268,
        "recall_at_100": 0.33265,
        "recall_at_1000": 0.57648,
        "accuracy": 0.03488,
        "precision_at_1": 0.172,
        "precision_at_3": 0.13067,
        "precision_at_5": 0.1026,
        "precision_at_10": 0.0737,
        "precision_at_20": 0.05,
        "precision_at_100": 0.01639,
        "precision_at_1000": 0.00284,
        "mrr_at_1": 0.172,
        "mrr_at_3": 0.233833,
        "mrr_at_5": 0.247583,
        "mrr_at_10": 0.259929,
        "mrr_at_20": 0.267095,
        "mrr_at_100": 0.272089,
        "mrr_at_1000": 0.272844,
        "nauc_ndcg_at_1_max": 0.152029,
        "nauc_ndcg_at_1_std": -0.017361,
        "nauc_ndcg_at_1_diff1": 0.192746,
        "nauc_ndcg_at_3_max": 0.202381,
        "nauc_ndcg_at_3_std": 0.034399,
        "nauc_ndcg_at_3_diff1": 0.193845,
        "nauc_ndcg_at_5_max": 0.198346,
        "nauc_ndcg_at_5_std": 0.040557,
        "nauc_ndcg_at_5_diff1": 0.172044,
        "nauc_ndcg_at_10_max": 0.212314,
        "nauc_ndcg_at_10_std": 0.067294,
        "nauc_ndcg_at_10_diff1": 0.172805,
        "nauc_ndcg_at_20_max": 0.225267,
        "nauc_ndcg_at_20_std": 0.095921,
        "nauc_ndcg_at_20_diff1": 0.178153,
        "nauc_ndcg_at_100_max": 0.246604,
        "nauc_ndcg_at_100_std": 0.137464,
        "nauc_ndcg_at_100_diff1": 0.181846,
        "nauc_ndcg_at_1000_max": 0.252167,
        "nauc_ndcg_at_1000_std": 0.158422,
        "nauc_ndcg_at_1000_diff1": 0.186689,
        "nauc_map_at_1_max": 0.152987,
        "nauc_map_at_1_std": -0.019536,
        "nauc_map_at_1_diff1": 0.191592,
        "nauc_map_at_3_max": 0.201828,
        "nauc_map_at_3_std": 0.021635,
        "nauc_map_at_3_diff1": 0.187642,
        "nauc_map_at_5_max": 0.203871,
        "nauc_map_at_5_std": 0.027829,
        "nauc_map_at_5_diff1": 0.173077,
        "nauc_map_at_10_max": 0.217739,
        "nauc_map_at_10_std": 0.050482,
        "nauc_map_at_10_diff1": 0.174349,
        "nauc_map_at_20_max": 0.225393,
        "nauc_map_at_20_std": 0.06732,
        "nauc_map_at_20_diff1": 0.176803,
        "nauc_map_at_100_max": 0.232291,
        "nauc_map_at_100_std": 0.080852,
        "nauc_map_at_100_diff1": 0.177479,
        "nauc_map_at_1000_max": 0.233161,
        "nauc_map_at_1000_std": 0.083773,
        "nauc_map_at_1000_diff1": 0.178365,
        "nauc_recall_at_1_max": 0.152987,
        "nauc_recall_at_1_std": -0.019536,
        "nauc_recall_at_1_diff1": 0.191592,
        "nauc_recall_at_3_max": 0.221771,
        "nauc_recall_at_3_std": 0.054845,
        "nauc_recall_at_3_diff1": 0.192035,
        "nauc_recall_at_5_max": 0.209156,
        "nauc_recall_at_5_std": 0.064308,
        "nauc_recall_at_5_diff1": 0.153221,
        "nauc_recall_at_10_max": 0.22022,
        "nauc_recall_at_10_std": 0.104862,
        "nauc_recall_at_10_diff1": 0.150314,
        "nauc_recall_at_20_max": 0.238487,
        "nauc_recall_at_20_std": 0.158363,
        "nauc_recall_at_20_diff1": 0.158557,
        "nauc_recall_at_100_max": 0.266842,
        "nauc_recall_at_100_std": 0.241828,
        "nauc_recall_at_100_diff1": 0.157348,
        "nauc_recall_at_1000_max": 0.257147,
        "nauc_recall_at_1000_std": 0.301667,
        "nauc_recall_at_1000_diff1": 0.150855,
        "nauc_precision_at_1_max": 0.152029,
        "nauc_precision_at_1_std": -0.017361,
        "nauc_precision_at_1_diff1": 0.192746,
        "nauc_precision_at_3_max": 0.225756,
        "nauc_precision_at_3_std": 0.058551,
        "nauc_precision_at_3_diff1": 0.195809,
        "nauc_precision_at_5_max": 0.210504,
        "nauc_precision_at_5_std": 0.06731,
        "nauc_precision_at_5_diff1": 0.155782,
        "nauc_precision_at_10_max": 0.222916,
        "nauc_precision_at_10_std": 0.107575,
        "nauc_precision_at_10_diff1": 0.15352,
        "nauc_precision_at_20_max": 0.240228,
        "nauc_precision_at_20_std": 0.160892,
        "nauc_precision_at_20_diff1": 0.16125,
        "nauc_precision_at_100_max": 0.271854,
        "nauc_precision_at_100_std": 0.245103,
        "nauc_precision_at_100_diff1": 0.16215,
        "nauc_precision_at_1000_max": 0.259822,
        "nauc_precision_at_1000_std": 0.300007,
        "nauc_precision_at_1000_diff1": 0.154728,
        "nauc_mrr_at_1_max": 0.152029,
        "nauc_mrr_at_1_std": -0.017361,
        "nauc_mrr_at_1_diff1": 0.192746,
        "nauc_mrr_at_3_max": 0.178526,
        "nauc_mrr_at_3_std": 0.019601,
        "nauc_mrr_at_3_diff1": 0.196779,
        "nauc_mrr_at_5_max": 0.173652,
        "nauc_mrr_at_5_std": 0.022717,
        "nauc_mrr_at_5_diff1": 0.184492,
        "nauc_mrr_at_10_max": 0.174357,
        "nauc_mrr_at_10_std": 0.028354,
        "nauc_mrr_at_10_diff1": 0.184296,
        "nauc_mrr_at_20_max": 0.175794,
        "nauc_mrr_at_20_std": 0.03111,
        "nauc_mrr_at_20_diff1": 0.185623,
        "nauc_mrr_at_100_max": 0.17693,
        "nauc_mrr_at_100_std": 0.032736,
        "nauc_mrr_at_100_diff1": 0.186158,
        "nauc_mrr_at_1000_max": 0.176766,
        "nauc_mrr_at_1000_std": 0.032454,
        "nauc_mrr_at_1000_diff1": 0.186052,
        "cv_recall_at_1": 0.172,
        "cv_recall_at_3": 0.315,
        "cv_recall_at_5": 0.376,
        "cv_recall_at_10": 0.465,
        "cv_recall_at_20": 0.567,
        "cv_recall_at_100": 0.765,
        "cv_recall_at_1000": 0.94,
        "main_score": 0.14396,
        "hf_subset": "default",
        "languages": [
          "eng-Latn"
        ]
      }
    ]
  },
  "evaluation_time": 175.34486985206604,
  "kg_co2_emissions": null
}