{
  "dataset_revision": "5377aa18f309ec440ff6325a4c2cd3362c2cb8d7",
  "task_name": "ChemRxivRetrieval",
  "mteb_version": "2.7.1",
  "scores": {
    "test": [
      {
        "ndcg_at_1": 0.6418,
        "ndcg_at_3": 0.74262,
        "ndcg_at_5": 0.76243,
        "ndcg_at_10": 0.7778,
        "ndcg_at_20": 0.78538,
        "ndcg_at_100": 0.7925,
        "ndcg_at_1000": 0.79495,
        "map_at_1": 0.6418,
        "map_at_3": 0.71837,
        "map_at_5": 0.72938,
        "map_at_10": 0.73593,
        "map_at_20": 0.73804,
        "map_at_100": 0.73902,
        "map_at_1000": 0.73912,
        "recall_at_1": 0.6418,
        "recall_at_3": 0.8126,
        "recall_at_5": 0.8606,
        "recall_at_10": 0.907,
        "recall_at_20": 0.9368,
        "recall_at_100": 0.9752,
        "recall_at_1000": 0.9944,
        "accuracy": 0.6418,
        "precision_at_1": 0.6418,
        "precision_at_3": 0.27087,
        "precision_at_5": 0.17212,
        "precision_at_10": 0.0907,
        "precision_at_20": 0.04684,
        "precision_at_100": 0.00975,
        "precision_at_1000": 0.00099,
        "mrr_at_1": 0.6422,
        "mrr_at_3": 0.718367,
        "mrr_at_5": 0.729567,
        "mrr_at_10": 0.736091,
        "mrr_at_20": 0.738198,
        "mrr_at_100": 0.739181,
        "mrr_at_1000": 0.739274,
        "nauc_ndcg_at_1_max": 0.408732,
        "nauc_ndcg_at_1_std": -0.105998,
        "nauc_ndcg_at_1_diff1": 0.720541,
        "nauc_ndcg_at_3_max": 0.465048,
        "nauc_ndcg_at_3_std": -0.086936,
        "nauc_ndcg_at_3_diff1": 0.678069,
        "nauc_ndcg_at_5_max": 0.467987,
        "nauc_ndcg_at_5_std": -0.081937,
        "nauc_ndcg_at_5_diff1": 0.677385,
        "nauc_ndcg_at_10_max": 0.469437,
        "nauc_ndcg_at_10_std": -0.07594,
        "nauc_ndcg_at_10_diff1": 0.677308,
        "nauc_ndcg_at_20_max": 0.468656,
        "nauc_ndcg_at_20_std": -0.07444,
        "nauc_ndcg_at_20_diff1": 0.682576,
        "nauc_ndcg_at_100_max": 0.46273,
        "nauc_ndcg_at_100_std": -0.078205,
        "nauc_ndcg_at_100_diff1": 0.686324,
        "nauc_ndcg_at_1000_max": 0.459351,
        "nauc_ndcg_at_1000_std": -0.080677,
        "nauc_ndcg_at_1000_diff1": 0.686719,
        "nauc_map_at_1_max": 0.408732,
        "nauc_map_at_1_std": -0.105998,
        "nauc_map_at_1_diff1": 0.720541,
        "nauc_map_at_3_max": 0.448549,
        "nauc_map_at_3_std": -0.093616,
        "nauc_map_at_3_diff1": 0.689497,
        "nauc_map_at_5_max": 0.449351,
        "nauc_map_at_5_std": -0.091187,
        "nauc_map_at_5_diff1": 0.689639,
        "nauc_map_at_10_max": 0.449485,
        "nauc_map_at_10_std": -0.089117,
        "nauc_map_at_10_diff1": 0.689778,
        "nauc_map_at_20_max": 0.449154,
        "nauc_map_at_20_std": -0.088888,
        "nauc_map_at_20_diff1": 0.691092,
        "nauc_map_at_100_max": 0.4485,
        "nauc_map_at_100_std": -0.089217,
        "nauc_map_at_100_diff1": 0.691685,
        "nauc_map_at_1000_max": 0.44839,
        "nauc_map_at_1000_std": -0.089285,
        "nauc_map_at_1000_diff1": 0.691701,
        "nauc_recall_at_1_max": 0.408732,
        "nauc_recall_at_1_std": -0.105998,
        "nauc_recall_at_1_diff1": 0.720541,
        "nauc_recall_at_3_max": 0.530106,
        "nauc_recall_at_3_std": -0.059977,
        "nauc_recall_at_3_diff1": 0.633579,
        "nauc_recall_at_5_max": 0.561121,
        "nauc_recall_at_5_std": -0.034511,
        "nauc_recall_at_5_diff1": 0.617136,
        "nauc_recall_at_10_max": 0.610576,
        "nauc_recall_at_10_std": 0.022766,
        "nauc_recall_at_10_diff1": 0.591951,
        "nauc_recall_at_20_max": 0.667046,
        "nauc_recall_at_20_std": 0.08638,
        "nauc_recall_at_20_diff1": 0.612931,
        "nauc_recall_at_100_max": 0.732591,
        "nauc_recall_at_100_std": 0.173105,
        "nauc_recall_at_100_diff1": 0.633795,
        "nauc_recall_at_1000_max": 0.836801,
        "nauc_recall_at_1000_std": 0.396992,
        "nauc_recall_at_1000_diff1": 0.551004,
        "nauc_precision_at_1_max": 0.408732,
        "nauc_precision_at_1_std": -0.105998,
        "nauc_precision_at_1_diff1": 0.720541,
        "nauc_precision_at_3_max": 0.530106,
        "nauc_precision_at_3_std": -0.059977,
        "nauc_precision_at_3_diff1": 0.633579,
        "nauc_precision_at_5_max": 0.561121,
        "nauc_precision_at_5_std": -0.034511,
        "nauc_precision_at_5_diff1": 0.617136,
        "nauc_precision_at_10_max": 0.610576,
        "nauc_precision_at_10_std": 0.022766,
        "nauc_precision_at_10_diff1": 0.591951,
        "nauc_precision_at_20_max": 0.667046,
        "nauc_precision_at_20_std": 0.08638,
        "nauc_precision_at_20_diff1": 0.612931,
        "nauc_precision_at_100_max": 0.732591,
        "nauc_precision_at_100_std": 0.173105,
        "nauc_precision_at_100_diff1": 0.633795,
        "nauc_precision_at_1000_max": 0.836801,
        "nauc_precision_at_1000_std": 0.396992,
        "nauc_precision_at_1000_diff1": 0.551004,
        "nauc_mrr_at_1_max": 0.409338,
        "nauc_mrr_at_1_std": -0.105574,
        "nauc_mrr_at_1_diff1": 0.719716,
        "nauc_mrr_at_3_max": 0.448381,
        "nauc_mrr_at_3_std": -0.094151,
        "nauc_mrr_at_3_diff1": 0.689316,
        "nauc_mrr_at_5_max": 0.449706,
        "nauc_mrr_at_5_std": -0.090934,
        "nauc_mrr_at_5_diff1": 0.689233,
        "nauc_mrr_at_10_max": 0.449766,
        "nauc_mrr_at_10_std": -0.089016,
        "nauc_mrr_at_10_diff1": 0.689325,
        "nauc_mrr_at_20_max": 0.449438,
        "nauc_mrr_at_20_std": -0.088782,
        "nauc_mrr_at_20_diff1": 0.690635,
        "nauc_mrr_at_100_max": 0.448786,
        "nauc_mrr_at_100_std": -0.089109,
        "nauc_mrr_at_100_diff1": 0.691225,
        "nauc_mrr_at_1000_max": 0.448675,
        "nauc_mrr_at_1000_std": -0.089177,
        "nauc_mrr_at_1000_diff1": 0.691241,
        "cv_recall_at_1": 0.6422,
        "cv_recall_at_3": 0.812,
        "cv_recall_at_5": 0.8608,
        "cv_recall_at_10": 0.907,
        "cv_recall_at_20": 0.9368,
        "cv_recall_at_100": 0.9752,
        "cv_recall_at_1000": 0.9944,
        "main_score": 0.7778,
        "hf_subset": "default",
        "languages": [
          "eng-Latn"
        ]
      }
    ]
  },
  "evaluation_time": 139.43495440483093,
  "kg_co2_emissions": null
}