{
  "dataset_revision": "5377aa18f309ec440ff6325a4c2cd3362c2cb8d7",
  "task_name": "ChemRxivRetrieval",
  "mteb_version": "2.7.8",
  "scores": {
    "test": [
      {
        "ndcg_at_1": 0.8158,
        "ndcg_at_3": 0.88658,
        "ndcg_at_5": 0.89591,
        "ndcg_at_10": 0.90216,
        "ndcg_at_20": 0.90457,
        "ndcg_at_100": 0.90632,
        "ndcg_at_1000": 0.90704,
        "map_at_1": 0.8158,
        "map_at_3": 0.87007,
        "map_at_5": 0.87526,
        "map_at_10": 0.87786,
        "map_at_20": 0.87854,
        "map_at_100": 0.87881,
        "map_at_1000": 0.87884,
        "recall_at_1": 0.8158,
        "recall_at_3": 0.934,
        "recall_at_5": 0.9566,
        "recall_at_10": 0.9758,
        "recall_at_20": 0.9852,
        "recall_at_100": 0.9942,
        "recall_at_1000": 0.9998,
        "accuracy": 0.8158,
        "precision_at_1": 0.8158,
        "precision_at_3": 0.31133,
        "precision_at_5": 0.19132,
        "precision_at_10": 0.09758,
        "precision_at_20": 0.04926,
        "precision_at_100": 0.00994,
        "precision_at_1000": 0.001,
        "mrr_at_1": 0.8162,
        "mrr_at_3": 0.8702,
        "mrr_at_5": 0.87552,
        "mrr_at_10": 0.878061,
        "mrr_at_20": 0.878741,
        "mrr_at_100": 0.879008,
        "mrr_at_1000": 0.879038,
        "nauc_ndcg_at_1_max": 0.534799,
        "nauc_ndcg_at_1_std": -0.244579,
        "nauc_ndcg_at_1_diff1": 0.843883,
        "nauc_ndcg_at_3_max": 0.591747,
        "nauc_ndcg_at_3_std": -0.258951,
        "nauc_ndcg_at_3_diff1": 0.820574,
        "nauc_ndcg_at_5_max": 0.595712,
        "nauc_ndcg_at_5_std": -0.243256,
        "nauc_ndcg_at_5_diff1": 0.822482,
        "nauc_ndcg_at_10_max": 0.592505,
        "nauc_ndcg_at_10_std": -0.240438,
        "nauc_ndcg_at_10_diff1": 0.827516,
        "nauc_ndcg_at_20_max": 0.585624,
        "nauc_ndcg_at_20_std": -0.241818,
        "nauc_ndcg_at_20_diff1": 0.827231,
        "nauc_ndcg_at_100_max": 0.581535,
        "nauc_ndcg_at_100_std": -0.239355,
        "nauc_ndcg_at_100_diff1": 0.827852,
        "nauc_ndcg_at_1000_max": 0.578971,
        "nauc_ndcg_at_1000_std": -0.243856,
        "nauc_ndcg_at_1000_diff1": 0.828431,
        "nauc_map_at_1_max": 0.534799,
        "nauc_map_at_1_std": -0.244579,
        "nauc_map_at_1_diff1": 0.843883,
        "nauc_map_at_3_max": 0.574088,
        "nauc_map_at_3_std": -0.255006,
        "nauc_map_at_3_diff1": 0.826818,
        "nauc_map_at_5_max": 0.5752,
        "nauc_map_at_5_std": -0.247352,
        "nauc_map_at_5_diff1": 0.82805,
        "nauc_map_at_10_max": 0.57375,
        "nauc_map_at_10_std": -0.246572,
        "nauc_map_at_10_diff1": 0.830011,
        "nauc_map_at_20_max": 0.572132,
        "nauc_map_at_20_std": -0.24683,
        "nauc_map_at_20_diff1": 0.829953,
        "nauc_map_at_100_max": 0.571664,
        "nauc_map_at_100_std": -0.246528,
        "nauc_map_at_100_diff1": 0.830044,
        "nauc_map_at_1000_max": 0.57158,
        "nauc_map_at_1000_std": -0.246679,
        "nauc_map_at_1000_diff1": 0.830055,
        "nauc_recall_at_1_max": 0.534799,
        "nauc_recall_at_1_std": -0.244579,
        "nauc_recall_at_1_diff1": 0.843883,
        "nauc_recall_at_3_max": 0.686688,
        "nauc_recall_at_3_std": -0.279733,
        "nauc_recall_at_3_diff1": 0.787832,
        "nauc_recall_at_5_max": 0.757923,
        "nauc_recall_at_5_std": -0.204729,
        "nauc_recall_at_5_diff1": 0.780639,
        "nauc_recall_at_10_max": 0.846444,
        "nauc_recall_at_10_std": -0.138632,
        "nauc_recall_at_10_diff1": 0.803486,
        "nauc_recall_at_20_max": 0.840973,
        "nauc_recall_at_20_std": -0.11236,
        "nauc_recall_at_20_diff1": 0.781885,
        "nauc_recall_at_100_max": 0.897131,
        "nauc_recall_at_100_std": 0.282124,
        "nauc_recall_at_100_diff1": 0.757767,
        "nauc_recall_at_1000_max": 1.0,
        "nauc_recall_at_1000_std": -0.171335,
        "nauc_recall_at_1000_diff1": 1.0,
        "nauc_precision_at_1_max": 0.534799,
        "nauc_precision_at_1_std": -0.244579,
        "nauc_precision_at_1_diff1": 0.843883,
        "nauc_precision_at_3_max": 0.686688,
        "nauc_precision_at_3_std": -0.279733,
        "nauc_precision_at_3_diff1": 0.787832,
        "nauc_precision_at_5_max": 0.757923,
        "nauc_precision_at_5_std": -0.204729,
        "nauc_precision_at_5_diff1": 0.780639,
        "nauc_precision_at_10_max": 0.846444,
        "nauc_precision_at_10_std": -0.138632,
        "nauc_precision_at_10_diff1": 0.803486,
        "nauc_precision_at_20_max": 0.840973,
        "nauc_precision_at_20_std": -0.11236,
        "nauc_precision_at_20_diff1": 0.781885,
        "nauc_precision_at_100_max": 0.897131,
        "nauc_precision_at_100_std": 0.282124,
        "nauc_precision_at_100_diff1": 0.757767,
        "nauc_precision_at_1000_max": 1.0,
        "nauc_precision_at_1000_std": -0.171335,
        "nauc_precision_at_1000_diff1": 1.0,
        "nauc_mrr_at_1_max": 0.536725,
        "nauc_mrr_at_1_std": -0.24286,
        "nauc_mrr_at_1_diff1": 0.843266,
        "nauc_mrr_at_3_max": 0.57524,
        "nauc_mrr_at_3_std": -0.254621,
        "nauc_mrr_at_3_diff1": 0.826459,
        "nauc_mrr_at_5_max": 0.576524,
        "nauc_mrr_at_5_std": -0.246137,
        "nauc_mrr_at_5_diff1": 0.827783,
        "nauc_mrr_at_10_max": 0.575161,
        "nauc_mrr_at_10_std": -0.245482,
        "nauc_mrr_at_10_diff1": 0.829588,
        "nauc_mrr_at_20_max": 0.573547,
        "nauc_mrr_at_20_std": -0.245728,
        "nauc_mrr_at_20_diff1": 0.829527,
        "nauc_mrr_at_100_max": 0.573082,
        "nauc_mrr_at_100_std": -0.245424,
        "nauc_mrr_at_100_diff1": 0.829617,
        "nauc_mrr_at_1000_max": 0.572997,
        "nauc_mrr_at_1000_std": -0.245574,
        "nauc_mrr_at_1000_diff1": 0.829628,
        "cv_recall_at_1": 0.8162,
        "cv_recall_at_3": 0.9338,
        "cv_recall_at_5": 0.957,
        "cv_recall_at_10": 0.9758,
        "cv_recall_at_20": 0.9852,
        "cv_recall_at_100": 0.9942,
        "cv_recall_at_1000": 0.9998,
        "main_score": 0.90216,
        "hf_subset": "default",
        "languages": [
          "eng-Latn"
        ]
      }
    ]
  },
  "evaluation_time": 524.9955620765686,
  "kg_co2_emissions": null
}