{
  "dataset_revision": "1840e8a5ac6ec752bbdd97d543ead0189bc7c25b",
  "task_name": "ChemHotpotQARetrieval",
  "mteb_version": "2.7.8",
  "scores": {
    "train": [
      {
        "ndcg_at_1": 0.79444,
        "ndcg_at_3": 0.84833,
        "ndcg_at_5": 0.85766,
        "ndcg_at_10": 0.86337,
        "ndcg_at_20": 0.86988,
        "ndcg_at_100": 0.87388,
        "ndcg_at_1000": 0.87589,
        "map_at_1": 0.775,
        "map_at_3": 0.83056,
        "map_at_5": 0.83583,
        "map_at_10": 0.83838,
        "map_at_20": 0.84029,
        "map_at_100": 0.84103,
        "map_at_1000": 0.84114,
        "recall_at_1": 0.775,
        "recall_at_3": 0.89167,
        "recall_at_5": 0.91389,
        "recall_at_10": 0.93056,
        "recall_at_20": 0.95556,
        "recall_at_100": 0.975,
        "recall_at_1000": 0.98889,
        "accuracy": 0.775,
        "precision_at_1": 0.79444,
        "precision_at_3": 0.30741,
        "precision_at_5": 0.18889,
        "precision_at_10": 0.09611,
        "precision_at_20": 0.04944,
        "precision_at_100": 0.01011,
        "precision_at_1000": 0.00103,
        "mrr_at_1": 0.794444,
        "mrr_at_3": 0.839815,
        "mrr_at_5": 0.845093,
        "mrr_at_10": 0.847639,
        "mrr_at_20": 0.84927,
        "mrr_at_100": 0.849776,
        "mrr_at_1000": 0.849846,
        "nauc_ndcg_at_1_max": 0.689224,
        "nauc_ndcg_at_1_std": -0.16925,
        "nauc_ndcg_at_1_diff1": 0.89303,
        "nauc_ndcg_at_3_max": 0.591937,
        "nauc_ndcg_at_3_std": -0.282593,
        "nauc_ndcg_at_3_diff1": 0.787491,
        "nauc_ndcg_at_5_max": 0.60035,
        "nauc_ndcg_at_5_std": -0.274042,
        "nauc_ndcg_at_5_diff1": 0.780676,
        "nauc_ndcg_at_10_max": 0.584616,
        "nauc_ndcg_at_10_std": -0.27468,
        "nauc_ndcg_at_10_diff1": 0.772949,
        "nauc_ndcg_at_20_max": 0.581921,
        "nauc_ndcg_at_20_std": -0.258363,
        "nauc_ndcg_at_20_diff1": 0.771209,
        "nauc_ndcg_at_100_max": 0.593877,
        "nauc_ndcg_at_100_std": -0.249389,
        "nauc_ndcg_at_100_diff1": 0.788007,
        "nauc_ndcg_at_1000_max": 0.601358,
        "nauc_ndcg_at_1000_std": -0.241329,
        "nauc_ndcg_at_1000_diff1": 0.799736,
        "nauc_map_at_1_max": 0.586511,
        "nauc_map_at_1_std": -0.245719,
        "nauc_map_at_1_diff1": 0.84337,
        "nauc_map_at_3_max": 0.594465,
        "nauc_map_at_3_std": -0.269546,
        "nauc_map_at_3_diff1": 0.788155,
        "nauc_map_at_5_max": 0.599194,
        "nauc_map_at_5_std": -0.263607,
        "nauc_map_at_5_diff1": 0.784901,
        "nauc_map_at_10_max": 0.593228,
        "nauc_map_at_10_std": -0.263599,
        "nauc_map_at_10_diff1": 0.782072,
        "nauc_map_at_20_max": 0.592643,
        "nauc_map_at_20_std": -0.259802,
        "nauc_map_at_20_diff1": 0.781622,
        "nauc_map_at_100_max": 0.595692,
        "nauc_map_at_100_std": -0.258069,
        "nauc_map_at_100_diff1": 0.785679,
        "nauc_map_at_1000_max": 0.596282,
        "nauc_map_at_1000_std": -0.257547,
        "nauc_map_at_1000_diff1": 0.786443,
        "nauc_recall_at_1_max": 0.586511,
        "nauc_recall_at_1_std": -0.245719,
        "nauc_recall_at_1_diff1": 0.84337,
        "nauc_recall_at_3_max": 0.482974,
        "nauc_recall_at_3_std": -0.403432,
        "nauc_recall_at_3_diff1": 0.678674,
        "nauc_recall_at_5_max": 0.476537,
        "nauc_recall_at_5_std": -0.406961,
        "nauc_recall_at_5_diff1": 0.61593,
        "nauc_recall_at_10_max": 0.361363,
        "nauc_recall_at_10_std": -0.443119,
        "nauc_recall_at_10_diff1": 0.534211,
        "nauc_recall_at_20_max": 0.217028,
        "nauc_recall_at_20_std": -0.363154,
        "nauc_recall_at_20_diff1": 0.396359,
        "nauc_recall_at_100_max": 0.169157,
        "nauc_recall_at_100_std": -0.249767,
        "nauc_recall_at_100_diff1": 0.435678,
        "nauc_recall_at_1000_max": 0.093371,
        "nauc_recall_at_1000_std": 0.24043,
        "nauc_recall_at_1000_diff1": 0.777077,
        "nauc_precision_at_1_max": 0.689224,
        "nauc_precision_at_1_std": -0.16925,
        "nauc_precision_at_1_diff1": 0.89303,
        "nauc_precision_at_3_max": 0.478995,
        "nauc_precision_at_3_std": -0.13265,
        "nauc_precision_at_3_diff1": 0.435583,
        "nauc_precision_at_5_max": 0.477994,
        "nauc_precision_at_5_std": -0.087357,
        "nauc_precision_at_5_diff1": 0.34914,
        "nauc_precision_at_10_max": 0.398076,
        "nauc_precision_at_10_std": -0.059137,
        "nauc_precision_at_10_diff1": 0.2477,
        "nauc_precision_at_20_max": 0.260608,
        "nauc_precision_at_20_std": 0.118053,
        "nauc_precision_at_20_diff1": 0.036992,
        "nauc_precision_at_100_max": 0.276075,
        "nauc_precision_at_100_std": 0.311962,
        "nauc_precision_at_100_diff1": 0.016651,
        "nauc_precision_at_1000_max": 0.301979,
        "nauc_precision_at_1000_std": 0.492213,
        "nauc_precision_at_1000_diff1": 0.049649,
        "nauc_mrr_at_1_max": 0.689224,
        "nauc_mrr_at_1_std": -0.16925,
        "nauc_mrr_at_1_diff1": 0.89303,
        "nauc_mrr_at_3_max": 0.668039,
        "nauc_mrr_at_3_std": -0.21357,
        "nauc_mrr_at_3_diff1": 0.867182,
        "nauc_mrr_at_5_max": 0.675632,
        "nauc_mrr_at_5_std": -0.205345,
        "nauc_mrr_at_5_diff1": 0.866625,
        "nauc_mrr_at_10_max": 0.670739,
        "nauc_mrr_at_10_std": -0.204308,
        "nauc_mrr_at_10_diff1": 0.865108,
        "nauc_mrr_at_20_max": 0.671261,
        "nauc_mrr_at_20_std": -0.200387,
        "nauc_mrr_at_20_diff1": 0.865895,
        "nauc_mrr_at_100_max": 0.67119,
        "nauc_mrr_at_100_std": -0.200896,
        "nauc_mrr_at_100_diff1": 0.866675,
        "nauc_mrr_at_1000_max": 0.671164,
        "nauc_mrr_at_1000_std": -0.200809,
        "nauc_mrr_at_1000_diff1": 0.866791,
        "cv_recall_at_1": 0.79444,
        "cv_recall_at_3": 0.9,
        "cv_recall_at_5": 0.92222,
        "cv_recall_at_10": 0.93889,
        "cv_recall_at_20": 0.96111,
        "cv_recall_at_100": 0.97778,
        "cv_recall_at_1000": 0.98889,
        "main_score": 0.86337,
        "hf_subset": "default",
        "languages": [
          "eng-Latn"
        ]
      }
    ],
    "dev": [
      {
        "ndcg_at_1": 0.875,
        "ndcg_at_3": 0.875,
        "ndcg_at_5": 0.875,
        "ndcg_at_10": 0.875,
        "ndcg_at_20": 0.875,
        "ndcg_at_100": 0.89461,
        "ndcg_at_1000": 0.89461,
        "map_at_1": 0.875,
        "map_at_3": 0.875,
        "map_at_5": 0.875,
        "map_at_10": 0.875,
        "map_at_20": 0.875,
        "map_at_100": 0.87652,
        "map_at_1000": 0.87652,
        "recall_at_1": 0.875,
        "recall_at_3": 0.875,
        "recall_at_5": 0.875,
        "recall_at_10": 0.875,
        "recall_at_20": 0.875,
        "recall_at_100": 1.0,
        "recall_at_1000": 1.0,
        "accuracy": 0.875,
        "precision_at_1": 0.875,
        "precision_at_3": 0.29167,
        "precision_at_5": 0.175,
        "precision_at_10": 0.0875,
        "precision_at_20": 0.04375,
        "precision_at_100": 0.01,
        "precision_at_1000": 0.001,
        "mrr_at_1": 0.875,
        "mrr_at_3": 0.875,
        "mrr_at_5": 0.875,
        "mrr_at_10": 0.875,
        "mrr_at_20": 0.875,
        "mrr_at_100": 0.876524,
        "mrr_at_1000": 0.876524,
        "nauc_ndcg_at_1_max": 0.865546,
        "nauc_ndcg_at_1_std": 0.865546,
        "nauc_ndcg_at_1_diff1": 1.0,
        "nauc_ndcg_at_3_max": 0.865546,
        "nauc_ndcg_at_3_std": 0.865546,
        "nauc_ndcg_at_3_diff1": 1.0,
        "nauc_ndcg_at_5_max": 0.865546,
        "nauc_ndcg_at_5_std": 0.865546,
        "nauc_ndcg_at_5_diff1": 1.0,
        "nauc_ndcg_at_10_max": 0.865546,
        "nauc_ndcg_at_10_std": 0.865546,
        "nauc_ndcg_at_10_diff1": 1.0,
        "nauc_ndcg_at_20_max": 0.865546,
        "nauc_ndcg_at_20_std": 0.865546,
        "nauc_ndcg_at_20_diff1": 1.0,
        "nauc_ndcg_at_100_max": 0.865546,
        "nauc_ndcg_at_100_std": 0.865546,