{
  "dataset_revision": "7ba40b69f5fe6ffe4cc189aac9e1710913c73c8a",
  "task_name": "PubChemSMILESPC",
  "mteb_version": "2.7.8",
  "scores": {
    "test": [
      {
        "similarity_accuracy": 0.900879,
        "similarity_f1": 0.192605,
        "similarity_precision": 0.116788,
        "similarity_recall": 0.54902,
        "similarity_ap": 0.132043,
        "cosine_accuracy": 0.900879,
        "cosine_f1": 0.192605,
        "cosine_precision": 0.116788,
        "cosine_recall": 0.54902,
        "cosine_ap": 0.132043,
        "manhattan_accuracy": 0.900879,
        "manhattan_f1": 0.194828,
        "manhattan_precision": 0.118201,
        "manhattan_recall": 0.553922,
        "manhattan_ap": 0.133106,
        "euclidean_accuracy": 0.900879,
        "euclidean_f1": 0.192605,
        "euclidean_precision": 0.116788,
        "euclidean_recall": 0.54902,
        "euclidean_ap": 0.132043,
        "dot_accuracy": 0.900879,
        "dot_f1": 0.192605,
        "dot_precision": 0.116788,
        "dot_recall": 0.54902,
        "dot_ap": 0.132043,
        "max_accuracy": 0.900879,
        "max_f1": 0.194828,
        "max_precision": 0.118201,
        "max_recall": 0.553922,
        "max_ap": 0.133106,
        "main_score": 0.133106,
        "hf_subset": "default",
        "languages": [
          "eng-Latn"
        ]
      }
    ]
  },
  "evaluation_time": 6.5797038078308105,
  "kg_co2_emissions": null
}