{
  "dataset_revision": "5377aa18f309ec440ff6325a4c2cd3362c2cb8d7",
  "task_name": "ChemRxivRetrieval",
  "mteb_version": "2.7.1",
  "scores": {
    "test": [
      {
        "ndcg_at_1": 0.6394,
        "ndcg_at_3": 0.74772,
        "ndcg_at_5": 0.76927,
        "ndcg_at_10": 0.78492,
        "ndcg_at_20": 0.79175,
        "ndcg_at_100": 0.79738,
        "ndcg_at_1000": 0.79972,
        "map_at_1": 0.6394,
        "map_at_3": 0.72193,
        "map_at_5": 0.73396,
        "map_at_10": 0.74054,
        "map_at_20": 0.74247,
        "map_at_100": 0.7433,
        "map_at_1000": 0.74338,
        "recall_at_1": 0.6394,
        "recall_at_3": 0.822,
        "recall_at_5": 0.874,
        "recall_at_10": 0.9218,
        "recall_at_20": 0.9484,
        "recall_at_100": 0.978,
        "recall_at_1000": 0.9968,
        "accuracy": 0.6394,
        "precision_at_1": 0.6394,
        "precision_at_3": 0.274,
        "precision_at_5": 0.1748,
        "precision_at_10": 0.09218,
        "precision_at_20": 0.04742,
        "precision_at_100": 0.00978,
        "precision_at_1000": 0.001,
        "mrr_at_1": 0.6398,
        "mrr_at_3": 0.722167,
        "mrr_at_5": 0.734137,
        "mrr_at_10": 0.740737,
        "mrr_at_20": 0.742644,
        "mrr_at_100": 0.743474,
        "mrr_at_1000": 0.743555,
        "nauc_ndcg_at_1_max": 0.281911,
        "nauc_ndcg_at_1_std": -0.117772,
        "nauc_ndcg_at_1_diff1": 0.707148,
        "nauc_ndcg_at_3_max": 0.308042,
        "nauc_ndcg_at_3_std": -0.10362,
        "nauc_ndcg_at_3_diff1": 0.661303,
        "nauc_ndcg_at_5_max": 0.321808,
        "nauc_ndcg_at_5_std": -0.090921,
        "nauc_ndcg_at_5_diff1": 0.665854,
        "nauc_ndcg_at_10_max": 0.329789,
        "nauc_ndcg_at_10_std": -0.077727,
        "nauc_ndcg_at_10_diff1": 0.66897,
        "nauc_ndcg_at_20_max": 0.330599,
        "nauc_ndcg_at_20_std": -0.072394,
        "nauc_ndcg_at_20_diff1": 0.670924,
        "nauc_ndcg_at_100_max": 0.322725,
        "nauc_ndcg_at_100_std": -0.077526,
        "nauc_ndcg_at_100_diff1": 0.673787,
        "nauc_ndcg_at_1000_max": 0.318339,
        "nauc_ndcg_at_1000_std": -0.085184,
        "nauc_ndcg_at_1000_diff1": 0.674351,
        "nauc_map_at_1_max": 0.281911,
        "nauc_map_at_1_std": -0.117772,
        "nauc_map_at_1_diff1": 0.707148,
        "nauc_map_at_3_max": 0.300179,
        "nauc_map_at_3_std": -0.109147,
        "nauc_map_at_3_diff1": 0.6734,
        "nauc_map_at_5_max": 0.306837,
        "nauc_map_at_5_std": -0.103118,
        "nauc_map_at_5_diff1": 0.676256,
        "nauc_map_at_10_max": 0.309184,
        "nauc_map_at_10_std": -0.098801,
        "nauc_map_at_10_diff1": 0.677471,
        "nauc_map_at_20_max": 0.309174,
        "nauc_map_at_20_std": -0.097587,
        "nauc_map_at_20_diff1": 0.677995,
        "nauc_map_at_100_max": 0.308313,
        "nauc_map_at_100_std": -0.098004,
        "nauc_map_at_100_diff1": 0.678405,
        "nauc_map_at_1000_max": 0.308199,
        "nauc_map_at_1000_std": -0.098195,
        "nauc_map_at_1000_diff1": 0.678419,
        "nauc_recall_at_1_max": 0.281911,
        "nauc_recall_at_1_std": -0.117772,
        "nauc_recall_at_1_diff1": 0.707148,
        "nauc_recall_at_3_max": 0.340156,
        "nauc_recall_at_3_std": -0.080311,
        "nauc_recall_at_3_diff1": 0.612876,
        "nauc_recall_at_5_max": 0.404678,
        "nauc_recall_at_5_std": -0.021647,
        "nauc_recall_at_5_diff1": 0.612606,
        "nauc_recall_at_10_max": 0.510793,
        "nauc_recall_at_10_std": 0.113901,
        "nauc_recall_at_10_diff1": 0.607617,
        "nauc_recall_at_20_max": 0.615445,
        "nauc_recall_at_20_std": 0.279716,
        "nauc_recall_at_20_diff1": 0.602462,
        "nauc_recall_at_100_max": 0.652084,
        "nauc_recall_at_100_std": 0.502024,
        "nauc_recall_at_100_diff1": 0.622833,
        "nauc_recall_at_1000_max": 0.664916,
        "nauc_recall_at_1000_std": 0.507557,
        "nauc_recall_at_1000_diff1": 0.586601,
        "nauc_precision_at_1_max": 0.281911,
        "nauc_precision_at_1_std": -0.117772,
        "nauc_precision_at_1_diff1": 0.707148,
        "nauc_precision_at_3_max": 0.340156,
        "nauc_precision_at_3_std": -0.080311,
        "nauc_precision_at_3_diff1": 0.612876,
        "nauc_precision_at_5_max": 0.404678,
        "nauc_precision_at_5_std": -0.021647,
        "nauc_precision_at_5_diff1": 0.612606,
        "nauc_precision_at_10_max": 0.510793,
        "nauc_precision_at_10_std": 0.113901,
        "nauc_precision_at_10_diff1": 0.607617,
        "nauc_precision_at_20_max": 0.615445,
        "nauc_precision_at_20_std": 0.279716,
        "nauc_precision_at_20_diff1": 0.602462,
        "nauc_precision_at_100_max": 0.652084,
        "nauc_precision_at_100_std": 0.502024,
        "nauc_precision_at_100_diff1": 0.622833,
        "nauc_precision_at_1000_max": 0.664916,
        "nauc_precision_at_1000_std": 0.507557,
        "nauc_precision_at_1000_diff1": 0.586601,
        "nauc_mrr_at_1_max": 0.282828,
        "nauc_mrr_at_1_std": -0.117358,
        "nauc_mrr_at_1_diff1": 0.706316,
        "nauc_mrr_at_3_max": 0.301977,
        "nauc_mrr_at_3_std": -0.108466,
        "nauc_mrr_at_3_diff1": 0.672808,
        "nauc_mrr_at_5_max": 0.307859,
        "nauc_mrr_at_5_std": -0.102874,
        "nauc_mrr_at_5_diff1": 0.675748,
        "nauc_mrr_at_10_max": 0.310185,
        "nauc_mrr_at_10_std": -0.098399,
        "nauc_mrr_at_10_diff1": 0.67692,
        "nauc_mrr_at_20_max": 0.31023,
        "nauc_mrr_at_20_std": -0.097317,
        "nauc_mrr_at_20_diff1": 0.677466,
        "nauc_mrr_at_100_max": 0.309372,
        "nauc_mrr_at_100_std": -0.097732,
        "nauc_mrr_at_100_diff1": 0.677875,
        "nauc_mrr_at_1000_max": 0.309259,
        "nauc_mrr_at_1000_std": -0.097923,
        "nauc_mrr_at_1000_diff1": 0.677888,
        "cv_recall_at_1": 0.6398,
        "cv_recall_at_3": 0.8222,
        "cv_recall_at_5": 0.874,
        "cv_recall_at_10": 0.922,
        "cv_recall_at_20": 0.9484,
        "cv_recall_at_100": 0.978,
        "cv_recall_at_1000": 0.9968,
        "main_score": 0.78492,
        "hf_subset": "default",
        "languages": [
          "eng-Latn"
        ]
      }
    ]
  },
  "evaluation_time": 788.393670797348,
  "kg_co2_emissions": null
}