{
  "dataset_revision": "5377aa18f309ec440ff6325a4c2cd3362c2cb8d7",
  "task_name": "ChemRxivRetrieval",
  "mteb_version": "2.7.1",
  "scores": {
    "test": [
      {
        "ndcg_at_1": 0.6892,
        "ndcg_at_3": 0.78858,
        "ndcg_at_5": 0.80845,
        "ndcg_at_10": 0.82055,
        "ndcg_at_20": 0.82599,
        "ndcg_at_100": 0.83075,
        "ndcg_at_1000": 0.83197,
        "map_at_1": 0.6892,
        "map_at_3": 0.7646,
        "map_at_5": 0.77573,
        "map_at_10": 0.78084,
        "map_at_20": 0.78233,
        "map_at_100": 0.78304,
        "map_at_1000": 0.78309,
        "recall_at_1": 0.6892,
        "recall_at_3": 0.8578,
        "recall_at_5": 0.9056,
        "recall_at_10": 0.9424,
        "recall_at_20": 0.964,
        "recall_at_100": 0.9888,
        "recall_at_1000": 0.9984,
        "accuracy": 0.6892,
        "precision_at_1": 0.6892,
        "precision_at_3": 0.28593,
        "precision_at_5": 0.18112,
        "precision_at_10": 0.09424,
        "precision_at_20": 0.0482,
        "precision_at_100": 0.00989,
        "precision_at_1000": 0.001,
        "mrr_at_1": 0.6896,
        "mrr_at_3": 0.7648,
        "mrr_at_5": 0.77585,
        "mrr_at_10": 0.78103,
        "mrr_at_20": 0.782514,
        "mrr_at_100": 0.783226,
        "mrr_at_1000": 0.783274,
        "nauc_ndcg_at_1_max": 0.381935,
        "nauc_ndcg_at_1_std": -0.21004,
        "nauc_ndcg_at_1_diff1": 0.742676,
        "nauc_ndcg_at_3_max": 0.409874,
        "nauc_ndcg_at_3_std": -0.225226,
        "nauc_ndcg_at_3_diff1": 0.701678,
        "nauc_ndcg_at_5_max": 0.420541,
        "nauc_ndcg_at_5_std": -0.212491,
        "nauc_ndcg_at_5_diff1": 0.701395,
        "nauc_ndcg_at_10_max": 0.43081,
        "nauc_ndcg_at_10_std": -0.202461,
        "nauc_ndcg_at_10_diff1": 0.707681,
        "nauc_ndcg_at_20_max": 0.425104,
        "nauc_ndcg_at_20_std": -0.202223,
        "nauc_ndcg_at_20_diff1": 0.708806,
        "nauc_ndcg_at_100_max": 0.419071,
        "nauc_ndcg_at_100_std": -0.202881,
        "nauc_ndcg_at_100_diff1": 0.712218,
        "nauc_ndcg_at_1000_max": 0.415742,
        "nauc_ndcg_at_1000_std": -0.206605,
        "nauc_ndcg_at_1000_diff1": 0.712895,
        "nauc_map_at_1_max": 0.381935,
        "nauc_map_at_1_std": -0.21004,
        "nauc_map_at_1_diff1": 0.742676,
        "nauc_map_at_3_max": 0.401399,
        "nauc_map_at_3_std": -0.220925,
        "nauc_map_at_3_diff1": 0.71273,
        "nauc_map_at_5_max": 0.406156,
        "nauc_map_at_5_std": -0.214462,
        "nauc_map_at_5_diff1": 0.713118,
        "nauc_map_at_10_max": 0.409475,
        "nauc_map_at_10_std": -0.210925,
        "nauc_map_at_10_diff1": 0.71559,
        "nauc_map_at_20_max": 0.408133,
        "nauc_map_at_20_std": -0.210849,
        "nauc_map_at_20_diff1": 0.715919,
        "nauc_map_at_100_max": 0.407389,
        "nauc_map_at_100_std": -0.210961,
        "nauc_map_at_100_diff1": 0.716355,
        "nauc_map_at_1000_max": 0.407294,
        "nauc_map_at_1000_std": -0.211063,
        "nauc_map_at_1000_diff1": 0.716386,
        "nauc_recall_at_1_max": 0.381935,
        "nauc_recall_at_1_std": -0.21004,
        "nauc_recall_at_1_diff1": 0.742676,
        "nauc_recall_at_3_max": 0.447153,
        "nauc_recall_at_3_std": -0.243947,
        "nauc_recall_at_3_diff1": 0.65395,
        "nauc_recall_at_5_max": 0.510879,
        "nauc_recall_at_5_std": -0.196801,
        "nauc_recall_at_5_diff1": 0.631497,
        "nauc_recall_at_10_max": 0.653757,
        "nauc_recall_at_10_std": -0.103192,
        "nauc_recall_at_10_diff1": 0.640774,
        "nauc_recall_at_20_max": 0.686819,
        "nauc_recall_at_20_std": -0.043155,
        "nauc_recall_at_20_diff1": 0.619167,
        "nauc_recall_at_100_max": 0.835951,
        "nauc_recall_at_100_std": 0.266648,
        "nauc_recall_at_100_diff1": 0.654779,
        "nauc_recall_at_1000_max": 0.863154,
        "nauc_recall_at_1000_std": 0.291783,
        "nauc_recall_at_1000_diff1": 0.742939,
        "nauc_precision_at_1_max": 0.381935,
        "nauc_precision_at_1_std": -0.21004,
        "nauc_precision_at_1_diff1": 0.742676,
        "nauc_precision_at_3_max": 0.447153,
        "nauc_precision_at_3_std": -0.243947,
        "nauc_precision_at_3_diff1": 0.65395,
        "nauc_precision_at_5_max": 0.510879,
        "nauc_precision_at_5_std": -0.196801,
        "nauc_precision_at_5_diff1": 0.631497,
        "nauc_precision_at_10_max": 0.653757,
        "nauc_precision_at_10_std": -0.103192,
        "nauc_precision_at_10_diff1": 0.640774,
        "nauc_precision_at_20_max": 0.686819,
        "nauc_precision_at_20_std": -0.043155,
        "nauc_precision_at_20_diff1": 0.619167,
        "nauc_precision_at_100_max": 0.835951,
        "nauc_precision_at_100_std": 0.266648,
        "nauc_precision_at_100_diff1": 0.654779,
        "nauc_precision_at_1000_max": 0.863154,
        "nauc_precision_at_1000_std": 0.291783,
        "nauc_precision_at_1000_diff1": 0.742939,
        "nauc_mrr_at_1_max": 0.382705,
        "nauc_mrr_at_1_std": -0.209216,
        "nauc_mrr_at_1_diff1": 0.741788,
        "nauc_mrr_at_3_max": 0.401586,
        "nauc_mrr_at_3_std": -0.220408,
        "nauc_mrr_at_3_diff1": 0.712149,
        "nauc_mrr_at_5_max": 0.406664,
        "nauc_mrr_at_5_std": -0.21395,
        "nauc_mrr_at_5_diff1": 0.712625,
        "nauc_mrr_at_10_max": 0.409944,
        "nauc_mrr_at_10_std": -0.210368,
        "nauc_mrr_at_10_diff1": 0.714987,
        "nauc_mrr_at_20_max": 0.408604,
        "nauc_mrr_at_20_std": -0.210282,
        "nauc_mrr_at_20_diff1": 0.715309,
        "nauc_mrr_at_100_max": 0.407862,
        "nauc_mrr_at_100_std": -0.210391,
        "nauc_mrr_at_100_diff1": 0.715744,
        "nauc_mrr_at_1000_max": 0.407767,
        "nauc_mrr_at_1000_std": -0.210493,
        "nauc_mrr_at_1000_diff1": 0.715775,
        "cv_recall_at_1": 0.6896,
        "cv_recall_at_3": 0.8578,
        "cv_recall_at_5": 0.9052,
        "cv_recall_at_10": 0.9424,
        "cv_recall_at_20": 0.964,
        "cv_recall_at_100": 0.9888,
        "cv_recall_at_1000": 0.9984,
        "main_score": 0.82055,
        "hf_subset": "default",
        "languages": [
          "eng-Latn"
        ]
      }
    ]
  },
  "evaluation_time": 778.6834573745728,
  "kg_co2_emissions": null
}