{
  "dataset_revision": "3a309e201f3c2c4b13bd4a367a8f37eee2ec1d21",
  "task_name": "ClimateFEVERHardNegatives",
  "mteb_version": "2.7.12",
  "scores": {
    "test": [
      {
        "ndcg_at_1": 0.179,
        "ndcg_at_3": 0.1665,
        "ndcg_at_5": 0.18656,
        "ndcg_at_10": 0.21826,
        "ndcg_at_20": 0.2479,
        "ndcg_at_100": 0.29913,
        "ndcg_at_1000": 0.34409,
        "map_at_1": 0.08247,
        "map_at_3": 0.12093,
        "map_at_5": 0.13561,
        "map_at_10": 0.14829,
        "map_at_20": 0.15802,
        "map_at_100": 0.16696,
        "map_at_1000": 0.16933,
        "recall_at_1": 0.08247,
        "recall_at_3": 0.15777,
        "recall_at_5": 0.20762,
        "recall_at_10": 0.28095,
        "recall_at_20": 0.36455,
        "recall_at_100": 0.56265,
        "recall_at_1000": 0.8161,
        "accuracy": 0.08247,
        "precision_at_1": 0.179,
        "precision_at_3": 0.122,
        "precision_at_5": 0.0998,
        "precision_at_10": 0.07,
        "precision_at_20": 0.04745,
        "precision_at_100": 0.01567,
        "precision_at_1000": 0.00241,
        "mrr_at_1": 0.179,
        "mrr_at_3": 0.246667,
        "mrr_at_5": 0.268267,
        "mrr_at_10": 0.285615,
        "mrr_at_20": 0.293474,
        "mrr_at_100": 0.298554,
        "mrr_at_1000": 0.299081,
        "nauc_ndcg_at_1_max": 0.335698,
        "nauc_ndcg_at_1_std": 0.12287,
        "nauc_ndcg_at_1_diff1": 0.29212,
        "nauc_ndcg_at_3_max": 0.355531,
        "nauc_ndcg_at_3_std": 0.129055,
        "nauc_ndcg_at_3_diff1": 0.250795,
        "nauc_ndcg_at_5_max": 0.360956,
        "nauc_ndcg_at_5_std": 0.125155,
        "nauc_ndcg_at_5_diff1": 0.237547,
        "nauc_ndcg_at_10_max": 0.380495,
        "nauc_ndcg_at_10_std": 0.154356,
        "nauc_ndcg_at_10_diff1": 0.23724,
        "nauc_ndcg_at_20_max": 0.398563,
        "nauc_ndcg_at_20_std": 0.178002,
        "nauc_ndcg_at_20_diff1": 0.235693,
        "nauc_ndcg_at_100_max": 0.418021,
        "nauc_ndcg_at_100_std": 0.220941,
        "nauc_ndcg_at_100_diff1": 0.224741,
        "nauc_ndcg_at_1000_max": 0.41849,
        "nauc_ndcg_at_1000_std": 0.221165,
        "nauc_ndcg_at_1000_diff1": 0.224257,
        "nauc_map_at_1_max": 0.376539,
        "nauc_map_at_1_std": 0.076478,
        "nauc_map_at_1_diff1": 0.326323,
        "nauc_map_at_3_max": 0.376915,
        "nauc_map_at_3_std": 0.109124,
        "nauc_map_at_3_diff1": 0.277518,
        "nauc_map_at_5_max": 0.37479,
        "nauc_map_at_5_std": 0.106205,
        "nauc_map_at_5_diff1": 0.266222,
        "nauc_map_at_10_max": 0.387224,
        "nauc_map_at_10_std": 0.12198,
        "nauc_map_at_10_diff1": 0.267008,
        "nauc_map_at_20_max": 0.394777,
        "nauc_map_at_20_std": 0.133836,
        "nauc_map_at_20_diff1": 0.264493,
        "nauc_map_at_100_max": 0.40192,
        "nauc_map_at_100_std": 0.146465,
        "nauc_map_at_100_diff1": 0.262376,
        "nauc_map_at_1000_max": 0.40231,
        "nauc_map_at_1000_std": 0.147116,
        "nauc_map_at_1000_diff1": 0.262288,
        "nauc_recall_at_1_max": 0.376539,
        "nauc_recall_at_1_std": 0.076478,
        "nauc_recall_at_1_diff1": 0.326323,
        "nauc_recall_at_3_max": 0.347178,
        "nauc_recall_at_3_std": 0.117704,
        "nauc_recall_at_3_diff1": 0.22157,
        "nauc_recall_at_5_max": 0.32763,
        "nauc_recall_at_5_std": 0.107074,
        "nauc_recall_at_5_diff1": 0.186469,
        "nauc_recall_at_10_max": 0.34444,
        "nauc_recall_at_10_std": 0.153535,
        "nauc_recall_at_10_diff1": 0.181082,
        "nauc_recall_at_20_max": 0.366295,
        "nauc_recall_at_20_std": 0.192628,
        "nauc_recall_at_20_diff1": 0.169914,
        "nauc_recall_at_100_max": 0.38196,
        "nauc_recall_at_100_std": 0.299218,
        "nauc_recall_at_100_diff1": 0.111571,
        "nauc_recall_at_1000_max": 0.395827,
        "nauc_recall_at_1000_std": 0.371689,
        "nauc_recall_at_1000_diff1": 0.046152,
        "nauc_precision_at_1_max": 0.335698,
        "nauc_precision_at_1_std": 0.12287,
        "nauc_precision_at_1_diff1": 0.29212,
        "nauc_precision_at_3_max": 0.332037,
        "nauc_precision_at_3_std": 0.159233,
        "nauc_precision_at_3_diff1": 0.206257,
        "nauc_precision_at_5_max": 0.320552,
        "nauc_precision_at_5_std": 0.164847,
        "nauc_precision_at_5_diff1": 0.164884,
        "nauc_precision_at_10_max": 0.332726,
        "nauc_precision_at_10_std": 0.222298,
        "nauc_precision_at_10_diff1": 0.137881,
        "nauc_precision_at_20_max": 0.341776,
        "nauc_precision_at_20_std": 0.265709,
        "nauc_precision_at_20_diff1": 0.120091,
        "nauc_precision_at_100_max": 0.290076,
        "nauc_precision_at_100_std": 0.341291,
        "nauc_precision_at_100_diff1": 0.033439,
        "nauc_precision_at_1000_max": 0.113979,
        "nauc_precision_at_1000_std": 0.236998,
        "nauc_precision_at_1000_diff1": -0.050533,
        "nauc_mrr_at_1_max": 0.335698,
        "nauc_mrr_at_1_std": 0.12287,
        "nauc_mrr_at_1_diff1": 0.29212,
        "nauc_mrr_at_3_max": 0.334715,
        "nauc_mrr_at_3_std": 0.140885,
        "nauc_mrr_at_3_diff1": 0.241095,
        "nauc_mrr_at_5_max": 0.338538,
        "nauc_mrr_at_5_std": 0.148228,
        "nauc_mrr_at_5_diff1": 0.23265,
        "nauc_mrr_at_10_max": 0.342912,
        "nauc_mrr_at_10_std": 0.158528,
        "nauc_mrr_at_10_diff1": 0.229673,
        "nauc_mrr_at_20_max": 0.346766,
        "nauc_mrr_at_20_std": 0.160867,
        "nauc_mrr_at_20_diff1": 0.232088,
        "nauc_mrr_at_100_max": 0.347241,
        "nauc_mrr_at_100_std": 0.161397,
        "nauc_mrr_at_100_diff1": 0.232317,
        "nauc_mrr_at_1000_max": 0.347092,
        "nauc_mrr_at_1000_std": 0.16108,
        "nauc_mrr_at_1000_diff1": 0.232493,
        "cv_recall_at_1": 0.179,
        "cv_recall_at_3": 0.331,
        "cv_recall_at_5": 0.424,
        "cv_recall_at_10": 0.555,
        "cv_recall_at_20": 0.664,
        "cv_recall_at_100": 0.859,
        "cv_recall_at_1000": 0.967,
        "main_score": 0.21826,
        "hf_subset": "default",
        "languages": [
          "eng-Latn"
        ]
      }
    ]
  },
  "evaluation_time": 279.9751627445221,
  "kg_co2_emissions": null
}