{
  "dataset_revision": "6c6430d3a6d36f8d2a829195bc5dc94d7e063e53",
  "task_name": "CQADupstackUnixRetrieval",
  "mteb_version": "2.7.12",
  "scores": {
    "test": [
      {
        "ndcg_at_1": 0.28918,
        "ndcg_at_3": 0.32098,
        "ndcg_at_5": 0.33418,
        "ndcg_at_10": 0.35898,
        "ndcg_at_20": 0.37841,
        "ndcg_at_100": 0.40885,
        "ndcg_at_1000": 0.43578,
        "map_at_1": 0.24378,
        "map_at_3": 0.29328,
        "map_at_5": 0.30323,
        "map_at_10": 0.31425,
        "map_at_20": 0.32002,
        "map_at_100": 0.32469,
        "map_at_1000": 0.32583,
        "recall_at_1": 0.24378,
        "recall_at_3": 0.34491,
        "recall_at_5": 0.38092,
        "recall_at_10": 0.4558,
        "recall_at_20": 0.52633,
        "recall_at_100": 0.67488,
        "recall_at_1000": 0.8653,
        "accuracy": 0.24378,
        "precision_at_1": 0.28918,
        "precision_at_3": 0.14552,
        "precision_at_5": 0.09832,
        "precision_at_10": 0.05924,
        "precision_at_20": 0.03493,
        "precision_at_100": 0.00936,
        "precision_at_1000": 0.00129,
        "mrr_at_1": 0.289179,
        "mrr_at_3": 0.337531,
        "mrr_at_5": 0.346346,
        "mrr_at_10": 0.356309,
        "mrr_at_20": 0.361436,
        "mrr_at_100": 0.365197,
        "mrr_at_1000": 0.365914,
        "nauc_ndcg_at_1_max": 0.480718,
        "nauc_ndcg_at_1_std": 0.014051,
        "nauc_ndcg_at_1_diff1": 0.563115,
        "nauc_ndcg_at_3_max": 0.461648,
        "nauc_ndcg_at_3_std": 0.029757,
        "nauc_ndcg_at_3_diff1": 0.529626,
        "nauc_ndcg_at_5_max": 0.45966,
        "nauc_ndcg_at_5_std": 0.029758,
        "nauc_ndcg_at_5_diff1": 0.525929,
        "nauc_ndcg_at_10_max": 0.440626,
        "nauc_ndcg_at_10_std": 0.024776,
        "nauc_ndcg_at_10_diff1": 0.509263,
        "nauc_ndcg_at_20_max": 0.439486,
        "nauc_ndcg_at_20_std": 0.032779,
        "nauc_ndcg_at_20_diff1": 0.499172,
        "nauc_ndcg_at_100_max": 0.452867,
        "nauc_ndcg_at_100_std": 0.050199,
        "nauc_ndcg_at_100_diff1": 0.497664,
        "nauc_ndcg_at_1000_max": 0.45878,
        "nauc_ndcg_at_1000_std": 0.05417,
        "nauc_ndcg_at_1000_diff1": 0.501329,
        "nauc_map_at_1_max": 0.471585,
        "nauc_map_at_1_std": 0.000187,
        "nauc_map_at_1_diff1": 0.585986,
        "nauc_map_at_3_max": 0.464811,
        "nauc_map_at_3_std": 0.022888,
        "nauc_map_at_3_diff1": 0.549827,
        "nauc_map_at_5_max": 0.464027,
        "nauc_map_at_5_std": 0.023984,
        "nauc_map_at_5_diff1": 0.544241,
        "nauc_map_at_10_max": 0.456355,
        "nauc_map_at_10_std": 0.021552,
        "nauc_map_at_10_diff1": 0.536852,
        "nauc_map_at_20_max": 0.456532,
        "nauc_map_at_20_std": 0.024371,
        "nauc_map_at_20_diff1": 0.533611,
        "nauc_map_at_100_max": 0.458708,
        "nauc_map_at_100_std": 0.026875,
        "nauc_map_at_100_diff1": 0.533315,
        "nauc_map_at_1000_max": 0.458987,
        "nauc_map_at_1000_std": 0.027107,
        "nauc_map_at_1000_diff1": 0.533304,
        "nauc_recall_at_1_max": 0.471585,
        "nauc_recall_at_1_std": 0.000187,
        "nauc_recall_at_1_diff1": 0.585986,
        "nauc_recall_at_3_max": 0.431044,
        "nauc_recall_at_3_std": 0.037896,
        "nauc_recall_at_3_diff1": 0.499468,
        "nauc_recall_at_5_max": 0.427173,
        "nauc_recall_at_5_std": 0.041238,
        "nauc_recall_at_5_diff1": 0.479893,
        "nauc_recall_at_10_max": 0.358797,
        "nauc_recall_at_10_std": 0.022939,
        "nauc_recall_at_10_diff1": 0.419796,
        "nauc_recall_at_20_max": 0.344803,
        "nauc_recall_at_20_std": 0.051811,
        "nauc_recall_at_20_diff1": 0.376981,
        "nauc_recall_at_100_max": 0.392398,
        "nauc_recall_at_100_std": 0.15827,
        "nauc_recall_at_100_diff1": 0.341264,
        "nauc_recall_at_1000_max": 0.459412,
        "nauc_recall_at_1000_std": 0.342347,
        "nauc_recall_at_1000_diff1": 0.305215,
        "nauc_precision_at_1_max": 0.480718,
        "nauc_precision_at_1_std": 0.014051,
        "nauc_precision_at_1_diff1": 0.563115,
        "nauc_precision_at_3_max": 0.421561,
        "nauc_precision_at_3_std": 0.063687,
        "nauc_precision_at_3_diff1": 0.416725,
        "nauc_precision_at_5_max": 0.399147,
        "nauc_precision_at_5_std": 0.070673,
        "nauc_precision_at_5_diff1": 0.369964,
        "nauc_precision_at_10_max": 0.329554,
        "nauc_precision_at_10_std": 0.052578,
        "nauc_precision_at_10_diff1": 0.288347,
        "nauc_precision_at_20_max": 0.285136,
        "nauc_precision_at_20_std": 0.062293,
        "nauc_precision_at_20_diff1": 0.20551,
        "nauc_precision_at_100_max": 0.24322,
        "nauc_precision_at_100_std": 0.132603,
        "nauc_precision_at_100_diff1": 0.081721,
        "nauc_precision_at_1000_max": 0.092865,
        "nauc_precision_at_1000_std": 0.084878,
        "nauc_precision_at_1000_diff1": -0.082177,
        "nauc_mrr_at_1_max": 0.480718,
        "nauc_mrr_at_1_std": 0.014051,
        "nauc_mrr_at_1_diff1": 0.563115,
        "nauc_mrr_at_3_max": 0.465702,
        "nauc_mrr_at_3_std": 0.026256,
        "nauc_mrr_at_3_diff1": 0.526686,
        "nauc_mrr_at_5_max": 0.466291,
        "nauc_mrr_at_5_std": 0.026767,
        "nauc_mrr_at_5_diff1": 0.52439,
        "nauc_mrr_at_10_max": 0.458753,
        "nauc_mrr_at_10_std": 0.025738,
        "nauc_mrr_at_10_diff1": 0.517087,
        "nauc_mrr_at_20_max": 0.458463,
        "nauc_mrr_at_20_std": 0.027297,
        "nauc_mrr_at_20_diff1": 0.515153,
        "nauc_mrr_at_100_max": 0.460336,
        "nauc_mrr_at_100_std": 0.0286,
        "nauc_mrr_at_100_diff1": 0.515383,
        "nauc_mrr_at_1000_max": 0.460497,
        "nauc_mrr_at_1000_std": 0.028707,
        "nauc_mrr_at_1000_diff1": 0.515641,
        "cv_recall_at_1": 0.28918,
        "cv_recall_at_3": 0.40019,
        "cv_recall_at_5": 0.4375,
        "cv_recall_at_10": 0.51493,
        "cv_recall_at_20": 0.58862,
        "cv_recall_at_100": 0.73787,
        "cv_recall_at_1000": 0.90392,
        "main_score": 0.35898,
        "hf_subset": "default",
        "languages": [
          "eng-Latn"
        ]
      }
    ]
  },
  "evaluation_time": 328.78857469558716,
  "kg_co2_emissions": null
}