{
  "dataset_revision": "080c9ed6267b65029207906e815d44a9240bafca",
  "task_name": "FEVERHardNegatives",
  "mteb_version": "2.7.12",
  "scores": {
    "test": [
      {
        "ndcg_at_1": 0.597,
        "ndcg_at_3": 0.69826,
        "ndcg_at_5": 0.72355,
        "ndcg_at_10": 0.7382,
        "ndcg_at_20": 0.74942,
        "ndcg_at_100": 0.75807,
        "ndcg_at_1000": 0.76177,
        "map_at_1": 0.56458,
        "map_at_3": 0.662,
        "map_at_5": 0.67737,
        "map_at_10": 0.68388,
        "map_at_20": 0.68736,
        "map_at_100": 0.68882,
        "map_at_1000": 0.68901,
        "recall_at_1": 0.56458,
        "recall_at_3": 0.77082,
        "recall_at_5": 0.83264,
        "recall_at_10": 0.87671,
        "recall_at_20": 0.91813,
        "recall_at_100": 0.95982,
        "recall_at_1000": 0.98467,
        "accuracy": 0.56458,
        "precision_at_1": 0.597,
        "precision_at_3": 0.27533,
        "precision_at_5": 0.1796,
        "precision_at_10": 0.0951,
        "precision_at_20": 0.05035,
        "precision_at_100": 0.01077,
        "precision_at_1000": 0.00113,
        "mrr_at_1": 0.597,
        "mrr_at_3": 0.6925,
        "mrr_at_5": 0.7059,
        "mrr_at_10": 0.711867,
        "mrr_at_20": 0.714515,
        "mrr_at_100": 0.7154,
        "mrr_at_1000": 0.715476,
        "nauc_ndcg_at_1_max": 0.187363,
        "nauc_ndcg_at_1_std": 0.166301,
        "nauc_ndcg_at_1_diff1": 0.631892,
        "nauc_ndcg_at_3_max": 0.230212,
        "nauc_ndcg_at_3_std": 0.235268,
        "nauc_ndcg_at_3_diff1": 0.604564,
        "nauc_ndcg_at_5_max": 0.213059,
        "nauc_ndcg_at_5_std": 0.248842,
        "nauc_ndcg_at_5_diff1": 0.594604,
        "nauc_ndcg_at_10_max": 0.199793,
        "nauc_ndcg_at_10_std": 0.251277,
        "nauc_ndcg_at_10_diff1": 0.587176,
        "nauc_ndcg_at_20_max": 0.198939,
        "nauc_ndcg_at_20_std": 0.244906,
        "nauc_ndcg_at_20_diff1": 0.593587,
        "nauc_ndcg_at_100_max": 0.198333,
        "nauc_ndcg_at_100_std": 0.237118,
        "nauc_ndcg_at_100_diff1": 0.597266,
        "nauc_ndcg_at_1000_max": 0.200033,
        "nauc_ndcg_at_1000_std": 0.233994,
        "nauc_ndcg_at_1000_diff1": 0.598751,
        "nauc_map_at_1_max": 0.188963,
        "nauc_map_at_1_std": 0.149425,
        "nauc_map_at_1_diff1": 0.620228,
        "nauc_map_at_3_max": 0.221692,
        "nauc_map_at_3_std": 0.208485,
        "nauc_map_at_3_diff1": 0.607403,
        "nauc_map_at_5_max": 0.21229,
        "nauc_map_at_5_std": 0.212653,
        "nauc_map_at_5_diff1": 0.603771,
        "nauc_map_at_10_max": 0.208061,
        "nauc_map_at_10_std": 0.214119,
        "nauc_map_at_10_diff1": 0.601547,
        "nauc_map_at_20_max": 0.207691,
        "nauc_map_at_20_std": 0.212457,
        "nauc_map_at_20_diff1": 0.60325,
        "nauc_map_at_100_max": 0.20732,
        "nauc_map_at_100_std": 0.211536,
        "nauc_map_at_100_diff1": 0.603311,
        "nauc_map_at_1000_max": 0.207408,
        "nauc_map_at_1000_std": 0.211495,
        "nauc_map_at_1000_diff1": 0.603367,
        "nauc_recall_at_1_max": 0.188963,
        "nauc_recall_at_1_std": 0.149425,
        "nauc_recall_at_1_diff1": 0.620228,
        "nauc_recall_at_3_max": 0.272037,
        "nauc_recall_at_3_std": 0.322009,
        "nauc_recall_at_3_diff1": 0.567047,
        "nauc_recall_at_5_max": 0.219882,
        "nauc_recall_at_5_std": 0.389642,
        "nauc_recall_at_5_diff1": 0.514494,
        "nauc_recall_at_10_max": 0.147629,
        "nauc_recall_at_10_std": 0.442837,
        "nauc_recall_at_10_diff1": 0.453608,
        "nauc_recall_at_20_max": 0.122355,
        "nauc_recall_at_20_std": 0.467935,
        "nauc_recall_at_20_diff1": 0.452541,
        "nauc_recall_at_100_max": 0.073732,
        "nauc_recall_at_100_std": 0.504571,
        "nauc_recall_at_100_diff1": 0.472203,
        "nauc_recall_at_1000_max": 0.063406,
        "nauc_recall_at_1000_std": 0.638329,
        "nauc_recall_at_1000_diff1": 0.475748,
        "nauc_precision_at_1_max": 0.187363,
        "nauc_precision_at_1_std": 0.166301,
        "nauc_precision_at_1_diff1": 0.631892,
        "nauc_precision_at_3_max": 0.24162,
        "nauc_precision_at_3_std": 0.333245,
        "nauc_precision_at_3_diff1": 0.488499,
        "nauc_precision_at_5_max": 0.15742,
        "nauc_precision_at_5_std": 0.354783,
        "nauc_precision_at_5_diff1": 0.351386,
        "nauc_precision_at_10_max": 0.049012,
        "nauc_precision_at_10_std": 0.343725,
        "nauc_precision_at_10_diff1": 0.201943,
        "nauc_precision_at_20_max": -0.032725,
        "nauc_precision_at_20_std": 0.247029,
        "nauc_precision_at_20_diff1": 0.048632,
        "nauc_precision_at_100_max": -0.092522,
        "nauc_precision_at_100_std": 0.085533,
        "nauc_precision_at_100_diff1": -0.135153,
        "nauc_precision_at_1000_max": -0.109977,
        "nauc_precision_at_1000_std": 0.006834,
        "nauc_precision_at_1000_diff1": -0.207764,
        "nauc_mrr_at_1_max": 0.187363,
        "nauc_mrr_at_1_std": 0.166301,
        "nauc_mrr_at_1_diff1": 0.631892,
        "nauc_mrr_at_3_max": 0.207915,
        "nauc_mrr_at_3_std": 0.217137,
        "nauc_mrr_at_3_diff1": 0.612845,
        "nauc_mrr_at_5_max": 0.197914,
        "nauc_mrr_at_5_std": 0.222971,
        "nauc_mrr_at_5_diff1": 0.608587,
        "nauc_mrr_at_10_max": 0.192668,
        "nauc_mrr_at_10_std": 0.222206,
        "nauc_mrr_at_10_diff1": 0.606121,
        "nauc_mrr_at_20_max": 0.192779,
        "nauc_mrr_at_20_std": 0.219875,
        "nauc_mrr_at_20_diff1": 0.607546,
        "nauc_mrr_at_100_max": 0.192573,
        "nauc_mrr_at_100_std": 0.218843,
        "nauc_mrr_at_100_diff1": 0.608008,
        "nauc_mrr_at_1000_max": 0.192675,
        "nauc_mrr_at_1000_std": 0.21871,
        "nauc_mrr_at_1000_diff1": 0.608094,
        "cv_recall_at_1": 0.597,
        "cv_recall_at_3": 0.807,
        "cv_recall_at_5": 0.866,
        "cv_recall_at_10": 0.91,
        "cv_recall_at_20": 0.947,
        "cv_recall_at_100": 0.981,
        "cv_recall_at_1000": 0.996,
        "main_score": 0.7382,
        "hf_subset": "default",
        "languages": [
          "eng-Latn"
        ]
      }
    ]
  },
  "evaluation_time": 578.8791317939758,
  "kg_co2_emissions": null
}