{
  "dataset_revision": "617612fa63afcb60e3b134bed8b7216a99707c37",
  "task_name": "HotpotQAHardNegatives",
  "mteb_version": "2.7.12",
  "scores": {
    "test": [
      {
        "ndcg_at_1": 0.786,
        "ndcg_at_3": 0.66391,
        "ndcg_at_5": 0.6937,
        "ndcg_at_10": 0.72091,
        "ndcg_at_20": 0.73648,
        "ndcg_at_100": 0.75673,
        "ndcg_at_1000": 0.76678,
        "map_at_1": 0.393,
        "map_at_3": 0.593,
        "map_at_5": 0.61708,
        "map_at_10": 0.63394,
        "map_at_20": 0.64028,
        "map_at_100": 0.64466,
        "map_at_1000": 0.64523,
        "recall_at_1": 0.393,
        "recall_at_3": 0.642,
        "recall_at_5": 0.701,
        "recall_at_10": 0.7685,
        "recall_at_20": 0.818,
        "recall_at_100": 0.9065,
        "recall_at_1000": 0.9725,
        "accuracy": 0.393,
        "precision_at_1": 0.786,
        "precision_at_3": 0.428,
        "precision_at_5": 0.2804,
        "precision_at_10": 0.1537,
        "precision_at_20": 0.0818,
        "precision_at_100": 0.01813,
        "precision_at_1000": 0.00195,
        "mrr_at_1": 0.786,
        "mrr_at_3": 0.839667,
        "mrr_at_5": 0.845417,
        "mrr_at_10": 0.849183,
        "mrr_at_20": 0.850803,
        "mrr_at_100": 0.851329,
        "mrr_at_1000": 0.851336,
        "nauc_ndcg_at_1_max": 0.520094,
        "nauc_ndcg_at_1_std": -0.038753,
        "nauc_ndcg_at_1_diff1": 0.737418,
        "nauc_ndcg_at_3_max": 0.224701,
        "nauc_ndcg_at_3_std": -0.098447,
        "nauc_ndcg_at_3_diff1": 0.227764,
        "nauc_ndcg_at_5_max": 0.2133,
        "nauc_ndcg_at_5_std": -0.087201,
        "nauc_ndcg_at_5_diff1": 0.21181,
        "nauc_ndcg_at_10_max": 0.208501,
        "nauc_ndcg_at_10_std": -0.085238,
        "nauc_ndcg_at_10_diff1": 0.208962,
        "nauc_ndcg_at_20_max": 0.208983,
        "nauc_ndcg_at_20_std": -0.069717,
        "nauc_ndcg_at_20_diff1": 0.20467,
        "nauc_ndcg_at_100_max": 0.216426,
        "nauc_ndcg_at_100_std": -0.047987,
        "nauc_ndcg_at_100_diff1": 0.213838,
        "nauc_ndcg_at_1000_max": 0.228154,
        "nauc_ndcg_at_1000_std": -0.051452,
        "nauc_ndcg_at_1000_diff1": 0.233045,
        "nauc_map_at_1_max": 0.520094,
        "nauc_map_at_1_std": -0.038753,
        "nauc_map_at_1_diff1": 0.737418,
        "nauc_map_at_3_max": 0.188237,
        "nauc_map_at_3_std": -0.091556,
        "nauc_map_at_3_diff1": 0.167691,
        "nauc_map_at_5_max": 0.18083,
        "nauc_map_at_5_std": -0.08333,
        "nauc_map_at_5_diff1": 0.158956,
        "nauc_map_at_10_max": 0.178931,
        "nauc_map_at_10_std": -0.081473,
        "nauc_map_at_10_diff1": 0.158838,
        "nauc_map_at_20_max": 0.179414,
        "nauc_map_at_20_std": -0.076311,
        "nauc_map_at_20_diff1": 0.158304,
        "nauc_map_at_100_max": 0.180371,
        "nauc_map_at_100_std": -0.072927,
        "nauc_map_at_100_diff1": 0.159577,
        "nauc_map_at_1000_max": 0.180701,
        "nauc_map_at_1000_std": -0.072825,
        "nauc_map_at_1000_diff1": 0.160081,
        "nauc_recall_at_1_max": 0.520094,
        "nauc_recall_at_1_std": -0.038753,
        "nauc_recall_at_1_diff1": 0.737418,
        "nauc_recall_at_3_max": 0.13435,
        "nauc_recall_at_3_std": -0.118244,
        "nauc_recall_at_3_diff1": 0.083402,
        "nauc_recall_at_5_max": 0.100919,
        "nauc_recall_at_5_std": -0.095625,
        "nauc_recall_at_5_diff1": 0.03798,
        "nauc_recall_at_10_max": 0.063655,
        "nauc_recall_at_10_std": -0.09016,
        "nauc_recall_at_10_diff1": -0.005836,
        "nauc_recall_at_20_max": 0.033865,
        "nauc_recall_at_20_std": -0.028727,
        "nauc_recall_at_20_diff1": -0.069197,
        "nauc_recall_at_100_max": -0.018862,
        "nauc_recall_at_100_std": 0.180854,
        "nauc_recall_at_100_diff1": -0.181617,
        "nauc_recall_at_1000_max": 0.008717,
        "nauc_recall_at_1000_std": 0.461395,
        "nauc_recall_at_1000_diff1": -0.194924,
        "nauc_precision_at_1_max": 0.520094,
        "nauc_precision_at_1_std": -0.038753,
        "nauc_precision_at_1_diff1": 0.737418,
        "nauc_precision_at_3_max": 0.13435,
        "nauc_precision_at_3_std": -0.118244,
        "nauc_precision_at_3_diff1": 0.083402,
        "nauc_precision_at_5_max": 0.100919,
        "nauc_precision_at_5_std": -0.095625,
        "nauc_precision_at_5_diff1": 0.03798,
        "nauc_precision_at_10_max": 0.063655,
        "nauc_precision_at_10_std": -0.09016,
        "nauc_precision_at_10_diff1": -0.005836,
        "nauc_precision_at_20_max": 0.033865,
        "nauc_precision_at_20_std": -0.028727,
        "nauc_precision_at_20_diff1": -0.069197,
        "nauc_precision_at_100_max": -0.018862,
        "nauc_precision_at_100_std": 0.180854,
        "nauc_precision_at_100_diff1": -0.181617,
        "nauc_precision_at_1000_max": 0.008717,
        "nauc_precision_at_1000_std": 0.461395,
        "nauc_precision_at_1000_diff1": -0.194924,
        "nauc_mrr_at_1_max": 0.520094,
        "nauc_mrr_at_1_std": -0.038753,
        "nauc_mrr_at_1_diff1": 0.737418,
        "nauc_mrr_at_3_max": 0.521452,
        "nauc_mrr_at_3_std": -0.075759,
        "nauc_mrr_at_3_diff1": 0.716771,
        "nauc_mrr_at_5_max": 0.522672,
        "nauc_mrr_at_5_std": -0.071748,
        "nauc_mrr_at_5_diff1": 0.714953,
        "nauc_mrr_at_10_max": 0.524351,
        "nauc_mrr_at_10_std": -0.072306,
        "nauc_mrr_at_10_diff1": 0.719054,
        "nauc_mrr_at_20_max": 0.525106,
        "nauc_mrr_at_20_std": -0.071329,
        "nauc_mrr_at_20_diff1": 0.719311,
        "nauc_mrr_at_100_max": 0.524796,
        "nauc_mrr_at_100_std": -0.070861,
        "nauc_mrr_at_100_diff1": 0.719642,
        "nauc_mrr_at_1000_max": 0.524795,
        "nauc_mrr_at_1000_std": -0.070857,
        "nauc_mrr_at_1000_diff1": 0.71965,
        "cv_recall_at_1": 0.786,
        "cv_recall_at_3": 0.905,
        "cv_recall_at_5": 0.93,
        "cv_recall_at_10": 0.957,
        "cv_recall_at_20": 0.979,
        "cv_recall_at_100": 0.999,
        "cv_recall_at_1000": 1.0,
        "main_score": 0.72091,
        "hf_subset": "default",
        "languages": [
          "eng-Latn"
        ]
      }
    ]
  },
  "evaluation_time": 478.21377515792847,
  "kg_co2_emissions": null
}