{
  "dataset_revision": "5377aa18f309ec440ff6325a4c2cd3362c2cb8d7",
  "task_name": "ChemRxivRetrieval",
  "mteb_version": "2.7.1",
  "scores": {
    "test": [
      {
        "ndcg_at_1": 0.6216,
        "ndcg_at_3": 0.72731,
        "ndcg_at_5": 0.74956,
        "ndcg_at_10": 0.76813,
        "ndcg_at_20": 0.77561,
        "ndcg_at_100": 0.78229,
        "ndcg_at_1000": 0.78462,
        "map_at_1": 0.6216,
        "map_at_3": 0.70197,
        "map_at_5": 0.71437,
        "map_at_10": 0.72219,
        "map_at_20": 0.72426,
        "map_at_100": 0.72523,
        "map_at_1000": 0.72531,
        "recall_at_1": 0.6216,
        "recall_at_3": 0.8004,
        "recall_at_5": 0.8542,
        "recall_at_10": 0.9108,
        "recall_at_20": 0.9402,
        "recall_at_100": 0.9756,
        "recall_at_1000": 0.9942,
        "accuracy": 0.6216,
        "precision_at_1": 0.6216,
        "precision_at_3": 0.2668,
        "precision_at_5": 0.17084,
        "precision_at_10": 0.09108,
        "precision_at_20": 0.04701,
        "precision_at_100": 0.00976,
        "precision_at_1000": 0.00099,
        "mrr_at_1": 0.622,
        "mrr_at_3": 0.7021,
        "mrr_at_5": 0.71455,
        "mrr_at_10": 0.722368,
        "mrr_at_20": 0.724439,
        "mrr_at_100": 0.725411,
        "mrr_at_1000": 0.725493,
        "nauc_ndcg_at_1_max": 0.36289,
        "nauc_ndcg_at_1_std": -0.092928,
        "nauc_ndcg_at_1_diff1": 0.692384,
        "nauc_ndcg_at_3_max": 0.407691,
        "nauc_ndcg_at_3_std": -0.060157,
        "nauc_ndcg_at_3_diff1": 0.657682,
        "nauc_ndcg_at_5_max": 0.418141,
        "nauc_ndcg_at_5_std": -0.046537,
        "nauc_ndcg_at_5_diff1": 0.657647,
        "nauc_ndcg_at_10_max": 0.427433,
        "nauc_ndcg_at_10_std": -0.02878,
        "nauc_ndcg_at_10_diff1": 0.660069,
        "nauc_ndcg_at_20_max": 0.427124,
        "nauc_ndcg_at_20_std": -0.026203,
        "nauc_ndcg_at_20_diff1": 0.662997,
        "nauc_ndcg_at_100_max": 0.417152,
        "nauc_ndcg_at_100_std": -0.035161,
        "nauc_ndcg_at_100_diff1": 0.665325,
        "nauc_ndcg_at_1000_max": 0.41303,
        "nauc_ndcg_at_1000_std": -0.042122,
        "nauc_ndcg_at_1000_diff1": 0.665663,
        "nauc_map_at_1_max": 0.36289,
        "nauc_map_at_1_std": -0.092928,
        "nauc_map_at_1_diff1": 0.692384,
        "nauc_map_at_3_max": 0.39491,
        "nauc_map_at_3_std": -0.068999,
        "nauc_map_at_3_diff1": 0.666393,
        "nauc_map_at_5_max": 0.399273,
        "nauc_map_at_5_std": -0.062987,
        "nauc_map_at_5_diff1": 0.666623,
        "nauc_map_at_10_max": 0.401884,
        "nauc_map_at_10_std": -0.057404,
        "nauc_map_at_10_diff1": 0.667751,
        "nauc_map_at_20_max": 0.401687,
        "nauc_map_at_20_std": -0.057008,
        "nauc_map_at_20_diff1": 0.668504,
        "nauc_map_at_100_max": 0.400436,
        "nauc_map_at_100_std": -0.058056,
        "nauc_map_at_100_diff1": 0.668764,
        "nauc_map_at_1000_max": 0.400314,
        "nauc_map_at_1000_std": -0.058245,
        "nauc_map_at_1000_diff1": 0.668786,
        "nauc_recall_at_1_max": 0.36289,
        "nauc_recall_at_1_std": -0.092928,
        "nauc_recall_at_1_diff1": 0.692384,
        "nauc_recall_at_3_max": 0.457202,
        "nauc_recall_at_3_std": -0.026194,
        "nauc_recall_at_3_diff1": 0.624609,
        "nauc_recall_at_5_max": 0.51463,
        "nauc_recall_at_5_std": 0.038622,
        "nauc_recall_at_5_diff1": 0.614434,
        "nauc_recall_at_10_max": 0.634547,
        "nauc_recall_at_10_std": 0.211592,
        "nauc_recall_at_10_diff1": 0.606421,
        "nauc_recall_at_20_max": 0.729459,
        "nauc_recall_at_20_std": 0.360369,
        "nauc_recall_at_20_diff1": 0.61646,
        "nauc_recall_at_100_max": 0.766569,
        "nauc_recall_at_100_std": 0.544275,
        "nauc_recall_at_100_diff1": 0.646994,
        "nauc_recall_at_1000_max": 0.857465,
        "nauc_recall_at_1000_std": 0.628771,
        "nauc_recall_at_1000_diff1": 0.648942,
        "nauc_precision_at_1_max": 0.36289,
        "nauc_precision_at_1_std": -0.092928,
        "nauc_precision_at_1_diff1": 0.692384,
        "nauc_precision_at_3_max": 0.457202,
        "nauc_precision_at_3_std": -0.026194,
        "nauc_precision_at_3_diff1": 0.624609,
        "nauc_precision_at_5_max": 0.51463,
        "nauc_precision_at_5_std": 0.038622,
        "nauc_precision_at_5_diff1": 0.614434,
        "nauc_precision_at_10_max": 0.634547,
        "nauc_precision_at_10_std": 0.211592,
        "nauc_precision_at_10_diff1": 0.606421,
        "nauc_precision_at_20_max": 0.729459,
        "nauc_precision_at_20_std": 0.360369,
        "nauc_precision_at_20_diff1": 0.61646,
        "nauc_precision_at_100_max": 0.766569,
        "nauc_precision_at_100_std": 0.544275,
        "nauc_precision_at_100_diff1": 0.646994,
        "nauc_precision_at_1000_max": 0.857465,
        "nauc_precision_at_1000_std": 0.628771,
        "nauc_precision_at_1000_diff1": 0.648942,
        "nauc_mrr_at_1_max": 0.362903,
        "nauc_mrr_at_1_std": -0.09286,
        "nauc_mrr_at_1_diff1": 0.691569,
        "nauc_mrr_at_3_max": 0.394873,
        "nauc_mrr_at_3_std": -0.069394,
        "nauc_mrr_at_3_diff1": 0.666003,
        "nauc_mrr_at_5_max": 0.399217,
        "nauc_mrr_at_5_std": -0.063048,
        "nauc_mrr_at_5_diff1": 0.666128,
        "nauc_mrr_at_10_max": 0.401886,
        "nauc_mrr_at_10_std": -0.057469,
        "nauc_mrr_at_10_diff1": 0.667244,
        "nauc_mrr_at_20_max": 0.401698,
        "nauc_mrr_at_20_std": -0.057064,
        "nauc_mrr_at_20_diff1": 0.667993,
        "nauc_mrr_at_100_max": 0.400446,
        "nauc_mrr_at_100_std": -0.05811,
        "nauc_mrr_at_100_diff1": 0.668251,
        "nauc_mrr_at_1000_max": 0.400325,
        "nauc_mrr_at_1000_std": -0.058299,
        "nauc_mrr_at_1000_diff1": 0.668272,
        "cv_recall_at_1": 0.622,
        "cv_recall_at_3": 0.8002,
        "cv_recall_at_5": 0.8542,
        "cv_recall_at_10": 0.9108,
        "cv_recall_at_20": 0.9402,
        "cv_recall_at_100": 0.9756,
        "cv_recall_at_1000": 0.9942,
        "main_score": 0.76813,
        "hf_subset": "default",
        "languages": [
          "eng-Latn"
        ]
      }
    ]
  },
  "evaluation_time": 772.2265026569366,
  "kg_co2_emissions": null
}