{
  "dataset_revision": "5377aa18f309ec440ff6325a4c2cd3362c2cb8d7",
  "task_name": "ChemRxivRetrieval",
  "mteb_version": "2.7.1",
  "scores": {
    "test": [
      {
        "ndcg_at_1": 0.0108,
        "ndcg_at_3": 0.01687,
        "ndcg_at_5": 0.0209,
        "ndcg_at_10": 0.02468,
        "ndcg_at_20": 0.02909,
        "ndcg_at_100": 0.0415,
        "ndcg_at_1000": 0.06634,
        "map_at_1": 0.0108,
        "map_at_3": 0.01543,
        "map_at_5": 0.01766,
        "map_at_10": 0.0192,
        "map_at_20": 0.02042,
        "map_at_100": 0.02198,
        "map_at_1000": 0.02269,
        "recall_at_1": 0.0108,
        "recall_at_3": 0.021,
        "recall_at_5": 0.0308,
        "recall_at_10": 0.0426,
        "recall_at_20": 0.06,
        "recall_at_100": 0.1292,
        "recall_at_1000": 0.3386,
        "accuracy": 0.0108,
        "precision_at_1": 0.0108,
        "precision_at_3": 0.007,
        "precision_at_5": 0.00616,
        "precision_at_10": 0.00426,
        "precision_at_20": 0.003,
        "precision_at_100": 0.00129,
        "precision_at_1000": 0.00034,
        "mrr_at_1": 0.0108,
        "mrr_at_3": 0.015433,
        "mrr_at_5": 0.017673,
        "mrr_at_10": 0.019191,
        "mrr_at_20": 0.020427,
        "mrr_at_100": 0.02199,
        "mrr_at_1000": 0.022692,
        "nauc_ndcg_at_1_max": 0.297707,
        "nauc_ndcg_at_1_std": -0.142558,
        "nauc_ndcg_at_1_diff1": 0.174686,
        "nauc_ndcg_at_3_max": 0.223461,
        "nauc_ndcg_at_3_std": -0.087931,
        "nauc_ndcg_at_3_diff1": 0.088357,
        "nauc_ndcg_at_5_max": 0.180406,
        "nauc_ndcg_at_5_std": -0.08102,
        "nauc_ndcg_at_5_diff1": 0.05549,
        "nauc_ndcg_at_10_max": 0.162776,
        "nauc_ndcg_at_10_std": -0.080362,
        "nauc_ndcg_at_10_diff1": 0.039051,
        "nauc_ndcg_at_20_max": 0.153708,
        "nauc_ndcg_at_20_std": -0.079801,
        "nauc_ndcg_at_20_diff1": 0.036643,
        "nauc_ndcg_at_100_max": 0.120177,
        "nauc_ndcg_at_100_std": -0.083974,
        "nauc_ndcg_at_100_diff1": 0.010643,
        "nauc_ndcg_at_1000_max": 0.105606,
        "nauc_ndcg_at_1000_std": -0.077097,
        "nauc_ndcg_at_1000_diff1": 0.02243,
        "nauc_map_at_1_max": 0.297707,
        "nauc_map_at_1_std": -0.142558,
        "nauc_map_at_1_diff1": 0.174686,
        "nauc_map_at_3_max": 0.237934,
        "nauc_map_at_3_std": -0.094959,
        "nauc_map_at_3_diff1": 0.103869,
        "nauc_map_at_5_max": 0.208241,
        "nauc_map_at_5_std": -0.089751,
        "nauc_map_at_5_diff1": 0.081069,
        "nauc_map_at_10_max": 0.197786,
        "nauc_map_at_10_std": -0.088872,
        "nauc_map_at_10_diff1": 0.071101,
        "nauc_map_at_20_max": 0.191877,
        "nauc_map_at_20_std": -0.087533,
        "nauc_map_at_20_diff1": 0.068369,
        "nauc_map_at_100_max": 0.182792,
        "nauc_map_at_100_std": -0.089808,
        "nauc_map_at_100_diff1": 0.059809,
        "nauc_map_at_1000_max": 0.180773,
        "nauc_map_at_1000_std": -0.089374,
        "nauc_map_at_1000_diff1": 0.06006,
        "nauc_recall_at_1_max": 0.297707,
        "nauc_recall_at_1_std": -0.142558,
        "nauc_recall_at_1_diff1": 0.174686,
        "nauc_recall_at_3_max": 0.192178,
        "nauc_recall_at_3_std": -0.073689,
        "nauc_recall_at_3_diff1": 0.055173,
        "nauc_recall_at_5_max": 0.130259,
        "nauc_recall_at_5_std": -0.066325,
        "nauc_recall_at_5_diff1": 0.009844,
        "nauc_recall_at_10_max": 0.109856,
        "nauc_recall_at_10_std": -0.068814,
        "nauc_recall_at_10_diff1": -0.008848,
        "nauc_recall_at_20_max": 0.108384,
        "nauc_recall_at_20_std": -0.072637,
        "nauc_recall_at_20_diff1": 0.000184,
        "nauc_recall_at_100_max": 0.065535,
        "nauc_recall_at_100_std": -0.079522,
        "nauc_recall_at_100_diff1": -0.029046,
        "nauc_recall_at_1000_max": 0.057544,
        "nauc_recall_at_1000_std": -0.065933,
        "nauc_recall_at_1000_diff1": 0.009604,
        "nauc_precision_at_1_max": 0.297707,
        "nauc_precision_at_1_std": -0.142558,
        "nauc_precision_at_1_diff1": 0.174686,
        "nauc_precision_at_3_max": 0.192178,
        "nauc_precision_at_3_std": -0.073689,
        "nauc_precision_at_3_diff1": 0.055173,
        "nauc_precision_at_5_max": 0.130259,
        "nauc_precision_at_5_std": -0.066325,
        "nauc_precision_at_5_diff1": 0.009844,
        "nauc_precision_at_10_max": 0.109856,
        "nauc_precision_at_10_std": -0.068814,
        "nauc_precision_at_10_diff1": -0.008848,
        "nauc_precision_at_20_max": 0.108384,
        "nauc_precision_at_20_std": -0.072637,
        "nauc_precision_at_20_diff1": 0.000184,
        "nauc_precision_at_100_max": 0.065535,
        "nauc_precision_at_100_std": -0.079522,
        "nauc_precision_at_100_diff1": -0.029046,
        "nauc_precision_at_1000_max": 0.057544,
        "nauc_precision_at_1000_std": -0.065933,
        "nauc_precision_at_1000_diff1": 0.009604,
        "nauc_mrr_at_1_max": 0.297707,
        "nauc_mrr_at_1_std": -0.142558,
        "nauc_mrr_at_1_diff1": 0.174686,
        "nauc_mrr_at_3_max": 0.237934,
        "nauc_mrr_at_3_std": -0.094959,
        "nauc_mrr_at_3_diff1": 0.103869,
        "nauc_mrr_at_5_max": 0.208007,
        "nauc_mrr_at_5_std": -0.089881,
        "nauc_mrr_at_5_diff1": 0.080789,
        "nauc_mrr_at_10_max": 0.198114,
        "nauc_mrr_at_10_std": -0.08887,
        "nauc_mrr_at_10_diff1": 0.070819,
        "nauc_mrr_at_20_max": 0.191777,
        "nauc_mrr_at_20_std": -0.087622,
        "nauc_mrr_at_20_diff1": 0.068193,
        "nauc_mrr_at_100_max": 0.182701,
        "nauc_mrr_at_100_std": -0.089893,
        "nauc_mrr_at_100_diff1": 0.059646,
        "nauc_mrr_at_1000_max": 0.180684,
        "nauc_mrr_at_1000_std": -0.089457,
        "nauc_mrr_at_1000_diff1": 0.0599,
        "cv_recall_at_1": 0.0108,
        "cv_recall_at_3": 0.021,
        "cv_recall_at_5": 0.0308,
        "cv_recall_at_10": 0.0424,
        "cv_recall_at_20": 0.06,
        "cv_recall_at_100": 0.1292,
        "cv_recall_at_1000": 0.3386,
        "main_score": 0.02468,
        "hf_subset": "default",
        "languages": [
          "eng-Latn"
        ]
      }
    ]
  },
  "evaluation_time": 390.13937497138977,
  "kg_co2_emissions": null
}