{
  "dataset_revision": "5d958fb6b31055495347724d46431ba41309b03a",
  "task_name": "ChemNQRetrieval",
  "mteb_version": "2.7.12",
  "scores": {
    "test": [
      {
        "ndcg_at_1": 0.55556,
        "ndcg_at_3": 0.59521,
        "ndcg_at_5": 0.61994,
        "ndcg_at_10": 0.63408,
        "ndcg_at_20": 0.6549,
        "ndcg_at_100": 0.67945,
        "ndcg_at_1000": 0.68564,
        "map_at_1": 0.43827,
        "map_at_3": 0.54938,
        "map_at_5": 0.56605,
        "map_at_10": 0.5724,
        "map_at_20": 0.58039,
        "map_at_100": 0.58424,
        "map_at_1000": 0.58448,
        "recall_at_1": 0.43827,
        "recall_at_3": 0.66049,
        "recall_at_5": 0.71605,
        "recall_at_10": 0.75309,
        "recall_at_20": 0.82716,
        "recall_at_100": 0.95062,
        "recall_at_1000": 1.0,
        "accuracy": 0.43827,
        "precision_at_1": 0.55556,
        "precision_at_3": 0.2716,
        "precision_at_5": 0.17778,
        "precision_at_10": 0.0963,
        "precision_at_20": 0.0537,
        "precision_at_100": 0.01222,
        "precision_at_1000": 0.0013,
        "mrr_at_1": 0.555556,
        "mrr_at_3": 0.62963,
        "mrr_at_5": 0.638889,
        "mrr_at_10": 0.64418,
        "mrr_at_20": 0.646238,
        "mrr_at_100": 0.649844,
        "mrr_at_1000": 0.649898,
        "nauc_ndcg_at_1_max": 0.458649,
        "nauc_ndcg_at_1_std": 0.119955,
        "nauc_ndcg_at_1_diff1": 0.09261,
        "nauc_ndcg_at_3_max": 0.210627,
        "nauc_ndcg_at_3_std": -0.072847,
        "nauc_ndcg_at_3_diff1": 0.195025,
        "nauc_ndcg_at_5_max": 0.284728,
        "nauc_ndcg_at_5_std": -0.025535,
        "nauc_ndcg_at_5_diff1": 0.160784,
        "nauc_ndcg_at_10_max": 0.348926,
        "nauc_ndcg_at_10_std": 0.063666,
        "nauc_ndcg_at_10_diff1": 0.190397,
        "nauc_ndcg_at_20_max": 0.365497,
        "nauc_ndcg_at_20_std": 0.093625,
        "nauc_ndcg_at_20_diff1": 0.209126,
        "nauc_ndcg_at_100_max": 0.322299,
        "nauc_ndcg_at_100_std": 0.035846,
        "nauc_ndcg_at_100_diff1": 0.18776,
        "nauc_ndcg_at_1000_max": 0.329003,
        "nauc_ndcg_at_1000_std": 0.042873,
        "nauc_ndcg_at_1000_diff1": 0.181428,
        "nauc_map_at_1_max": 0.247973,
        "nauc_map_at_1_std": 0.100645,
        "nauc_map_at_1_diff1": 0.026748,
        "nauc_map_at_3_max": 0.176003,
        "nauc_map_at_3_std": -0.070582,
        "nauc_map_at_3_diff1": 0.168185,
        "nauc_map_at_5_max": 0.227955,
        "nauc_map_at_5_std": -0.040989,
        "nauc_map_at_5_diff1": 0.143882,
        "nauc_map_at_10_max": 0.25602,
        "nauc_map_at_10_std": -0.004804,
        "nauc_map_at_10_diff1": 0.158806,
        "nauc_map_at_20_max": 0.265789,
        "nauc_map_at_20_std": 0.009598,
        "nauc_map_at_20_diff1": 0.160859,
        "nauc_map_at_100_max": 0.259317,
        "nauc_map_at_100_std": 0.001806,
        "nauc_map_at_100_diff1": 0.158491,
        "nauc_map_at_1000_max": 0.259266,
        "nauc_map_at_1000_std": 0.001693,
        "nauc_map_at_1000_diff1": 0.158403,
        "nauc_recall_at_1_max": 0.247973,
        "nauc_recall_at_1_std": 0.100645,
        "nauc_recall_at_1_diff1": 0.026748,
        "nauc_recall_at_3_max": 0.080707,
        "nauc_recall_at_3_std": -0.169759,
        "nauc_recall_at_3_diff1": 0.250927,
        "nauc_recall_at_5_max": 0.25065,
        "nauc_recall_at_5_std": -0.062905,
        "nauc_recall_at_5_diff1": 0.17663,
        "nauc_recall_at_10_max": 0.472055,
        "nauc_recall_at_10_std": 0.222766,
        "nauc_recall_at_10_diff1": 0.287785,
        "nauc_recall_at_20_max": 0.564391,
        "nauc_recall_at_20_std": 0.399881,
        "nauc_recall_at_20_diff1": 0.460382,
        "nauc_recall_at_100_max": -0.042286,
        "nauc_recall_at_100_std": -0.34008,
        "nauc_recall_at_100_diff1": 0.445361,
        "nauc_recall_at_1000_max": NaN,
        "nauc_recall_at_1000_std": NaN,
        "nauc_recall_at_1000_diff1": NaN,
        "nauc_precision_at_1_max": 0.458649,
        "nauc_precision_at_1_std": 0.119955,
        "nauc_precision_at_1_diff1": 0.09261,
        "nauc_precision_at_3_max": 0.249259,
        "nauc_precision_at_3_std": -0.192554,
        "nauc_precision_at_3_diff1": 0.315934,
        "nauc_precision_at_5_max": 0.404839,
        "nauc_precision_at_5_std": -0.066927,
        "nauc_precision_at_5_diff1": 0.18462,
        "nauc_precision_at_10_max": 0.594325,
        "nauc_precision_at_10_std": 0.247464,
        "nauc_precision_at_10_diff1": 0.274733,
        "nauc_precision_at_20_max": 0.572369,
        "nauc_precision_at_20_std": 0.333697,
        "nauc_precision_at_20_diff1": 0.262392,
        "nauc_precision_at_100_max": 0.419861,
        "nauc_precision_at_100_std": 0.159354,
        "nauc_precision_at_100_diff1": 0.167606,
        "nauc_precision_at_1000_max": 0.373092,
        "nauc_precision_at_1000_std": 0.168638,
        "nauc_precision_at_1000_diff1": 0.092169,
        "nauc_mrr_at_1_max": 0.458649,
        "nauc_mrr_at_1_std": 0.119955,
        "nauc_mrr_at_1_diff1": 0.09261,
        "nauc_mrr_at_3_max": 0.415685,
        "nauc_mrr_at_3_std": 0.033744,
        "nauc_mrr_at_3_diff1": 0.178722,
        "nauc_mrr_at_5_max": 0.431183,
        "nauc_mrr_at_5_std": 0.053175,
        "nauc_mrr_at_5_diff1": 0.171292,
        "nauc_mrr_at_10_max": 0.447857,
        "nauc_mrr_at_10_std": 0.086651,
        "nauc_mrr_at_10_diff1": 0.171493,
        "nauc_mrr_at_20_max": 0.444323,
        "nauc_mrr_at_20_std": 0.084568,
        "nauc_mrr_at_20_diff1": 0.176816,
        "nauc_mrr_at_100_max": 0.439811,
        "nauc_mrr_at_100_std": 0.077501,
        "nauc_mrr_at_100_diff1": 0.17451,
        "nauc_mrr_at_1000_max": 0.439931,
        "nauc_mrr_at_1000_std": 0.077628,
        "nauc_mrr_at_1000_diff1": 0.174436,
        "cv_recall_at_1": 0.55556,
        "cv_recall_at_3": 0.74074,
        "cv_recall_at_5": 0.77778,
        "cv_recall_at_10": 0.81481,
        "cv_recall_at_20": 0.85185,
        "cv_recall_at_100": 0.96296,
        "cv_recall_at_1000": 1.0,
        "main_score": 0.63408,
        "hf_subset": "default",
        "languages": [
          "eng-Latn"
        ]
      }
    ]
  },
  "evaluation_time": 61.511754751205444,
  "kg_co2_emissions": null
}