{
  "dataset_revision": "3412b208896a37e4ebb5ff7b96f6cc313ee9d2e3",
  "task_name": "PubChemWikiPairClassification",
  "mteb_version": "2.7.12",
  "scores": {
    "test": [
      {
        "similarity_accuracy": 0.964607,
        "similarity_f1": 0.822006,
        "similarity_precision": 0.830065,
        "similarity_recall": 0.814103,
        "similarity_ap": 0.879802,
        "cosine_accuracy": 0.964607,
        "cosine_f1": 0.822006,
        "cosine_precision": 0.830065,
        "cosine_recall": 0.814103,
        "cosine_ap": 0.879802,
        "manhattan_accuracy": 0.96332,
        "manhattan_f1": 0.808383,
        "manhattan_precision": 0.758427,
        "manhattan_recall": 0.865385,
        "manhattan_ap": 0.880968,
        "euclidean_accuracy": 0.964607,
        "euclidean_f1": 0.822006,
        "euclidean_precision": 0.830065,
        "euclidean_recall": 0.814103,
        "euclidean_ap": 0.879802,
        "dot_accuracy": 0.964607,
        "dot_f1": 0.822006,
        "dot_precision": 0.830065,
        "dot_recall": 0.814103,
        "dot_ap": 0.879802,
        "max_accuracy": 0.964607,
        "max_f1": 0.822006,
        "max_precision": 0.830065,
        "max_recall": 0.865385,
        "max_ap": 0.880968,
        "main_score": 0.880968,
        "hf_subset": "de",
        "languages": [
          "deu-Latn",
          "eng-Latn"
        ]
      },
      {
        "similarity_accuracy": 0.960221,
        "similarity_f1": 0.777778,
        "similarity_precision": 0.887324,
        "similarity_recall": 0.692308,
        "similarity_ap": 0.842031,
        "cosine_accuracy": 0.960221,
        "cosine_f1": 0.777778,
        "cosine_precision": 0.887324,
        "cosine_recall": 0.692308,
        "cosine_ap": 0.842031,
        "manhattan_accuracy": 0.959116,
        "manhattan_f1": 0.768293,
        "manhattan_precision": 0.863014,
        "manhattan_recall": 0.692308,
        "manhattan_ap": 0.833445,
        "euclidean_accuracy": 0.960221,
        "euclidean_f1": 0.777778,
        "euclidean_precision": 0.887324,
        "euclidean_recall": 0.692308,
        "euclidean_ap": 0.842031,
        "dot_accuracy": 0.960221,
        "dot_f1": 0.777778,
        "dot_precision": 0.887324,
        "dot_recall": 0.692308,
        "dot_ap": 0.842031,
        "max_accuracy": 0.960221,
        "max_f1": 0.777778,
        "max_precision": 0.887324,
        "max_recall": 0.692308,
        "max_ap": 0.842031,
        "main_score": 0.842031,
        "hf_subset": "nl",
        "languages": [
          "nld-Latn",
          "eng-Latn"
        ]
      },
      {
        "similarity_accuracy": 0.932732,
        "similarity_f1": 0.616601,
        "similarity_precision": 0.722222,
        "similarity_recall": 0.537931,
        "similarity_ap": 0.638564,
        "cosine_accuracy": 0.932732,
        "cosine_f1": 0.616601,
        "cosine_precision": 0.722222,
        "cosine_recall": 0.537931,
        "cosine_ap": 0.638564,
        "manhattan_accuracy": 0.931345,
        "manhattan_f1": 0.605364,
        "manhattan_precision": 0.681034,
        "manhattan_recall": 0.544828,
        "manhattan_ap": 0.62531,
        "euclidean_accuracy": 0.932732,
        "euclidean_f1": 0.616601,
        "euclidean_precision": 0.722222,
        "euclidean_recall": 0.537931,
        "euclidean_ap": 0.638564,
        "dot_accuracy": 0.932732,
        "dot_f1": 0.616601,
        "dot_precision": 0.722222,
        "dot_recall": 0.537931,
        "dot_ap": 0.638564,
        "max_accuracy": 0.932732,
        "max_f1": 0.616601,
        "max_precision": 0.722222,
        "max_recall": 0.544828,
        "max_ap": 0.638564,
        "main_score": 0.638564,
        "hf_subset": "zh",
        "languages": [
          "zho-Hans",
          "eng-Latn"
        ]
      },
      {
        "similarity_accuracy": 0.974189,
        "similarity_f1": 0.863813,
        "similarity_precision": 0.917355,
        "similarity_recall": 0.816176,
        "similarity_ap": 0.920322,
        "cosine_accuracy": 0.974189,
        "cosine_f1": 0.863813,
        "cosine_precision": 0.917355,
        "cosine_recall": 0.816176,
        "cosine_ap": 0.920322,
        "manhattan_accuracy": 0.973451,
        "manhattan_f1": 0.853846,
        "manhattan_precision": 0.895161,
        "manhattan_recall": 0.816176,
        "manhattan_ap": 0.915344,
        "euclidean_accuracy": 0.974189,
        "euclidean_f1": 0.863813,
        "euclidean_precision": 0.917355,
        "euclidean_recall": 0.816176,
        "euclidean_ap": 0.920322,
        "dot_accuracy": 0.974189,
        "dot_f1": 0.863813,
        "dot_precision": 0.917355,
        "dot_recall": 0.816176,
        "dot_ap": 0.920322,
        "max_accuracy": 0.974189,
        "max_f1": 0.863813,
        "max_precision": 0.917355,
        "max_recall": 0.816176,
        "max_ap": 0.920322,
        "main_score": 0.920322,
        "hf_subset": "fr",
        "languages": [
          "fra-Latn",
          "eng-Latn"
        ]
      },
      {
        "similarity_accuracy": 0.95857,
        "similarity_f1": 0.761062,
        "similarity_precision": 0.843137,
        "similarity_recall": 0.693548,
        "similarity_ap": 0.824408,
        "cosine_accuracy": 0.95857,
        "cosine_f1": 0.761062,
        "cosine_precision": 0.843137,
        "cosine_recall": 0.693548,
        "cosine_ap": 0.824408,
        "manhattan_accuracy": 0.956946,
        "manhattan_f1": 0.753363,
        "manhattan_precision": 0.848485,
        "manhattan_recall": 0.677419,
        "manhattan_ap": 0.817498,
        "euclidean_accuracy": 0.95857,
        "euclidean_f1": 0.761062,
        "euclidean_precision": 0.843137,
        "euclidean_recall": 0.693548,
        "euclidean_ap": 0.824408,
        "dot_accuracy": 0.95857,
        "dot_f1": 0.761062,
        "dot_precision": 0.843137,
        "dot_recall": 0.693548,
        "dot_ap": 0.824408,
        "max_accuracy": 0.95857,
        "max_f1": 0.761062,
        "max_precision": 0.848485,
        "max_recall": 0.693548,
        "max_ap": 0.824408,
        "main_score": 0.824408,
        "hf_subset": "es",
        "languages": [
          "spa-Latn",
          "eng-Latn"
        ]
      },
      {
        "similarity_accuracy": 0.943888,
        "similarity_f1": 0.685393,
        "similarity_precision": 0.782051,
        "similarity_recall": 0.61,
        "similarity_ap": 0.712721,
        "cosine_accuracy": 0.943888,
        "cosine_f1": 0.685393,
        "cosine_precision": 0.782051,
        "cosine_recall": 0.61,
        "cosine_ap": 0.712721,
        "manhattan_accuracy": 0.941884,
        "manhattan_f1": 0.715686,
        "manhattan_precision": 0.701923,
        "manhattan_recall": 0.73,
        "manhattan_ap": 0.710964,
        "euclidean_accuracy": 0.943888,
        "euclidean_f1": 0.685393,
        "euclidean_precision": 0.782051,
        "euclidean_recall": 0.61,
        "euclidean_ap": 0.712721,
        "dot_accuracy": 0.943888,
        "dot_f1": 0.685393,
        "dot_precision": 0.782051,
        "dot_recall": 0.61,
        "dot_ap": 0.712721,
        "max_accuracy": 0.943888,
        "max_f1": 0.715686,
        "max_precision": 0.782051,
        "max_recall": 0.73,
        "max_ap": 0.712721,
        "main_score": 0.712721,
        "hf_subset": "pt",
        "languages": [
          "por-Latn",
          "eng-Latn"
        ]
      },
      {
        "similarity_accuracy": 0.9375,
        "similarity_f1": 0.648649,
        "similarity_precision": 0.705882,
        "similarity_recall": 0.6,
        "similarity_ap": 0.669234,
        "cosine_accuracy": 0.9375,
        "cosine_f1": 0.648649,
        "cosine_precision": 0.705882,
        "cosine_recall": 0.6,
        "cosine_ap": 0.669234,
        "manhattan_accuracy": 0.942708,
        "manhattan_f1": 0.702703,
        "manhattan_precision": 0.764706,
        "manhattan_recall": 0.65,
        "manhattan_ap": 0.681713,
        "euclidean_accuracy": 0.9375,
        "euclidean_f1": 0.648649,