{
  "dataset_revision": "7fb14716e4106b72f51a16e682e5cd2d67e9bd70",
  "task_name": "PubChemWikiParagraphsPC",
  "mteb_version": "2.7.12",
  "scores": {
    "test": [
      {
        "similarity_accuracy": 0.899414,
        "similarity_f1": 0.294574,
        "similarity_precision": 0.215909,
        "similarity_recall": 0.463415,
        "similarity_ap": 0.175689,
        "cosine_accuracy": 0.899414,
        "cosine_f1": 0.294574,
        "cosine_precision": 0.215909,
        "cosine_recall": 0.463415,
        "cosine_ap": 0.175689,
        "manhattan_accuracy": 0.899414,
        "manhattan_f1": 0.285235,
        "manhattan_precision": 0.217391,
        "manhattan_recall": 0.414634,
        "manhattan_ap": 0.173375,
        "euclidean_accuracy": 0.899414,
        "euclidean_f1": 0.294574,
        "euclidean_precision": 0.215909,
        "euclidean_recall": 0.463415,
        "euclidean_ap": 0.175689,
        "dot_accuracy": 0.899414,
        "dot_f1": 0.294574,
        "dot_precision": 0.215909,
        "dot_recall": 0.463415,
        "dot_ap": 0.175689,
        "max_accuracy": 0.899414,
        "max_f1": 0.294574,
        "max_precision": 0.217391,
        "max_recall": 0.463415,
        "max_ap": 0.175689,
        "main_score": 0.175689,
        "hf_subset": "default",
        "languages": [
          "eng-Latn"
        ]
      }
    ]
  },
  "evaluation_time": 18.46496558189392,
  "kg_co2_emissions": null
}