{
  "dataset_revision": "5037d69d177c9628fb79cb57eea1299178b28c1b",
  "task_name": "PubChemSynonymPC",
  "mteb_version": "2.7.12",
  "scores": {
    "test": [
      {
        "similarity_accuracy": 0.943359,
        "similarity_f1": 0.638298,
        "similarity_precision": 0.84,
        "similarity_recall": 0.514706,
        "similarity_ap": 0.617571,
        "cosine_accuracy": 0.943359,
        "cosine_f1": 0.638298,
        "cosine_precision": 0.84,
        "cosine_recall": 0.514706,
        "cosine_ap": 0.617571,
        "manhattan_accuracy": 0.942383,
        "manhattan_f1": 0.636637,
        "manhattan_precision": 0.821705,
        "manhattan_recall": 0.519608,
        "manhattan_ap": 0.615896,
        "euclidean_accuracy": 0.943359,
        "euclidean_f1": 0.638298,
        "euclidean_precision": 0.84,
        "euclidean_recall": 0.514706,
        "euclidean_ap": 0.617571,
        "dot_accuracy": 0.943359,
        "dot_f1": 0.638298,
        "dot_precision": 0.84,
        "dot_recall": 0.514706,
        "dot_ap": 0.617571,
        "max_accuracy": 0.943359,
        "max_f1": 0.638298,
        "max_precision": 0.84,
        "max_recall": 0.519608,
        "max_ap": 0.617571,
        "main_score": 0.617571,
        "hf_subset": "default",
        "languages": [
          "eng-Latn"
        ]
      }
    ]
  },
  "evaluation_time": 5.1635472774505615,
  "kg_co2_emissions": null
}