{
  "dataset_revision": "5377aa18f309ec440ff6325a4c2cd3362c2cb8d7",
  "task_name": "ChemRxivRetrieval",
  "mteb_version": "2.7.1",
  "scores": {
    "test": [
      {
        "ndcg_at_1": 0.6726,
        "ndcg_at_3": 0.77214,
        "ndcg_at_5": 0.79253,
        "ndcg_at_10": 0.80562,
        "ndcg_at_20": 0.81212,
        "ndcg_at_100": 0.81749,
        "ndcg_at_1000": 0.81919,
        "map_at_1": 0.6726,
        "map_at_3": 0.7482,
        "map_at_5": 0.75954,
        "map_at_10": 0.76499,
        "map_at_20": 0.76679,
        "map_at_100": 0.7676,
        "map_at_1000": 0.76767,
        "recall_at_1": 0.6726,
        "recall_at_3": 0.8412,
        "recall_at_5": 0.8906,
        "recall_at_10": 0.9308,
        "recall_at_20": 0.9564,
        "recall_at_100": 0.9844,
        "recall_at_1000": 0.9978,
        "accuracy": 0.6726,
        "precision_at_1": 0.6726,
        "precision_at_3": 0.2804,
        "precision_at_5": 0.17812,
        "precision_at_10": 0.09308,
        "precision_at_20": 0.04782,
        "precision_at_100": 0.00984,
        "precision_at_1000": 0.001,
        "mrr_at_1": 0.673,
        "mrr_at_3": 0.7484,
        "mrr_at_5": 0.7597,
        "mrr_at_10": 0.765186,
        "mrr_at_20": 0.766997,
        "mrr_at_100": 0.767798,
        "mrr_at_1000": 0.767862,
        "nauc_ndcg_at_1_max": 0.379148,
        "nauc_ndcg_at_1_std": -0.148721,
        "nauc_ndcg_at_1_diff1": 0.731125,
        "nauc_ndcg_at_3_max": 0.4118,
        "nauc_ndcg_at_3_std": -0.136907,
        "nauc_ndcg_at_3_diff1": 0.686669,
        "nauc_ndcg_at_5_max": 0.418422,
        "nauc_ndcg_at_5_std": -0.121751,
        "nauc_ndcg_at_5_diff1": 0.685509,
        "nauc_ndcg_at_10_max": 0.424363,
        "nauc_ndcg_at_10_std": -0.114603,
        "nauc_ndcg_at_10_diff1": 0.691415,
        "nauc_ndcg_at_20_max": 0.424019,
        "nauc_ndcg_at_20_std": -0.113157,
        "nauc_ndcg_at_20_diff1": 0.693981,
        "nauc_ndcg_at_100_max": 0.417754,
        "nauc_ndcg_at_100_std": -0.116137,
        "nauc_ndcg_at_100_diff1": 0.696772,
        "nauc_ndcg_at_1000_max": 0.414144,
        "nauc_ndcg_at_1000_std": -0.122035,
        "nauc_ndcg_at_1000_diff1": 0.697795,
        "nauc_map_at_1_max": 0.379148,
        "nauc_map_at_1_std": -0.148721,
        "nauc_map_at_1_diff1": 0.731125,
        "nauc_map_at_3_max": 0.402295,
        "nauc_map_at_3_std": -0.140931,
        "nauc_map_at_3_diff1": 0.698723,
        "nauc_map_at_5_max": 0.404981,
        "nauc_map_at_5_std": -0.133955,
        "nauc_map_at_5_diff1": 0.698667,
        "nauc_map_at_10_max": 0.406633,
        "nauc_map_at_10_std": -0.131604,
        "nauc_map_at_10_diff1": 0.700833,
        "nauc_map_at_20_max": 0.406498,
        "nauc_map_at_20_std": -0.131292,
        "nauc_map_at_20_diff1": 0.7015,
        "nauc_map_at_100_max": 0.405741,
        "nauc_map_at_100_std": -0.131637,
        "nauc_map_at_100_diff1": 0.701827,
        "nauc_map_at_1000_max": 0.405634,
        "nauc_map_at_1000_std": -0.131815,
        "nauc_map_at_1000_diff1": 0.701878,
        "nauc_recall_at_1_max": 0.379148,
        "nauc_recall_at_1_std": -0.148721,
        "nauc_recall_at_1_diff1": 0.731125,
        "nauc_recall_at_3_max": 0.451547,
        "nauc_recall_at_3_std": -0.119712,
        "nauc_recall_at_3_diff1": 0.636813,
        "nauc_recall_at_5_max": 0.495529,
        "nauc_recall_at_5_std": -0.04831,
        "nauc_recall_at_5_diff1": 0.612666,
        "nauc_recall_at_10_max": 0.585553,
        "nauc_recall_at_10_std": 0.045108,
        "nauc_recall_at_10_diff1": 0.620437,
        "nauc_recall_at_20_max": 0.671907,
        "nauc_recall_at_20_std": 0.155876,
        "nauc_recall_at_20_diff1": 0.616996,
        "nauc_recall_at_100_max": 0.77038,
        "nauc_recall_at_100_std": 0.466207,
        "nauc_recall_at_100_diff1": 0.6337,
        "nauc_recall_at_1000_max": 0.856549,
        "nauc_recall_at_1000_std": 0.657372,
        "nauc_recall_at_1000_diff1": 0.738605,
        "nauc_precision_at_1_max": 0.379148,
        "nauc_precision_at_1_std": -0.148721,
        "nauc_precision_at_1_diff1": 0.731125,
        "nauc_precision_at_3_max": 0.451547,
        "nauc_precision_at_3_std": -0.119712,
        "nauc_precision_at_3_diff1": 0.636813,
        "nauc_precision_at_5_max": 0.495529,
        "nauc_precision_at_5_std": -0.04831,
        "nauc_precision_at_5_diff1": 0.612666,
        "nauc_precision_at_10_max": 0.585553,
        "nauc_precision_at_10_std": 0.045108,
        "nauc_precision_at_10_diff1": 0.620437,
        "nauc_precision_at_20_max": 0.671907,
        "nauc_precision_at_20_std": 0.155876,
        "nauc_precision_at_20_diff1": 0.616996,
        "nauc_precision_at_100_max": 0.77038,
        "nauc_precision_at_100_std": 0.466207,
        "nauc_precision_at_100_diff1": 0.6337,
        "nauc_precision_at_1000_max": 0.856549,
        "nauc_precision_at_1000_std": 0.657372,
        "nauc_precision_at_1000_diff1": 0.738605,
        "nauc_mrr_at_1_max": 0.379891,
        "nauc_mrr_at_1_std": -0.14852,
        "nauc_mrr_at_1_diff1": 0.730257,
        "nauc_mrr_at_3_max": 0.40282,
        "nauc_mrr_at_3_std": -0.140416,
        "nauc_mrr_at_3_diff1": 0.698165,
        "nauc_mrr_at_5_max": 0.405563,
        "nauc_mrr_at_5_std": -0.133725,
        "nauc_mrr_at_5_diff1": 0.698159,
        "nauc_mrr_at_10_max": 0.407171,
        "nauc_mrr_at_10_std": -0.131358,
        "nauc_mrr_at_10_diff1": 0.700248,
        "nauc_mrr_at_20_max": 0.407021,
        "nauc_mrr_at_20_std": -0.13107,
        "nauc_mrr_at_20_diff1": 0.700918,
        "nauc_mrr_at_100_max": 0.406288,
        "nauc_mrr_at_100_std": -0.131382,
        "nauc_mrr_at_100_diff1": 0.701236,
        "nauc_mrr_at_1000_max": 0.406182,
        "nauc_mrr_at_1000_std": -0.13156,
        "nauc_mrr_at_1000_diff1": 0.701287,
        "cv_recall_at_1": 0.673,
        "cv_recall_at_3": 0.8412,
        "cv_recall_at_5": 0.8904,
        "cv_recall_at_10": 0.9308,
        "cv_recall_at_20": 0.9566,
        "cv_recall_at_100": 0.9844,
        "cv_recall_at_1000": 0.9978,
        "main_score": 0.80562,
        "hf_subset": "default",
        "languages": [
          "eng-Latn"
        ]
      }
    ]
  },
  "evaluation_time": 777.6365797519684,
  "kg_co2_emissions": null
}