{
  "dataset_revision": "5377aa18f309ec440ff6325a4c2cd3362c2cb8d7",
  "task_name": "ChemRxivRetrieval",
  "mteb_version": "2.7.8",
  "scores": {
    "test": [
      {
        "ndcg_at_1": 0.6398,
        "ndcg_at_3": 0.74137,
        "ndcg_at_5": 0.76524,
        "ndcg_at_10": 0.78082,
        "ndcg_at_20": 0.7882,
        "ndcg_at_100": 0.79445,
        "ndcg_at_1000": 0.79651,
        "map_at_1": 0.6398,
        "map_at_3": 0.71677,
        "map_at_5": 0.73011,
        "map_at_10": 0.7366,
        "map_at_20": 0.73866,
        "map_at_100": 0.73958,
        "map_at_1000": 0.73966,
        "recall_at_1": 0.6398,
        "recall_at_3": 0.8124,
        "recall_at_5": 0.87,
        "recall_at_10": 0.9178,
        "recall_at_20": 0.9468,
        "recall_at_100": 0.9796,
        "recall_at_1000": 0.9956,
        "accuracy": 0.6398,
        "precision_at_1": 0.6398,
        "precision_at_3": 0.2708,
        "precision_at_5": 0.174,
        "precision_at_10": 0.09178,
        "precision_at_20": 0.04734,
        "precision_at_100": 0.0098,
        "precision_at_1000": 0.001,
        "mrr_at_1": 0.6402,
        "mrr_at_3": 0.717033,
        "mrr_at_5": 0.730323,
        "mrr_at_10": 0.736834,
        "mrr_at_20": 0.738874,
        "mrr_at_100": 0.739799,
        "mrr_at_1000": 0.739881,
        "nauc_ndcg_at_1_max": 0.340032,
        "nauc_ndcg_at_1_std": -0.155745,
        "nauc_ndcg_at_1_diff1": 0.718982,
        "nauc_ndcg_at_3_max": 0.375697,
        "nauc_ndcg_at_3_std": -0.16648,
        "nauc_ndcg_at_3_diff1": 0.675422,
        "nauc_ndcg_at_5_max": 0.39096,
        "nauc_ndcg_at_5_std": -0.147296,
        "nauc_ndcg_at_5_diff1": 0.676205,
        "nauc_ndcg_at_10_max": 0.396426,
        "nauc_ndcg_at_10_std": -0.139884,
        "nauc_ndcg_at_10_diff1": 0.679663,
        "nauc_ndcg_at_20_max": 0.394859,
        "nauc_ndcg_at_20_std": -0.136171,
        "nauc_ndcg_at_20_diff1": 0.683163,
        "nauc_ndcg_at_100_max": 0.387544,
        "nauc_ndcg_at_100_std": -0.13956,
        "nauc_ndcg_at_100_diff1": 0.685972,
        "nauc_ndcg_at_1000_max": 0.383292,
        "nauc_ndcg_at_1000_std": -0.143599,
        "nauc_ndcg_at_1000_diff1": 0.686631,
        "nauc_map_at_1_max": 0.340032,
        "nauc_map_at_1_std": -0.155745,
        "nauc_map_at_1_diff1": 0.718982,
        "nauc_map_at_3_max": 0.365399,
        "nauc_map_at_3_std": -0.164164,
        "nauc_map_at_3_diff1": 0.686948,
        "nauc_map_at_5_max": 0.372515,
        "nauc_map_at_5_std": -0.154571,
        "nauc_map_at_5_diff1": 0.687982,
        "nauc_map_at_10_max": 0.373919,
        "nauc_map_at_10_std": -0.152253,
        "nauc_map_at_10_diff1": 0.689451,
        "nauc_map_at_20_max": 0.373443,
        "nauc_map_at_20_std": -0.151458,
        "nauc_map_at_20_diff1": 0.690281,
        "nauc_map_at_100_max": 0.372516,
        "nauc_map_at_100_std": -0.151881,
        "nauc_map_at_100_diff1": 0.690673,
        "nauc_map_at_1000_max": 0.372372,
        "nauc_map_at_1000_std": -0.152004,
        "nauc_map_at_1000_diff1": 0.690687,
        "nauc_recall_at_1_max": 0.340032,
        "nauc_recall_at_1_std": -0.155745,
        "nauc_recall_at_1_diff1": 0.718982,
        "nauc_recall_at_3_max": 0.41635,
        "nauc_recall_at_3_std": -0.175175,
        "nauc_recall_at_3_diff1": 0.630526,
        "nauc_recall_at_5_max": 0.491494,
        "nauc_recall_at_5_std": -0.10354,
        "nauc_recall_at_5_diff1": 0.615261,
        "nauc_recall_at_10_max": 0.584312,
        "nauc_recall_at_10_std": -0.026247,
        "nauc_recall_at_10_diff1": 0.608201,
        "nauc_recall_at_20_max": 0.662849,
        "nauc_recall_at_20_std": 0.083774,
        "nauc_recall_at_20_diff1": 0.61836,
        "nauc_recall_at_100_max": 0.758811,
        "nauc_recall_at_100_std": 0.275434,
        "nauc_recall_at_100_diff1": 0.63698,
        "nauc_recall_at_1000_max": 0.815614,
        "nauc_recall_at_1000_std": 0.533444,
        "nauc_recall_at_1000_diff1": 0.676407,
        "nauc_precision_at_1_max": 0.340032,
        "nauc_precision_at_1_std": -0.155745,
        "nauc_precision_at_1_diff1": 0.718982,
        "nauc_precision_at_3_max": 0.41635,
        "nauc_precision_at_3_std": -0.175175,
        "nauc_precision_at_3_diff1": 0.630526,
        "nauc_precision_at_5_max": 0.491494,
        "nauc_precision_at_5_std": -0.10354,
        "nauc_precision_at_5_diff1": 0.615261,
        "nauc_precision_at_10_max": 0.584312,
        "nauc_precision_at_10_std": -0.026247,
        "nauc_precision_at_10_diff1": 0.608201,
        "nauc_precision_at_20_max": 0.662849,
        "nauc_precision_at_20_std": 0.083774,
        "nauc_precision_at_20_diff1": 0.61836,
        "nauc_precision_at_100_max": 0.758811,
        "nauc_precision_at_100_std": 0.275434,
        "nauc_precision_at_100_diff1": 0.63698,
        "nauc_precision_at_1000_max": 0.815614,
        "nauc_precision_at_1000_std": 0.533444,
        "nauc_precision_at_1000_diff1": 0.676407,
        "nauc_mrr_at_1_max": 0.340833,
        "nauc_mrr_at_1_std": -0.155361,
        "nauc_mrr_at_1_diff1": 0.718159,
        "nauc_mrr_at_3_max": 0.36614,
        "nauc_mrr_at_3_std": -0.163493,
        "nauc_mrr_at_3_diff1": 0.686323,
        "nauc_mrr_at_5_max": 0.373105,
        "nauc_mrr_at_5_std": -0.154209,
        "nauc_mrr_at_5_diff1": 0.687414,
        "nauc_mrr_at_10_max": 0.374509,
        "nauc_mrr_at_10_std": -0.151738,
        "nauc_mrr_at_10_diff1": 0.688841,
        "nauc_mrr_at_20_max": 0.374053,
        "nauc_mrr_at_20_std": -0.151069,
        "nauc_mrr_at_20_diff1": 0.689691,
        "nauc_mrr_at_100_max": 0.373128,
        "nauc_mrr_at_100_std": -0.15149,
        "nauc_mrr_at_100_diff1": 0.690081,
        "nauc_mrr_at_1000_max": 0.372984,
        "nauc_mrr_at_1000_std": -0.151613,
        "nauc_mrr_at_1000_diff1": 0.690095,
        "cv_recall_at_1": 0.6402,
        "cv_recall_at_3": 0.8126,
        "cv_recall_at_5": 0.87,
        "cv_recall_at_10": 0.918,
        "cv_recall_at_20": 0.9468,
        "cv_recall_at_100": 0.9796,
        "cv_recall_at_1000": 0.9956,
        "main_score": 0.78082,
        "hf_subset": "default",
        "languages": [
          "eng-Latn"
        ]
      }
    ]
  },
  "evaluation_time": 686.8699865341187,
  "kg_co2_emissions": null
}