{
  "dataset_revision": "5377aa18f309ec440ff6325a4c2cd3362c2cb8d7",
  "task_name": "ChemRxivRetrieval",
  "mteb_version": "2.7.1",
  "scores": {
    "test": [
      {
        "ndcg_at_1": 0.583,
        "ndcg_at_3": 0.69344,
        "ndcg_at_5": 0.71627,
        "ndcg_at_10": 0.73471,
        "ndcg_at_20": 0.74497,
        "ndcg_at_100": 0.75328,
        "ndcg_at_1000": 0.75641,
        "map_at_1": 0.583,
        "map_at_3": 0.6666,
        "map_at_5": 0.67927,
        "map_at_10": 0.68696,
        "map_at_20": 0.68982,
        "map_at_100": 0.69101,
        "map_at_1000": 0.69112,
        "recall_at_1": 0.583,
        "recall_at_3": 0.771,
        "recall_at_5": 0.8264,
        "recall_at_10": 0.883,
        "recall_at_20": 0.9232,
        "recall_at_100": 0.9674,
        "recall_at_1000": 0.9922,
        "accuracy": 0.583,
        "precision_at_1": 0.583,
        "precision_at_3": 0.257,
        "precision_at_5": 0.16528,
        "precision_at_10": 0.0883,
        "precision_at_20": 0.04616,
        "precision_at_100": 0.00967,
        "precision_at_1000": 0.00099,
        "mrr_at_1": 0.5834,
        "mrr_at_3": 0.6667,
        "mrr_at_5": 0.67938,
        "mrr_at_10": 0.687098,
        "mrr_at_20": 0.689959,
        "mrr_at_100": 0.691147,
        "mrr_at_1000": 0.691261,
        "nauc_ndcg_at_1_max": 0.381553,
        "nauc_ndcg_at_1_std": -0.08082,
        "nauc_ndcg_at_1_diff1": 0.691707,
        "nauc_ndcg_at_3_max": 0.413796,
        "nauc_ndcg_at_3_std": -0.063163,
        "nauc_ndcg_at_3_diff1": 0.642786,
        "nauc_ndcg_at_5_max": 0.425641,
        "nauc_ndcg_at_5_std": -0.04736,
        "nauc_ndcg_at_5_diff1": 0.646106,
        "nauc_ndcg_at_10_max": 0.437937,
        "nauc_ndcg_at_10_std": -0.031596,
        "nauc_ndcg_at_10_diff1": 0.648008,
        "nauc_ndcg_at_20_max": 0.434501,
        "nauc_ndcg_at_20_std": -0.026764,
        "nauc_ndcg_at_20_diff1": 0.649849,
        "nauc_ndcg_at_100_max": 0.427996,
        "nauc_ndcg_at_100_std": -0.033688,
        "nauc_ndcg_at_100_diff1": 0.653495,
        "nauc_ndcg_at_1000_max": 0.423675,
        "nauc_ndcg_at_1000_std": -0.040632,
        "nauc_ndcg_at_1000_diff1": 0.654524,
        "nauc_map_at_1_max": 0.381553,
        "nauc_map_at_1_std": -0.08082,
        "nauc_map_at_1_diff1": 0.691707,
        "nauc_map_at_3_max": 0.403952,
        "nauc_map_at_3_std": -0.069785,
        "nauc_map_at_3_diff1": 0.655636,
        "nauc_map_at_5_max": 0.40944,
        "nauc_map_at_5_std": -0.062006,
        "nauc_map_at_5_diff1": 0.657753,
        "nauc_map_at_10_max": 0.413493,
        "nauc_map_at_10_std": -0.056883,
        "nauc_map_at_10_diff1": 0.65873,
        "nauc_map_at_20_max": 0.412437,
        "nauc_map_at_20_std": -0.056039,
        "nauc_map_at_20_diff1": 0.659242,
        "nauc_map_at_100_max": 0.411625,
        "nauc_map_at_100_std": -0.056806,
        "nauc_map_at_100_diff1": 0.65975,
        "nauc_map_at_1000_max": 0.411513,
        "nauc_map_at_1000_std": -0.057014,
        "nauc_map_at_1000_diff1": 0.659792,
        "nauc_recall_at_1_max": 0.381553,
        "nauc_recall_at_1_std": -0.08082,
        "nauc_recall_at_1_diff1": 0.691707,
        "nauc_recall_at_3_max": 0.451301,
        "nauc_recall_at_3_std": -0.037314,
        "nauc_recall_at_3_diff1": 0.594879,
        "nauc_recall_at_5_max": 0.503613,
        "nauc_recall_at_5_std": 0.024616,
        "nauc_recall_at_5_diff1": 0.594007,
        "nauc_recall_at_10_max": 0.609377,
        "nauc_recall_at_10_std": 0.15099,
        "nauc_recall_at_10_diff1": 0.583143,
        "nauc_recall_at_20_max": 0.656857,
        "nauc_recall_at_20_std": 0.294024,
        "nauc_recall_at_20_diff1": 0.571702,
        "nauc_recall_at_100_max": 0.736156,
        "nauc_recall_at_100_std": 0.47843,
        "nauc_recall_at_100_diff1": 0.581943,
        "nauc_recall_at_1000_max": 0.806268,
        "nauc_recall_at_1000_std": 0.693337,
        "nauc_recall_at_1000_diff1": 0.546111,
        "nauc_precision_at_1_max": 0.381553,
        "nauc_precision_at_1_std": -0.08082,
        "nauc_precision_at_1_diff1": 0.691707,
        "nauc_precision_at_3_max": 0.451301,
        "nauc_precision_at_3_std": -0.037314,
        "nauc_precision_at_3_diff1": 0.594879,
        "nauc_precision_at_5_max": 0.503613,
        "nauc_precision_at_5_std": 0.024616,
        "nauc_precision_at_5_diff1": 0.594007,
        "nauc_precision_at_10_max": 0.609377,
        "nauc_precision_at_10_std": 0.15099,
        "nauc_precision_at_10_diff1": 0.583143,
        "nauc_precision_at_20_max": 0.656857,
        "nauc_precision_at_20_std": 0.294024,
        "nauc_precision_at_20_diff1": 0.571702,
        "nauc_precision_at_100_max": 0.736156,
        "nauc_precision_at_100_std": 0.47843,
        "nauc_precision_at_100_diff1": 0.581943,
        "nauc_precision_at_1000_max": 0.806268,
        "nauc_precision_at_1000_std": 0.693337,
        "nauc_precision_at_1000_diff1": 0.546111,
        "nauc_mrr_at_1_max": 0.381154,
        "nauc_mrr_at_1_std": -0.080581,
        "nauc_mrr_at_1_diff1": 0.690768,
        "nauc_mrr_at_3_max": 0.403836,
        "nauc_mrr_at_3_std": -0.069558,
        "nauc_mrr_at_3_diff1": 0.655233,
        "nauc_mrr_at_5_max": 0.409098,
        "nauc_mrr_at_5_std": -0.062004,
        "nauc_mrr_at_5_diff1": 0.657299,
        "nauc_mrr_at_10_max": 0.413259,
        "nauc_mrr_at_10_std": -0.056703,
        "nauc_mrr_at_10_diff1": 0.658221,
        "nauc_mrr_at_20_max": 0.4122,
        "nauc_mrr_at_20_std": -0.055857,
        "nauc_mrr_at_20_diff1": 0.658727,
        "nauc_mrr_at_100_max": 0.411389,
        "nauc_mrr_at_100_std": -0.056621,
        "nauc_mrr_at_100_diff1": 0.659233,
        "nauc_mrr_at_1000_max": 0.411276,
        "nauc_mrr_at_1000_std": -0.056829,
        "nauc_mrr_at_1000_diff1": 0.659275,
        "cv_recall_at_1": 0.5834,
        "cv_recall_at_3": 0.7708,
        "cv_recall_at_5": 0.8262,
        "cv_recall_at_10": 0.883,
        "cv_recall_at_20": 0.9232,
        "cv_recall_at_100": 0.9674,
        "cv_recall_at_1000": 0.9922,
        "main_score": 0.73471,
        "hf_subset": "default",
        "languages": [
          "eng-Latn"
        ]
      }
    ]
  },
  "evaluation_time": 133.96878576278687,
  "kg_co2_emissions": null
}