{
  "dataset_revision": "5377aa18f309ec440ff6325a4c2cd3362c2cb8d7",
  "task_name": "ChemRxivRetrieval",
  "mteb_version": "2.7.1",
  "scores": {
    "test": [
      {
        "ndcg_at_1": 0.0338,
        "ndcg_at_3": 0.04615,
        "ndcg_at_5": 0.05019,
        "ndcg_at_10": 0.0555,
        "ndcg_at_20": 0.06007,
        "ndcg_at_100": 0.07079,
        "ndcg_at_1000": 0.08912,
        "map_at_1": 0.0338,
        "map_at_3": 0.04303,
        "map_at_5": 0.04527,
        "map_at_10": 0.04747,
        "map_at_20": 0.04873,
        "map_at_100": 0.05009,
        "map_at_1000": 0.05061,
        "recall_at_1": 0.0338,
        "recall_at_3": 0.0552,
        "recall_at_5": 0.065,
        "recall_at_10": 0.0814,
        "recall_at_20": 0.0994,
        "recall_at_100": 0.159,
        "recall_at_1000": 0.3136,
        "accuracy": 0.0338,
        "precision_at_1": 0.0338,
        "precision_at_3": 0.0184,
        "precision_at_5": 0.013,
        "precision_at_10": 0.00814,
        "precision_at_20": 0.00497,
        "precision_at_100": 0.00159,
        "precision_at_1000": 0.00031,
        "mrr_at_1": 0.0338,
        "mrr_at_3": 0.042967,
        "mrr_at_5": 0.045257,
        "mrr_at_10": 0.047452,
        "mrr_at_20": 0.048713,
        "mrr_at_100": 0.050076,
        "mrr_at_1000": 0.050596,
        "nauc_ndcg_at_1_max": 0.170975,
        "nauc_ndcg_at_1_std": 0.163042,
        "nauc_ndcg_at_1_diff1": 0.420209,
        "nauc_ndcg_at_3_max": 0.1429,
        "nauc_ndcg_at_3_std": 0.130579,
        "nauc_ndcg_at_3_diff1": 0.298101,
        "nauc_ndcg_at_5_max": 0.128165,
        "nauc_ndcg_at_5_std": 0.131702,
        "nauc_ndcg_at_5_diff1": 0.265308,
        "nauc_ndcg_at_10_max": 0.101785,
        "nauc_ndcg_at_10_std": 0.146047,
        "nauc_ndcg_at_10_diff1": 0.243755,
        "nauc_ndcg_at_20_max": 0.08216,
        "nauc_ndcg_at_20_std": 0.142884,
        "nauc_ndcg_at_20_diff1": 0.225509,
        "nauc_ndcg_at_100_max": 0.067876,
        "nauc_ndcg_at_100_std": 0.147199,
        "nauc_ndcg_at_100_diff1": 0.205849,
        "nauc_ndcg_at_1000_max": 0.050541,
        "nauc_ndcg_at_1000_std": 0.146983,
        "nauc_ndcg_at_1000_diff1": 0.187194,
        "nauc_map_at_1_max": 0.170975,
        "nauc_map_at_1_std": 0.163042,
        "nauc_map_at_1_diff1": 0.420209,
        "nauc_map_at_3_max": 0.150366,
        "nauc_map_at_3_std": 0.136124,
        "nauc_map_at_3_diff1": 0.321773,
        "nauc_map_at_5_max": 0.140814,
        "nauc_map_at_5_std": 0.13638,
        "nauc_map_at_5_diff1": 0.300667,
        "nauc_map_at_10_max": 0.127371,
        "nauc_map_at_10_std": 0.143118,
        "nauc_map_at_10_diff1": 0.28856,
        "nauc_map_at_20_max": 0.119851,
        "nauc_map_at_20_std": 0.14225,
        "nauc_map_at_20_diff1": 0.281053,
        "nauc_map_at_100_max": 0.116747,
        "nauc_map_at_100_std": 0.143075,
        "nauc_map_at_100_diff1": 0.276606,
        "nauc_map_at_1000_max": 0.115554,
        "nauc_map_at_1000_std": 0.143098,
        "nauc_map_at_1000_diff1": 0.275434,
        "nauc_recall_at_1_max": 0.170975,
        "nauc_recall_at_1_std": 0.163042,
        "nauc_recall_at_1_diff1": 0.420209,
        "nauc_recall_at_3_max": 0.125412,
        "nauc_recall_at_3_std": 0.118299,
        "nauc_recall_at_3_diff1": 0.244672,
        "nauc_recall_at_5_max": 0.100767,
        "nauc_recall_at_5_std": 0.122716,
        "nauc_recall_at_5_diff1": 0.190571,
        "nauc_recall_at_10_max": 0.051098,
        "nauc_recall_at_10_std": 0.154655,
        "nauc_recall_at_10_diff1": 0.16043,
        "nauc_recall_at_20_max": 0.014188,
        "nauc_recall_at_20_std": 0.145068,
        "nauc_recall_at_20_diff1": 0.132516,
        "nauc_recall_at_100_max": -0.005263,
        "nauc_recall_at_100_std": 0.155826,
        "nauc_recall_at_100_diff1": 0.106396,
        "nauc_recall_at_1000_max": -0.034379,
        "nauc_recall_at_1000_std": 0.151567,
        "nauc_recall_at_1000_diff1": 0.078174,
        "nauc_precision_at_1_max": 0.170975,
        "nauc_precision_at_1_std": 0.163042,
        "nauc_precision_at_1_diff1": 0.420209,
        "nauc_precision_at_3_max": 0.125412,
        "nauc_precision_at_3_std": 0.118299,
        "nauc_precision_at_3_diff1": 0.244672,
        "nauc_precision_at_5_max": 0.100767,
        "nauc_precision_at_5_std": 0.122716,
        "nauc_precision_at_5_diff1": 0.190571,
        "nauc_precision_at_10_max": 0.051098,
        "nauc_precision_at_10_std": 0.154655,
        "nauc_precision_at_10_diff1": 0.16043,
        "nauc_precision_at_20_max": 0.014188,
        "nauc_precision_at_20_std": 0.145068,
        "nauc_precision_at_20_diff1": 0.132516,
        "nauc_precision_at_100_max": -0.005263,
        "nauc_precision_at_100_std": 0.155826,
        "nauc_precision_at_100_diff1": 0.106396,
        "nauc_precision_at_1000_max": -0.034379,
        "nauc_precision_at_1000_std": 0.151567,
        "nauc_precision_at_1000_diff1": 0.078174,
        "nauc_mrr_at_1_max": 0.170975,
        "nauc_mrr_at_1_std": 0.163042,
        "nauc_mrr_at_1_diff1": 0.420209,
        "nauc_mrr_at_3_max": 0.149782,
        "nauc_mrr_at_3_std": 0.135308,
        "nauc_mrr_at_3_diff1": 0.322018,
        "nauc_mrr_at_5_max": 0.140672,
        "nauc_mrr_at_5_std": 0.136187,
        "nauc_mrr_at_5_diff1": 0.300717,
        "nauc_mrr_at_10_max": 0.127231,
        "nauc_mrr_at_10_std": 0.142936,
        "nauc_mrr_at_10_diff1": 0.288603,
        "nauc_mrr_at_20_max": 0.119732,
        "nauc_mrr_at_20_std": 0.142059,
        "nauc_mrr_at_20_diff1": 0.281096,
        "nauc_mrr_at_100_max": 0.116629,
        "nauc_mrr_at_100_std": 0.142887,
        "nauc_mrr_at_100_diff1": 0.276646,
        "nauc_mrr_at_1000_max": 0.115437,
        "nauc_mrr_at_1000_std": 0.142911,
        "nauc_mrr_at_1000_diff1": 0.275474,
        "cv_recall_at_1": 0.0338,
        "cv_recall_at_3": 0.055,
        "cv_recall_at_5": 0.065,
        "cv_recall_at_10": 0.0814,
        "cv_recall_at_20": 0.0994,
        "cv_recall_at_100": 0.159,
        "cv_recall_at_1000": 0.3136,
        "main_score": 0.0555,
        "hf_subset": "default",
        "languages": [
          "eng-Latn"
        ]
      }
    ]
  },
  "evaluation_time": 422.2182819843292,
  "kg_co2_emissions": null
}