{
  "dataset_revision": "5377aa18f309ec440ff6325a4c2cd3362c2cb8d7",
  "task_name": "ChemRxivRetrieval",
  "mteb_version": "2.7.1",
  "scores": {
    "test": [
      {
        "ndcg_at_1": 0.665,
        "ndcg_at_3": 0.76679,
        "ndcg_at_5": 0.78502,
        "ndcg_at_10": 0.79783,
        "ndcg_at_20": 0.80449,
        "ndcg_at_100": 0.81084,
        "ndcg_at_1000": 0.81297,
        "map_at_1": 0.665,
        "map_at_3": 0.74237,
        "map_at_5": 0.75255,
        "map_at_10": 0.75787,
        "map_at_20": 0.7597,
        "map_at_100": 0.76062,
        "map_at_1000": 0.7607,
        "recall_at_1": 0.665,
        "recall_at_3": 0.8372,
        "recall_at_5": 0.8812,
        "recall_at_10": 0.9206,
        "recall_at_20": 0.947,
        "recall_at_100": 0.9806,
        "recall_at_1000": 0.9972,
        "accuracy": 0.665,
        "precision_at_1": 0.665,
        "precision_at_3": 0.27907,
        "precision_at_5": 0.17624,
        "precision_at_10": 0.09206,
        "precision_at_20": 0.04735,
        "precision_at_100": 0.00981,
        "precision_at_1000": 0.001,
        "mrr_at_1": 0.6654,
        "mrr_at_3": 0.742567,
        "mrr_at_5": 0.752707,
        "mrr_at_10": 0.758067,
        "mrr_at_20": 0.759893,
        "mrr_at_100": 0.76081,
        "mrr_at_1000": 0.760893,
        "nauc_ndcg_at_1_max": 0.422401,
        "nauc_ndcg_at_1_std": -0.112162,
        "nauc_ndcg_at_1_diff1": 0.758335,
        "nauc_ndcg_at_3_max": 0.465457,
        "nauc_ndcg_at_3_std": -0.096679,
        "nauc_ndcg_at_3_diff1": 0.718196,
        "nauc_ndcg_at_5_max": 0.479325,
        "nauc_ndcg_at_5_std": -0.079806,
        "nauc_ndcg_at_5_diff1": 0.719062,
        "nauc_ndcg_at_10_max": 0.48384,
        "nauc_ndcg_at_10_std": -0.073201,
        "nauc_ndcg_at_10_diff1": 0.724692,
        "nauc_ndcg_at_20_max": 0.478157,
        "nauc_ndcg_at_20_std": -0.072599,
        "nauc_ndcg_at_20_diff1": 0.726127,
        "nauc_ndcg_at_100_max": 0.46988,
        "nauc_ndcg_at_100_std": -0.080334,
        "nauc_ndcg_at_100_diff1": 0.727732,
        "nauc_ndcg_at_1000_max": 0.46678,
        "nauc_ndcg_at_1000_std": -0.083755,
        "nauc_ndcg_at_1000_diff1": 0.728745,
        "nauc_map_at_1_max": 0.422401,
        "nauc_map_at_1_std": -0.112162,
        "nauc_map_at_1_diff1": 0.758335,
        "nauc_map_at_3_max": 0.452283,
        "nauc_map_at_3_std": -0.101641,
        "nauc_map_at_3_diff1": 0.728508,
        "nauc_map_at_5_max": 0.458573,
        "nauc_map_at_5_std": -0.093675,
        "nauc_map_at_5_diff1": 0.729401,
        "nauc_map_at_10_max": 0.459737,
        "nauc_map_at_10_std": -0.091589,
        "nauc_map_at_10_diff1": 0.731502,
        "nauc_map_at_20_max": 0.458251,
        "nauc_map_at_20_std": -0.091503,
        "nauc_map_at_20_diff1": 0.731876,
        "nauc_map_at_100_max": 0.457254,
        "nauc_map_at_100_std": -0.092371,
        "nauc_map_at_100_diff1": 0.732098,
        "nauc_map_at_1000_max": 0.457166,
        "nauc_map_at_1000_std": -0.092448,
        "nauc_map_at_1000_diff1": 0.732131,
        "nauc_recall_at_1_max": 0.422401,
        "nauc_recall_at_1_std": -0.112162,
        "nauc_recall_at_1_diff1": 0.758335,
        "nauc_recall_at_3_max": 0.520639,
        "nauc_recall_at_3_std": -0.075763,
        "nauc_recall_at_3_diff1": 0.676156,
        "nauc_recall_at_5_max": 0.593629,
        "nauc_recall_at_5_std": -0.001062,
        "nauc_recall_at_5_diff1": 0.665438,
        "nauc_recall_at_10_max": 0.677068,
        "nauc_recall_at_10_std": 0.079921,
        "nauc_recall_at_10_diff1": 0.681146,
        "nauc_recall_at_20_max": 0.700259,
        "nauc_recall_at_20_std": 0.160746,
        "nauc_recall_at_20_diff1": 0.67803,
        "nauc_recall_at_100_max": 0.704881,
        "nauc_recall_at_100_std": 0.201546,
        "nauc_recall_at_100_diff1": 0.665642,
        "nauc_recall_at_1000_max": 0.64876,
        "nauc_recall_at_1000_std": 0.212185,
        "nauc_recall_at_1000_diff1": 0.754602,
        "nauc_precision_at_1_max": 0.422401,
        "nauc_precision_at_1_std": -0.112162,
        "nauc_precision_at_1_diff1": 0.758335,
        "nauc_precision_at_3_max": 0.520639,
        "nauc_precision_at_3_std": -0.075763,
        "nauc_precision_at_3_diff1": 0.676156,
        "nauc_precision_at_5_max": 0.593629,
        "nauc_precision_at_5_std": -0.001062,
        "nauc_precision_at_5_diff1": 0.665438,
        "nauc_precision_at_10_max": 0.677068,
        "nauc_precision_at_10_std": 0.079921,
        "nauc_precision_at_10_diff1": 0.681146,
        "nauc_precision_at_20_max": 0.700259,
        "nauc_precision_at_20_std": 0.160746,
        "nauc_precision_at_20_diff1": 0.67803,
        "nauc_precision_at_100_max": 0.704881,
        "nauc_precision_at_100_std": 0.201546,
        "nauc_precision_at_100_diff1": 0.665642,
        "nauc_precision_at_1000_max": 0.64876,
        "nauc_precision_at_1000_std": 0.212185,
        "nauc_precision_at_1000_diff1": 0.754602,
        "nauc_mrr_at_1_max": 0.423468,
        "nauc_mrr_at_1_std": -0.111822,
        "nauc_mrr_at_1_diff1": 0.757502,
        "nauc_mrr_at_3_max": 0.45305,
        "nauc_mrr_at_3_std": -0.101804,
        "nauc_mrr_at_3_diff1": 0.727936,
        "nauc_mrr_at_5_max": 0.459018,
        "nauc_mrr_at_5_std": -0.093853,
        "nauc_mrr_at_5_diff1": 0.728904,
        "nauc_mrr_at_10_max": 0.460438,
        "nauc_mrr_at_10_std": -0.091506,
        "nauc_mrr_at_10_diff1": 0.730936,
        "nauc_mrr_at_20_max": 0.458954,
        "nauc_mrr_at_20_std": -0.091425,
        "nauc_mrr_at_20_diff1": 0.731305,
        "nauc_mrr_at_100_max": 0.45796,
        "nauc_mrr_at_100_std": -0.092292,
        "nauc_mrr_at_100_diff1": 0.731525,
        "nauc_mrr_at_1000_max": 0.457872,
        "nauc_mrr_at_1000_std": -0.09237,
        "nauc_mrr_at_1000_diff1": 0.731557,
        "cv_recall_at_1": 0.6654,
        "cv_recall_at_3": 0.8372,
        "cv_recall_at_5": 0.881,
        "cv_recall_at_10": 0.9206,
        "cv_recall_at_20": 0.947,
        "cv_recall_at_100": 0.9806,
        "cv_recall_at_1000": 0.9972,
        "main_score": 0.79783,
        "hf_subset": "default",
        "languages": [
          "eng-Latn"
        ]
      }
    ]
  },
  "evaluation_time": 974.6510951519012,
  "kg_co2_emissions": null
}