{
  "dataset_revision": "c5691e3c48741d5f83b5cc8e630653d7a8cfc048",
  "task_name": "AskUbuntuDupQuestions",
  "mteb_version": "2.7.12",
  "scores": {
    "test": [
      {
        "ndcg_at_1": 0.65097,
        "ndcg_at_3": 0.59427,
        "ndcg_at_5": 0.59759,
        "ndcg_at_10": 0.65316,
        "ndcg_at_20": 0.76188,
        "ndcg_at_100": 0.76188,
        "ndcg_at_1000": 0.76188,
        "map_at_1": 0.17525,
        "map_at_3": 0.30798,
        "map_at_5": 0.38781,
        "map_at_10": 0.49823,
        "map_at_20": 0.60349,
        "map_at_100": 0.60349,
        "map_at_1000": 0.60349,
        "recall_at_1": 0.17525,
        "recall_at_3": 0.3554,
        "recall_at_5": 0.48273,
        "recall_at_10": 0.71906,
        "recall_at_20": 1.0,
        "recall_at_100": 1.0,
        "recall_at_1000": 1.0,
        "accuracy": 0.17525,
        "precision_at_1": 0.65097,
        "precision_at_3": 0.51616,
        "precision_at_5": 0.45706,
        "precision_at_10": 0.36565,
        "precision_at_20": 0.27355,
        "precision_at_100": 0.05471,
        "precision_at_1000": 0.00547,
        "mrr_at_1": 0.65097,
        "mrr_at_3": 0.729917,
        "mrr_at_5": 0.742798,
        "mrr_at_10": 0.752855,
        "mrr_at_20": 0.755957,
        "mrr_at_100": 0.755957,
        "mrr_at_1000": 0.755957,
        "nauc_ndcg_at_1_max": 0.317977,
        "nauc_ndcg_at_1_std": 0.228904,
        "nauc_ndcg_at_1_diff1": 0.275202,
        "nauc_ndcg_at_3_max": 0.25931,
        "nauc_ndcg_at_3_std": 0.166378,
        "nauc_ndcg_at_3_diff1": 0.132147,
        "nauc_ndcg_at_5_max": 0.231419,
        "nauc_ndcg_at_5_std": 0.180857,
        "nauc_ndcg_at_5_diff1": 0.135395,
        "nauc_ndcg_at_10_max": 0.237178,
        "nauc_ndcg_at_10_std": 0.224004,
        "nauc_ndcg_at_10_diff1": 0.175816,
        "nauc_ndcg_at_20_max": 0.279208,
        "nauc_ndcg_at_20_std": 0.203315,
        "nauc_ndcg_at_20_diff1": 0.182089,
        "nauc_ndcg_at_100_max": 0.279208,
        "nauc_ndcg_at_100_std": 0.203315,
        "nauc_ndcg_at_100_diff1": 0.182089,
        "nauc_ndcg_at_1000_max": 0.279208,
        "nauc_ndcg_at_1000_std": 0.203315,
        "nauc_ndcg_at_1000_diff1": 0.182089,
        "nauc_map_at_1_max": 0.045132,
        "nauc_map_at_1_std": 0.017228,
        "nauc_map_at_1_diff1": 0.242842,
        "nauc_map_at_3_max": 0.09304,
        "nauc_map_at_3_std": 0.062749,
        "nauc_map_at_3_diff1": 0.164631,
        "nauc_map_at_5_max": 0.116581,
        "nauc_map_at_5_std": 0.112889,
        "nauc_map_at_5_diff1": 0.151897,
        "nauc_map_at_10_max": 0.175801,
        "nauc_map_at_10_std": 0.17849,
        "nauc_map_at_10_diff1": 0.163945,
        "nauc_map_at_20_max": 0.237155,
        "nauc_map_at_20_std": 0.184098,
        "nauc_map_at_20_diff1": 0.147132,
        "nauc_map_at_100_max": 0.237155,
        "nauc_map_at_100_std": 0.184098,
        "nauc_map_at_100_diff1": 0.147132,
        "nauc_map_at_1000_max": 0.237155,
        "nauc_map_at_1000_std": 0.184098,
        "nauc_map_at_1000_diff1": 0.147132,
        "nauc_recall_at_1_max": 0.045132,
        "nauc_recall_at_1_std": 0.017228,
        "nauc_recall_at_1_diff1": 0.242842,
        "nauc_recall_at_3_max": 0.057488,
        "nauc_recall_at_3_std": 0.026002,
        "nauc_recall_at_3_diff1": 0.11692,
        "nauc_recall_at_5_max": 0.060792,
        "nauc_recall_at_5_std": 0.098939,
        "nauc_recall_at_5_diff1": 0.087518,
        "nauc_recall_at_10_max": 0.083718,
        "nauc_recall_at_10_std": 0.185193,
        "nauc_recall_at_10_diff1": 0.113834,
        "nauc_recall_at_20_max": NaN,
        "nauc_recall_at_20_std": NaN,
        "nauc_recall_at_20_diff1": NaN,
        "nauc_recall_at_100_max": NaN,
        "nauc_recall_at_100_std": NaN,
        "nauc_recall_at_100_diff1": NaN,
        "nauc_recall_at_1000_max": NaN,
        "nauc_recall_at_1000_std": NaN,
        "nauc_recall_at_1000_diff1": NaN,
        "nauc_precision_at_1_max": 0.317977,
        "nauc_precision_at_1_std": 0.228904,
        "nauc_precision_at_1_diff1": 0.275202,
        "nauc_precision_at_3_max": 0.25718,
        "nauc_precision_at_3_std": 0.184447,
        "nauc_precision_at_3_diff1": 0.035159,
        "nauc_precision_at_5_max": 0.239472,
        "nauc_precision_at_5_std": 0.194325,
        "nauc_precision_at_5_diff1": 0.013078,
        "nauc_precision_at_10_max": 0.230901,
        "nauc_precision_at_10_std": 0.17633,
        "nauc_precision_at_10_diff1": 0.007769,
        "nauc_precision_at_20_max": 0.200074,
        "nauc_precision_at_20_std": 0.104205,
        "nauc_precision_at_20_diff1": -0.021246,
        "nauc_precision_at_100_max": 0.200074,
        "nauc_precision_at_100_std": 0.104205,
        "nauc_precision_at_100_diff1": -0.021246,
        "nauc_precision_at_1000_max": 0.200074,
        "nauc_precision_at_1000_std": 0.104205,
        "nauc_precision_at_1000_diff1": -0.021246,
        "nauc_mrr_at_1_max": 0.317977,
        "nauc_mrr_at_1_std": 0.228904,
        "nauc_mrr_at_1_diff1": 0.275202,
        "nauc_mrr_at_3_max": 0.333063,
        "nauc_mrr_at_3_std": 0.229462,
        "nauc_mrr_at_3_diff1": 0.287825,
        "nauc_mrr_at_5_max": 0.327236,
        "nauc_mrr_at_5_std": 0.23597,
        "nauc_mrr_at_5_diff1": 0.268987,
        "nauc_mrr_at_10_max": 0.329652,
        "nauc_mrr_at_10_std": 0.236413,
        "nauc_mrr_at_10_diff1": 0.274586,
        "nauc_mrr_at_20_max": 0.32656,
        "nauc_mrr_at_20_std": 0.234049,
        "nauc_mrr_at_20_diff1": 0.273463,
        "nauc_mrr_at_100_max": 0.32656,
        "nauc_mrr_at_100_std": 0.234049,
        "nauc_mrr_at_100_diff1": 0.273463,
        "nauc_mrr_at_1000_max": 0.32656,
        "nauc_mrr_at_1000_std": 0.234049,
        "nauc_mrr_at_1000_diff1": 0.273463,
        "cv_recall_at_1": 0.65097,
        "cv_recall_at_3": 0.83102,
        "cv_recall_at_5": 0.88643,
        "cv_recall_at_10": 0.95845,
        "cv_recall_at_20": 1.0,
        "cv_recall_at_100": 1.0,
        "cv_recall_at_1000": 1.0,
        "main_score": 0.60349,
        "hf_subset": "default",
        "languages": [
          "eng-Latn"
        ]
      }
    ]
  },
  "evaluation_time": 6.5486838817596436,
  "kg_co2_emissions": null
}