{
  "dataset_revision": "3a309e201f3c2c4b13bd4a367a8f37eee2ec1d21",
  "task_name": "ClimateFEVERHardNegatives",
  "mteb_version": "2.7.12",
  "scores": {
    "test": [
      {
        "ndcg_at_1": 0.167,
        "ndcg_at_3": 0.1567,
        "ndcg_at_5": 0.17374,
        "ndcg_at_10": 0.20808,
        "ndcg_at_20": 0.23345,
        "ndcg_at_100": 0.28446,
        "ndcg_at_1000": 0.32949,
        "map_at_1": 0.07825,
        "map_at_3": 0.11354,
        "map_at_5": 0.12594,
        "map_at_10": 0.13959,
        "map_at_20": 0.14794,
        "map_at_100": 0.15638,
        "map_at_1000": 0.15881,
        "recall_at_1": 0.07825,
        "recall_at_3": 0.14915,
        "recall_at_5": 0.19298,
        "recall_at_10": 0.27232,
        "recall_at_20": 0.3447,
        "recall_at_100": 0.5453,
        "recall_at_1000": 0.79875,
        "accuracy": 0.07825,
        "precision_at_1": 0.167,
        "precision_at_3": 0.11567,
        "precision_at_5": 0.0928,
        "precision_at_10": 0.0679,
        "precision_at_20": 0.04475,
        "precision_at_100": 0.01511,
        "precision_at_1000": 0.00234,
        "mrr_at_1": 0.167,
        "mrr_at_3": 0.232333,
        "mrr_at_5": 0.251533,
        "mrr_at_10": 0.271046,
        "mrr_at_20": 0.276833,
        "mrr_at_100": 0.281959,
        "mrr_at_1000": 0.282542,
        "nauc_ndcg_at_1_max": 0.317629,
        "nauc_ndcg_at_1_std": 0.135599,
        "nauc_ndcg_at_1_diff1": 0.253712,
        "nauc_ndcg_at_3_max": 0.302132,
        "nauc_ndcg_at_3_std": 0.12727,
        "nauc_ndcg_at_3_diff1": 0.188409,
        "nauc_ndcg_at_5_max": 0.321551,
        "nauc_ndcg_at_5_std": 0.139168,
        "nauc_ndcg_at_5_diff1": 0.186428,
        "nauc_ndcg_at_10_max": 0.340564,
        "nauc_ndcg_at_10_std": 0.163807,
        "nauc_ndcg_at_10_diff1": 0.180211,
        "nauc_ndcg_at_20_max": 0.360871,
        "nauc_ndcg_at_20_std": 0.184718,
        "nauc_ndcg_at_20_diff1": 0.191554,
        "nauc_ndcg_at_100_max": 0.382607,
        "nauc_ndcg_at_100_std": 0.222097,
        "nauc_ndcg_at_100_diff1": 0.19244,
        "nauc_ndcg_at_1000_max": 0.378278,
        "nauc_ndcg_at_1000_std": 0.228752,
        "nauc_ndcg_at_1000_diff1": 0.180756,
        "nauc_map_at_1_max": 0.334984,
        "nauc_map_at_1_std": 0.108018,
        "nauc_map_at_1_diff1": 0.252886,
        "nauc_map_at_3_max": 0.317978,
        "nauc_map_at_3_std": 0.114958,
        "nauc_map_at_3_diff1": 0.204277,
        "nauc_map_at_5_max": 0.331088,
        "nauc_map_at_5_std": 0.122977,
        "nauc_map_at_5_diff1": 0.204216,
        "nauc_map_at_10_max": 0.34194,
        "nauc_map_at_10_std": 0.133493,
        "nauc_map_at_10_diff1": 0.202058,
        "nauc_map_at_20_max": 0.351143,
        "nauc_map_at_20_std": 0.143692,
        "nauc_map_at_20_diff1": 0.205168,
        "nauc_map_at_100_max": 0.357247,
        "nauc_map_at_100_std": 0.153881,
        "nauc_map_at_100_diff1": 0.206428,
        "nauc_map_at_1000_max": 0.357331,
        "nauc_map_at_1000_std": 0.15526,
        "nauc_map_at_1000_diff1": 0.205269,
        "nauc_recall_at_1_max": 0.334984,
        "nauc_recall_at_1_std": 0.108018,
        "nauc_recall_at_1_diff1": 0.252886,
        "nauc_recall_at_3_max": 0.291336,
        "nauc_recall_at_3_std": 0.117484,
        "nauc_recall_at_3_diff1": 0.157644,
        "nauc_recall_at_5_max": 0.305225,
        "nauc_recall_at_5_std": 0.135125,
        "nauc_recall_at_5_diff1": 0.15064,
        "nauc_recall_at_10_max": 0.322327,
        "nauc_recall_at_10_std": 0.171935,
        "nauc_recall_at_10_diff1": 0.135455,
        "nauc_recall_at_20_max": 0.345558,
        "nauc_recall_at_20_std": 0.201964,
        "nauc_recall_at_20_diff1": 0.154897,
        "nauc_recall_at_100_max": 0.372887,
        "nauc_recall_at_100_std": 0.291508,
        "nauc_recall_at_100_diff1": 0.139825,
        "nauc_recall_at_1000_max": 0.388044,
        "nauc_recall_at_1000_std": 0.401411,
        "nauc_recall_at_1000_diff1": 0.066791,
        "nauc_precision_at_1_max": 0.317629,
        "nauc_precision_at_1_std": 0.135599,
        "nauc_precision_at_1_diff1": 0.253712,
        "nauc_precision_at_3_max": 0.287695,
        "nauc_precision_at_3_std": 0.142685,
        "nauc_precision_at_3_diff1": 0.159822,
        "nauc_precision_at_5_max": 0.297136,
        "nauc_precision_at_5_std": 0.166173,
        "nauc_precision_at_5_diff1": 0.139499,
        "nauc_precision_at_10_max": 0.305903,
        "nauc_precision_at_10_std": 0.212558,
        "nauc_precision_at_10_diff1": 0.096201,
        "nauc_precision_at_20_max": 0.318585,
        "nauc_precision_at_20_std": 0.244527,
        "nauc_precision_at_20_diff1": 0.111793,
        "nauc_precision_at_100_max": 0.2841,
        "nauc_precision_at_100_std": 0.30061,
        "nauc_precision_at_100_diff1": 0.059507,
        "nauc_precision_at_1000_max": 0.121383,
        "nauc_precision_at_1000_std": 0.229412,
        "nauc_precision_at_1000_diff1": -0.052227,
        "nauc_mrr_at_1_max": 0.317629,
        "nauc_mrr_at_1_std": 0.135599,
        "nauc_mrr_at_1_diff1": 0.253712,
        "nauc_mrr_at_3_max": 0.295227,
        "nauc_mrr_at_3_std": 0.139787,
        "nauc_mrr_at_3_diff1": 0.197954,
        "nauc_mrr_at_5_max": 0.299598,
        "nauc_mrr_at_5_std": 0.148506,
        "nauc_mrr_at_5_diff1": 0.193065,
        "nauc_mrr_at_10_max": 0.305733,
        "nauc_mrr_at_10_std": 0.160585,
        "nauc_mrr_at_10_diff1": 0.189624,
        "nauc_mrr_at_20_max": 0.308984,
        "nauc_mrr_at_20_std": 0.162574,
        "nauc_mrr_at_20_diff1": 0.192782,
        "nauc_mrr_at_100_max": 0.309725,
        "nauc_mrr_at_100_std": 0.162842,
        "nauc_mrr_at_100_diff1": 0.192977,
        "nauc_mrr_at_1000_max": 0.309317,
        "nauc_mrr_at_1000_std": 0.162394,
        "nauc_mrr_at_1000_diff1": 0.193047,
        "cv_recall_at_1": 0.167,
        "cv_recall_at_3": 0.319,
        "cv_recall_at_5": 0.404,
        "cv_recall_at_10": 0.551,
        "cv_recall_at_20": 0.636,
        "cv_recall_at_100": 0.841,
        "cv_recall_at_1000": 0.964,
        "main_score": 0.20808,
        "hf_subset": "default",
        "languages": [
          "eng-Latn"
        ]
      }
    ]
  },
  "evaluation_time": 282.2078824043274,
  "kg_co2_emissions": null
}