{
  "dataset_revision": "6c6430d3a6d36f8d2a829195bc5dc94d7e063e53",
  "task_name": "CQADupstackUnixRetrieval",
  "mteb_version": "2.7.12",
  "scores": {
    "test": [
      {
        "ndcg_at_1": 0.29104,
        "ndcg_at_3": 0.32341,
        "ndcg_at_5": 0.33842,
        "ndcg_at_10": 0.36253,
        "ndcg_at_20": 0.38312,
        "ndcg_at_100": 0.41327,
        "ndcg_at_1000": 0.44038,
        "map_at_1": 0.24474,
        "map_at_3": 0.29587,
        "map_at_5": 0.30658,
        "map_at_10": 0.31743,
        "map_at_20": 0.32333,
        "map_at_100": 0.32804,
        "map_at_1000": 0.32915,
        "recall_at_1": 0.24474,
        "recall_at_3": 0.34692,
        "recall_at_5": 0.38694,
        "recall_at_10": 0.45982,
        "recall_at_20": 0.53658,
        "recall_at_100": 0.68238,
        "recall_at_1000": 0.87581,
        "accuracy": 0.24474,
        "precision_at_1": 0.29104,
        "precision_at_3": 0.14646,
        "precision_at_5": 0.10019,
        "precision_at_10": 0.06007,
        "precision_at_20": 0.03535,
        "precision_at_100": 0.00951,
        "precision_at_1000": 0.00131,
        "mrr_at_1": 0.291045,
        "mrr_at_3": 0.340485,
        "mrr_at_5": 0.350373,
        "mrr_at_10": 0.359789,
        "mrr_at_20": 0.365147,
        "mrr_at_100": 0.368844,
        "mrr_at_1000": 0.369552,
        "nauc_ndcg_at_1_max": 0.490509,
        "nauc_ndcg_at_1_std": 0.022431,
        "nauc_ndcg_at_1_diff1": 0.56865,
        "nauc_ndcg_at_3_max": 0.480807,
        "nauc_ndcg_at_3_std": 0.041431,
        "nauc_ndcg_at_3_diff1": 0.535199,
        "nauc_ndcg_at_5_max": 0.471311,
        "nauc_ndcg_at_5_std": 0.036361,
        "nauc_ndcg_at_5_diff1": 0.530442,
        "nauc_ndcg_at_10_max": 0.459405,
        "nauc_ndcg_at_10_std": 0.039963,
        "nauc_ndcg_at_10_diff1": 0.518969,
        "nauc_ndcg_at_20_max": 0.454129,
        "nauc_ndcg_at_20_std": 0.037746,
        "nauc_ndcg_at_20_diff1": 0.509185,
        "nauc_ndcg_at_100_max": 0.463763,
        "nauc_ndcg_at_100_std": 0.050012,
        "nauc_ndcg_at_100_diff1": 0.505922,
        "nauc_ndcg_at_1000_max": 0.470354,
        "nauc_ndcg_at_1000_std": 0.057361,
        "nauc_ndcg_at_1000_diff1": 0.508565,
        "nauc_map_at_1_max": 0.488819,
        "nauc_map_at_1_std": 0.018125,
        "nauc_map_at_1_diff1": 0.591473,
        "nauc_map_at_3_max": 0.484972,
        "nauc_map_at_3_std": 0.034776,
        "nauc_map_at_3_diff1": 0.555341,
        "nauc_map_at_5_max": 0.479696,
        "nauc_map_at_5_std": 0.032987,
        "nauc_map_at_5_diff1": 0.548853,
        "nauc_map_at_10_max": 0.474775,
        "nauc_map_at_10_std": 0.034906,
        "nauc_map_at_10_diff1": 0.54398,
        "nauc_map_at_20_max": 0.473534,
        "nauc_map_at_20_std": 0.034308,
        "nauc_map_at_20_diff1": 0.541032,
        "nauc_map_at_100_max": 0.475075,
        "nauc_map_at_100_std": 0.035946,
        "nauc_map_at_100_diff1": 0.54019,
        "nauc_map_at_1000_max": 0.475424,
        "nauc_map_at_1000_std": 0.036401,
        "nauc_map_at_1000_diff1": 0.540182,
        "nauc_recall_at_1_max": 0.488819,
        "nauc_recall_at_1_std": 0.018125,
        "nauc_recall_at_1_diff1": 0.591473,
        "nauc_recall_at_3_max": 0.448198,
        "nauc_recall_at_3_std": 0.049172,
        "nauc_recall_at_3_diff1": 0.503848,
        "nauc_recall_at_5_max": 0.42946,
        "nauc_recall_at_5_std": 0.042578,
        "nauc_recall_at_5_diff1": 0.483977,
        "nauc_recall_at_10_max": 0.384233,
        "nauc_recall_at_10_std": 0.046961,
        "nauc_recall_at_10_diff1": 0.440103,
        "nauc_recall_at_20_max": 0.352272,
        "nauc_recall_at_20_std": 0.03827,
        "nauc_recall_at_20_diff1": 0.393012,
        "nauc_recall_at_100_max": 0.380105,
        "nauc_recall_at_100_std": 0.112694,
        "nauc_recall_at_100_diff1": 0.355354,
        "nauc_recall_at_1000_max": 0.424582,
        "nauc_recall_at_1000_std": 0.31015,
        "nauc_recall_at_1000_diff1": 0.288167,
        "nauc_precision_at_1_max": 0.490509,
        "nauc_precision_at_1_std": 0.022431,
        "nauc_precision_at_1_diff1": 0.56865,
        "nauc_precision_at_3_max": 0.440797,
        "nauc_precision_at_3_std": 0.065891,
        "nauc_precision_at_3_diff1": 0.418099,
        "nauc_precision_at_5_max": 0.402642,
        "nauc_precision_at_5_std": 0.057684,
        "nauc_precision_at_5_diff1": 0.371334,
        "nauc_precision_at_10_max": 0.343242,
        "nauc_precision_at_10_std": 0.067081,
        "nauc_precision_at_10_diff1": 0.301046,
        "nauc_precision_at_20_max": 0.291434,
        "nauc_precision_at_20_std": 0.056193,
        "nauc_precision_at_20_diff1": 0.229536,
        "nauc_precision_at_100_max": 0.22481,
        "nauc_precision_at_100_std": 0.104457,
        "nauc_precision_at_100_diff1": 0.089232,
        "nauc_precision_at_1000_max": 0.081827,
        "nauc_precision_at_1000_std": 0.068688,
        "nauc_precision_at_1000_diff1": -0.059028,
        "nauc_mrr_at_1_max": 0.490509,
        "nauc_mrr_at_1_std": 0.022431,
        "nauc_mrr_at_1_diff1": 0.56865,
        "nauc_mrr_at_3_max": 0.48091,
        "nauc_mrr_at_3_std": 0.03626,
        "nauc_mrr_at_3_diff1": 0.531416,
        "nauc_mrr_at_5_max": 0.477281,
        "nauc_mrr_at_5_std": 0.033952,
        "nauc_mrr_at_5_diff1": 0.529205,
        "nauc_mrr_at_10_max": 0.472229,
        "nauc_mrr_at_10_std": 0.035238,
        "nauc_mrr_at_10_diff1": 0.523915,
        "nauc_mrr_at_20_max": 0.47074,
        "nauc_mrr_at_20_std": 0.034149,
        "nauc_mrr_at_20_diff1": 0.521479,
        "nauc_mrr_at_100_max": 0.472156,
        "nauc_mrr_at_100_std": 0.034754,
        "nauc_mrr_at_100_diff1": 0.521475,
        "nauc_mrr_at_1000_max": 0.47238,
        "nauc_mrr_at_1000_std": 0.035161,
        "nauc_mrr_at_1000_diff1": 0.521572,
        "cv_recall_at_1": 0.29104,
        "cv_recall_at_3": 0.40299,
        "cv_recall_at_5": 0.44683,
        "cv_recall_at_10": 0.51866,
        "cv_recall_at_20": 0.59701,
        "cv_recall_at_100": 0.74254,
        "cv_recall_at_1000": 0.91138,
        "main_score": 0.36253,
        "hf_subset": "default",
        "languages": [
          "eng-Latn"
        ]
      }
    ]
  },
  "evaluation_time": 329.8312361240387,
  "kg_co2_emissions": null
}