{
  "dataset_revision": "4885aa143210c98657558c04aaf3dc47cfb54340",
  "task_name": "CQADupstackGamingRetrieval",
  "mteb_version": "2.7.12",
  "scores": {
    "test": [
      {
        "ndcg_at_1": 0.46771,
        "ndcg_at_3": 0.52195,
        "ndcg_at_5": 0.54737,
        "ndcg_at_10": 0.57378,
        "ndcg_at_20": 0.59153,
        "ndcg_at_100": 0.61405,
        "ndcg_at_1000": 0.62622,
        "map_at_1": 0.41091,
        "map_at_3": 0.48811,
        "map_at_5": 0.5056,
        "map_at_10": 0.51918,
        "map_at_20": 0.52538,
        "map_at_100": 0.5293,
        "map_at_1000": 0.5299,
        "recall_at_1": 0.41091,
        "recall_at_3": 0.55988,
        "recall_at_5": 0.62162,
        "recall_at_10": 0.69791,
        "recall_at_20": 0.76288,
        "recall_at_100": 0.87357,
        "recall_at_1000": 0.95964,
        "accuracy": 0.41091,
        "precision_at_1": 0.46771,
        "precision_at_3": 0.22884,
        "precision_at_5": 0.15661,
        "precision_at_10": 0.0906,
        "precision_at_20": 0.05063,
        "precision_at_100": 0.01193,
        "precision_at_1000": 0.00134,
        "mrr_at_1": 0.467712,
        "mrr_at_3": 0.533229,
        "mrr_at_5": 0.547429,
        "mrr_at_10": 0.556782,
        "mrr_at_20": 0.56086,
        "mrr_at_100": 0.563209,
        "mrr_at_1000": 0.563533,
        "nauc_ndcg_at_1_max": 0.466958,
        "nauc_ndcg_at_1_std": -0.052792,
        "nauc_ndcg_at_1_diff1": 0.614147,
        "nauc_ndcg_at_3_max": 0.474632,
        "nauc_ndcg_at_3_std": -0.029465,
        "nauc_ndcg_at_3_diff1": 0.567706,
        "nauc_ndcg_at_5_max": 0.480725,
        "nauc_ndcg_at_5_std": -0.028832,
        "nauc_ndcg_at_5_diff1": 0.567296,
        "nauc_ndcg_at_10_max": 0.478855,
        "nauc_ndcg_at_10_std": -0.013822,
        "nauc_ndcg_at_10_diff1": 0.564301,
        "nauc_ndcg_at_20_max": 0.479559,
        "nauc_ndcg_at_20_std": -0.002376,
        "nauc_ndcg_at_20_diff1": 0.565133,
        "nauc_ndcg_at_100_max": 0.483261,
        "nauc_ndcg_at_100_std": 0.008277,
        "nauc_ndcg_at_100_diff1": 0.567989,
        "nauc_ndcg_at_1000_max": 0.481614,
        "nauc_ndcg_at_1000_std": 0.005453,
        "nauc_ndcg_at_1000_diff1": 0.570285,
        "nauc_map_at_1_max": 0.396155,
        "nauc_map_at_1_std": -0.094827,
        "nauc_map_at_1_diff1": 0.606797,
        "nauc_map_at_3_max": 0.452876,
        "nauc_map_at_3_std": -0.054861,
        "nauc_map_at_3_diff1": 0.579011,
        "nauc_map_at_5_max": 0.461296,
        "nauc_map_at_5_std": -0.048825,
        "nauc_map_at_5_diff1": 0.578038,
        "nauc_map_at_10_max": 0.46235,
        "nauc_map_at_10_std": -0.040699,
        "nauc_map_at_10_diff1": 0.575816,
        "nauc_map_at_20_max": 0.464557,
        "nauc_map_at_20_std": -0.034945,
        "nauc_map_at_20_diff1": 0.575645,
        "nauc_map_at_100_max": 0.466036,
        "nauc_map_at_100_std": -0.031756,
        "nauc_map_at_100_diff1": 0.575831,
        "nauc_map_at_1000_max": 0.466018,
        "nauc_map_at_1000_std": -0.03156,
        "nauc_map_at_1000_diff1": 0.57595,
        "nauc_recall_at_1_max": 0.396155,
        "nauc_recall_at_1_std": -0.094827,
        "nauc_recall_at_1_diff1": 0.606797,
        "nauc_recall_at_3_max": 0.463407,
        "nauc_recall_at_3_std": -0.028365,
        "nauc_recall_at_3_diff1": 0.528965,
        "nauc_recall_at_5_max": 0.475374,
        "nauc_recall_at_5_std": -0.018685,
        "nauc_recall_at_5_diff1": 0.518267,
        "nauc_recall_at_10_max": 0.466929,
        "nauc_recall_at_10_std": 0.033704,
        "nauc_recall_at_10_diff1": 0.496113,
        "nauc_recall_at_20_max": 0.468699,
        "nauc_recall_at_20_std": 0.096709,
        "nauc_recall_at_20_diff1": 0.482662,
        "nauc_recall_at_100_max": 0.493964,
        "nauc_recall_at_100_std": 0.248313,
        "nauc_recall_at_100_diff1": 0.461676,
        "nauc_recall_at_1000_max": 0.461512,
        "nauc_recall_at_1000_std": 0.482331,
        "nauc_recall_at_1000_diff1": 0.402442,
        "nauc_precision_at_1_max": 0.466958,
        "nauc_precision_at_1_std": -0.052792,
        "nauc_precision_at_1_diff1": 0.614147,
        "nauc_precision_at_3_max": 0.474057,
        "nauc_precision_at_3_std": 0.081868,
        "nauc_precision_at_3_diff1": 0.378474,
        "nauc_precision_at_5_max": 0.439319,
        "nauc_precision_at_5_std": 0.116717,
        "nauc_precision_at_5_diff1": 0.288942,
        "nauc_precision_at_10_max": 0.36931,
        "nauc_precision_at_10_std": 0.190808,
        "nauc_precision_at_10_diff1": 0.172668,
        "nauc_precision_at_20_max": 0.323013,
        "nauc_precision_at_20_std": 0.260348,
        "nauc_precision_at_20_diff1": 0.08874,
        "nauc_precision_at_100_max": 0.228547,
        "nauc_precision_at_100_std": 0.341595,
        "nauc_precision_at_100_diff1": -0.040617,
        "nauc_precision_at_1000_max": 0.112135,
        "nauc_precision_at_1000_std": 0.336366,
        "nauc_precision_at_1000_diff1": -0.123792,
        "nauc_mrr_at_1_max": 0.466958,
        "nauc_mrr_at_1_std": -0.052792,
        "nauc_mrr_at_1_diff1": 0.614147,
        "nauc_mrr_at_3_max": 0.49434,
        "nauc_mrr_at_3_std": -0.016577,
        "nauc_mrr_at_3_diff1": 0.585797,
        "nauc_mrr_at_5_max": 0.494647,
        "nauc_mrr_at_5_std": -0.018399,
        "nauc_mrr_at_5_diff1": 0.586917,
        "nauc_mrr_at_10_max": 0.492126,
        "nauc_mrr_at_10_std": -0.013267,
        "nauc_mrr_at_10_diff1": 0.585479,
        "nauc_mrr_at_20_max": 0.491769,
        "nauc_mrr_at_20_std": -0.011637,
        "nauc_mrr_at_20_diff1": 0.586045,
        "nauc_mrr_at_100_max": 0.491765,
        "nauc_mrr_at_100_std": -0.011446,
        "nauc_mrr_at_100_diff1": 0.586648,
        "nauc_mrr_at_1000_max": 0.491739,
        "nauc_mrr_at_1000_std": -0.011566,
        "nauc_mrr_at_1000_diff1": 0.586762,
        "cv_recall_at_1": 0.46771,
        "cv_recall_at_3": 0.61693,
        "cv_recall_at_5": 0.67837,
        "cv_recall_at_10": 0.74796,
        "cv_recall_at_20": 0.8069,
        "cv_recall_at_100": 0.90094,
        "cv_recall_at_1000": 0.96928,
        "main_score": 0.57378,
        "hf_subset": "default",
        "languages": [
          "eng-Latn"
        ]
      }
    ]
  },
  "evaluation_time": 132.6274609565735,
  "kg_co2_emissions": null
}