{
  "dataset_revision": "080c9ed6267b65029207906e815d44a9240bafca",
  "task_name": "FEVERHardNegatives",
  "mteb_version": "2.7.12",
  "scores": {
    "test": [
      {
        "ndcg_at_1": 0.604,
        "ndcg_at_3": 0.69572,
        "ndcg_at_5": 0.72345,
        "ndcg_at_10": 0.73839,
        "ndcg_at_20": 0.74708,
        "ndcg_at_100": 0.75631,
        "ndcg_at_1000": 0.76142,
        "map_at_1": 0.57099,
        "map_at_3": 0.66246,
        "map_at_5": 0.67917,
        "map_at_10": 0.68599,
        "map_at_20": 0.68863,
        "map_at_100": 0.69012,
        "map_at_1000": 0.69038,
        "recall_at_1": 0.57099,
        "recall_at_3": 0.75982,
        "recall_at_5": 0.82691,
        "recall_at_10": 0.87086,
        "recall_at_20": 0.90304,
        "recall_at_100": 0.94838,
        "recall_at_1000": 0.98296,
        "accuracy": 0.57099,
        "precision_at_1": 0.604,
        "precision_at_3": 0.27233,
        "precision_at_5": 0.1786,
        "precision_at_10": 0.0948,
        "precision_at_20": 0.0496,
        "precision_at_100": 0.01059,
        "precision_at_1000": 0.00112,
        "mrr_at_1": 0.604,
        "mrr_at_3": 0.692333,
        "mrr_at_5": 0.707783,
        "mrr_at_10": 0.713785,
        "mrr_at_20": 0.715906,
        "mrr_at_100": 0.716945,
        "mrr_at_1000": 0.717075,
        "nauc_ndcg_at_1_max": 0.159272,
        "nauc_ndcg_at_1_std": 0.157792,
        "nauc_ndcg_at_1_diff1": 0.650543,
        "nauc_ndcg_at_3_max": 0.223016,
        "nauc_ndcg_at_3_std": 0.220389,
        "nauc_ndcg_at_3_diff1": 0.622004,
        "nauc_ndcg_at_5_max": 0.212351,
        "nauc_ndcg_at_5_std": 0.24002,
        "nauc_ndcg_at_5_diff1": 0.617089,
        "nauc_ndcg_at_10_max": 0.206282,
        "nauc_ndcg_at_10_std": 0.242499,
        "nauc_ndcg_at_10_diff1": 0.611975,
        "nauc_ndcg_at_20_max": 0.203951,
        "nauc_ndcg_at_20_std": 0.238592,
        "nauc_ndcg_at_20_diff1": 0.61516,
        "nauc_ndcg_at_100_max": 0.197289,
        "nauc_ndcg_at_100_std": 0.231232,
        "nauc_ndcg_at_100_diff1": 0.617923,
        "nauc_ndcg_at_1000_max": 0.2004,
        "nauc_ndcg_at_1000_std": 0.22654,
        "nauc_ndcg_at_1000_diff1": 0.620928,
        "nauc_map_at_1_max": 0.172216,
        "nauc_map_at_1_std": 0.138362,
        "nauc_map_at_1_diff1": 0.636385,
        "nauc_map_at_3_max": 0.212484,
        "nauc_map_at_3_std": 0.195811,
        "nauc_map_at_3_diff1": 0.626256,
        "nauc_map_at_5_max": 0.206405,
        "nauc_map_at_5_std": 0.205074,
        "nauc_map_at_5_diff1": 0.624448,
        "nauc_map_at_10_max": 0.204096,
        "nauc_map_at_10_std": 0.205583,
        "nauc_map_at_10_diff1": 0.622895,
        "nauc_map_at_20_max": 0.203779,
        "nauc_map_at_20_std": 0.204205,
        "nauc_map_at_20_diff1": 0.623858,
        "nauc_map_at_100_max": 0.202697,
        "nauc_map_at_100_std": 0.203286,
        "nauc_map_at_100_diff1": 0.624106,
        "nauc_map_at_1000_max": 0.202779,
        "nauc_map_at_1000_std": 0.203217,
        "nauc_map_at_1000_diff1": 0.624265,
        "nauc_recall_at_1_max": 0.172216,
        "nauc_recall_at_1_std": 0.138362,
        "nauc_recall_at_1_diff1": 0.636385,
        "nauc_recall_at_3_max": 0.269657,
        "nauc_recall_at_3_std": 0.286034,
        "nauc_recall_at_3_diff1": 0.580866,
        "nauc_recall_at_5_max": 0.243209,
        "nauc_recall_at_5_std": 0.365437,
        "nauc_recall_at_5_diff1": 0.540327,
        "nauc_recall_at_10_max": 0.221931,
        "nauc_recall_at_10_std": 0.414085,
        "nauc_recall_at_10_diff1": 0.498793,
        "nauc_recall_at_20_max": 0.20375,
        "nauc_recall_at_20_std": 0.43652,
        "nauc_recall_at_20_diff1": 0.482488,
        "nauc_recall_at_100_max": 0.096391,
        "nauc_recall_at_100_std": 0.453486,
        "nauc_recall_at_100_diff1": 0.45235,
        "nauc_recall_at_1000_max": 0.229486,
        "nauc_recall_at_1000_std": 0.486116,
        "nauc_recall_at_1000_diff1": 0.418915,
        "nauc_precision_at_1_max": 0.159272,
        "nauc_precision_at_1_std": 0.157792,
        "nauc_precision_at_1_diff1": 0.650543,
        "nauc_precision_at_3_max": 0.215784,
        "nauc_precision_at_3_std": 0.298013,
        "nauc_precision_at_3_diff1": 0.487117,
        "nauc_precision_at_5_max": 0.156825,
        "nauc_precision_at_5_std": 0.341249,
        "nauc_precision_at_5_diff1": 0.376116,
        "nauc_precision_at_10_max": 0.094477,
        "nauc_precision_at_10_std": 0.325365,
        "nauc_precision_at_10_diff1": 0.234585,
        "nauc_precision_at_20_max": 0.0332,
        "nauc_precision_at_20_std": 0.266021,
        "nauc_precision_at_20_diff1": 0.113897,
        "nauc_precision_at_100_max": -0.083691,
        "nauc_precision_at_100_std": 0.131634,
        "nauc_precision_at_100_diff1": -0.088453,
        "nauc_precision_at_1000_max": -0.109791,
        "nauc_precision_at_1000_std": 0.03295,
        "nauc_precision_at_1000_diff1": -0.191233,
        "nauc_mrr_at_1_max": 0.159272,
        "nauc_mrr_at_1_std": 0.157792,
        "nauc_mrr_at_1_diff1": 0.650543,
        "nauc_mrr_at_3_max": 0.198581,
        "nauc_mrr_at_3_std": 0.210781,
        "nauc_mrr_at_3_diff1": 0.634263,
        "nauc_mrr_at_5_max": 0.190838,
        "nauc_mrr_at_5_std": 0.219103,
        "nauc_mrr_at_5_diff1": 0.633519,
        "nauc_mrr_at_10_max": 0.187242,
        "nauc_mrr_at_10_std": 0.219065,
        "nauc_mrr_at_10_diff1": 0.63093,
        "nauc_mrr_at_20_max": 0.18681,
        "nauc_mrr_at_20_std": 0.21795,
        "nauc_mrr_at_20_diff1": 0.632003,
        "nauc_mrr_at_100_max": 0.185988,
        "nauc_mrr_at_100_std": 0.217051,
        "nauc_mrr_at_100_diff1": 0.632471,
        "nauc_mrr_at_1000_max": 0.186078,
        "nauc_mrr_at_1000_std": 0.2168,
        "nauc_mrr_at_1000_diff1": 0.632566,
        "cv_recall_at_1": 0.604,
        "cv_recall_at_3": 0.795,
        "cv_recall_at_5": 0.861,
        "cv_recall_at_10": 0.903,
        "cv_recall_at_20": 0.933,
        "cv_recall_at_100": 0.972,
        "cv_recall_at_1000": 0.995,
        "main_score": 0.73839,
        "hf_subset": "default",
        "languages": [
          "eng-Latn"
        ]
      }
    ]
  },
  "evaluation_time": 582.2967367172241,
  "kg_co2_emissions": null
}