{
  "dataset_revision": "f8c2fcf00f625baaa80f62ec5bd9e1fff3b8ae88",
  "task_name": "SCIDOCS",
  "mteb_version": "2.7.12",
  "scores": {
    "test": [
      {
        "ndcg_at_1": 0.183,
        "ndcg_at_3": 0.14358,
        "ndcg_at_5": 0.12678,
        "ndcg_at_10": 0.15247,
        "ndcg_at_20": 0.17466,
        "ndcg_at_100": 0.21632,
        "ndcg_at_1000": 0.26715,
        "map_at_1": 0.03723,
        "map_at_3": 0.06306,
        "map_at_5": 0.07495,
        "map_at_10": 0.08691,
        "map_at_20": 0.09441,
        "map_at_100": 0.10179,
        "map_at_1000": 0.10424,
        "recall_at_1": 0.03723,
        "recall_at_3": 0.08063,
        "recall_at_5": 0.11257,
        "recall_at_10": 0.1596,
        "recall_at_20": 0.21153,
        "recall_at_100": 0.34695,
        "recall_at_1000": 0.59795,
        "accuracy": 0.03723,
        "precision_at_1": 0.183,
        "precision_at_3": 0.13267,
        "precision_at_5": 0.1112,
        "precision_at_10": 0.0788,
        "precision_at_20": 0.0522,
        "precision_at_100": 0.01709,
        "precision_at_1000": 0.00295,
        "mrr_at_1": 0.183,
        "mrr_at_3": 0.2415,
        "mrr_at_5": 0.25965,
        "mrr_at_10": 0.272236,
        "mrr_at_20": 0.278705,
        "mrr_at_100": 0.283425,
        "mrr_at_1000": 0.284156,
        "nauc_ndcg_at_1_max": 0.134894,
        "nauc_ndcg_at_1_std": -0.013708,
        "nauc_ndcg_at_1_diff1": 0.21168,
        "nauc_ndcg_at_3_max": 0.185782,
        "nauc_ndcg_at_3_std": 0.040113,
        "nauc_ndcg_at_3_diff1": 0.177752,
        "nauc_ndcg_at_5_max": 0.189419,
        "nauc_ndcg_at_5_std": 0.054825,
        "nauc_ndcg_at_5_diff1": 0.176691,
        "nauc_ndcg_at_10_max": 0.206556,
        "nauc_ndcg_at_10_std": 0.095201,
        "nauc_ndcg_at_10_diff1": 0.177488,
        "nauc_ndcg_at_20_max": 0.214646,
        "nauc_ndcg_at_20_std": 0.120254,
        "nauc_ndcg_at_20_diff1": 0.187762,
        "nauc_ndcg_at_100_max": 0.239225,
        "nauc_ndcg_at_100_std": 0.166617,
        "nauc_ndcg_at_100_diff1": 0.194714,
        "nauc_ndcg_at_1000_max": 0.238685,
        "nauc_ndcg_at_1000_std": 0.184633,
        "nauc_ndcg_at_1000_diff1": 0.189971,
        "nauc_map_at_1_max": 0.133862,
        "nauc_map_at_1_std": -0.016016,
        "nauc_map_at_1_diff1": 0.209251,
        "nauc_map_at_3_max": 0.185543,
        "nauc_map_at_3_std": 0.025845,
        "nauc_map_at_3_diff1": 0.183683,
        "nauc_map_at_5_max": 0.193353,
        "nauc_map_at_5_std": 0.041676,
        "nauc_map_at_5_diff1": 0.179796,
        "nauc_map_at_10_max": 0.206026,
        "nauc_map_at_10_std": 0.07043,
        "nauc_map_at_10_diff1": 0.17653,
        "nauc_map_at_20_max": 0.211282,
        "nauc_map_at_20_std": 0.087543,
        "nauc_map_at_20_diff1": 0.183591,
        "nauc_map_at_100_max": 0.219662,
        "nauc_map_at_100_std": 0.103958,
        "nauc_map_at_100_diff1": 0.187266,
        "nauc_map_at_1000_max": 0.220472,
        "nauc_map_at_1000_std": 0.106869,
        "nauc_map_at_1000_diff1": 0.18731,
        "nauc_recall_at_1_max": 0.133862,
        "nauc_recall_at_1_std": -0.016016,
        "nauc_recall_at_1_diff1": 0.209251,
        "nauc_recall_at_3_max": 0.205493,
        "nauc_recall_at_3_std": 0.062284,
        "nauc_recall_at_3_diff1": 0.16135,
        "nauc_recall_at_5_max": 0.201355,
        "nauc_recall_at_5_std": 0.083286,
        "nauc_recall_at_5_diff1": 0.156356,
        "nauc_recall_at_10_max": 0.219563,
        "nauc_recall_at_10_std": 0.150811,
        "nauc_recall_at_10_diff1": 0.153496,
        "nauc_recall_at_20_max": 0.227578,
        "nauc_recall_at_20_std": 0.194369,
        "nauc_recall_at_20_diff1": 0.172569,
        "nauc_recall_at_100_max": 0.264339,
        "nauc_recall_at_100_std": 0.286628,
        "nauc_recall_at_100_diff1": 0.170888,
        "nauc_recall_at_1000_max": 0.224373,
        "nauc_recall_at_1000_std": 0.334778,
        "nauc_recall_at_1000_diff1": 0.121655,
        "nauc_precision_at_1_max": 0.134894,
        "nauc_precision_at_1_std": -0.013708,
        "nauc_precision_at_1_diff1": 0.21168,
        "nauc_precision_at_3_max": 0.206598,
        "nauc_precision_at_3_std": 0.06599,
        "nauc_precision_at_3_diff1": 0.161819,
        "nauc_precision_at_5_max": 0.202381,
        "nauc_precision_at_5_std": 0.086001,
        "nauc_precision_at_5_diff1": 0.158007,
        "nauc_precision_at_10_max": 0.221936,
        "nauc_precision_at_10_std": 0.153365,
        "nauc_precision_at_10_diff1": 0.15569,
        "nauc_precision_at_20_max": 0.231075,
        "nauc_precision_at_20_std": 0.19541,
        "nauc_precision_at_20_diff1": 0.177067,
        "nauc_precision_at_100_max": 0.271604,
        "nauc_precision_at_100_std": 0.289406,
        "nauc_precision_at_100_diff1": 0.178548,
        "nauc_precision_at_1000_max": 0.233027,
        "nauc_precision_at_1000_std": 0.331541,
        "nauc_precision_at_1000_diff1": 0.133301,
        "nauc_mrr_at_1_max": 0.134894,
        "nauc_mrr_at_1_std": -0.013708,
        "nauc_mrr_at_1_diff1": 0.21168,
        "nauc_mrr_at_3_max": 0.161068,
        "nauc_mrr_at_3_std": 0.024839,
        "nauc_mrr_at_3_diff1": 0.183406,
        "nauc_mrr_at_5_max": 0.158895,
        "nauc_mrr_at_5_std": 0.029155,
        "nauc_mrr_at_5_diff1": 0.186229,
        "nauc_mrr_at_10_max": 0.16573,
        "nauc_mrr_at_10_std": 0.041161,
        "nauc_mrr_at_10_diff1": 0.188616,
        "nauc_mrr_at_20_max": 0.165952,
        "nauc_mrr_at_20_std": 0.042204,
        "nauc_mrr_at_20_diff1": 0.189793,
        "nauc_mrr_at_100_max": 0.166557,
        "nauc_mrr_at_100_std": 0.043037,
        "nauc_mrr_at_100_diff1": 0.190541,
        "nauc_mrr_at_1000_max": 0.166488,
        "nauc_mrr_at_1000_std": 0.042724,
        "nauc_mrr_at_1000_diff1": 0.190457,
        "cv_recall_at_1": 0.183,
        "cv_recall_at_3": 0.32,
        "cv_recall_at_5": 0.4,
        "cv_recall_at_10": 0.494,
        "cv_recall_at_20": 0.586,
        "cv_recall_at_100": 0.774,
        "cv_recall_at_1000": 0.95,
        "main_score": 0.15247,
        "hf_subset": "default",
        "languages": [
          "eng-Latn"
        ]
      }
    ]
  },
  "evaluation_time": 157.14508414268494,
  "kg_co2_emissions": null
}