{
  "dataset_revision": "bb9466bac8153a0349341eb1b22e06409e78ef4e",
  "task_name": "TRECCOVID",
  "mteb_version": "2.7.12",
  "scores": {
    "test": [
      {
        "ndcg_at_1": 0.72,
        "ndcg_at_3": 0.67408,
        "ndcg_at_5": 0.64027,
        "ndcg_at_10": 0.59337,
        "ndcg_at_20": 0.56263,
        "ndcg_at_100": 0.41415,
        "ndcg_at_1000": 0.36397,
        "map_at_1": 0.00217,
        "map_at_3": 0.00552,
        "map_at_5": 0.00816,
        "map_at_10": 0.0131,
        "map_at_20": 0.02246,
        "map_at_100": 0.06483,
        "map_at_1000": 0.14769,
        "recall_at_1": 0.00217,
        "recall_at_3": 0.00589,
        "recall_at_5": 0.00899,
        "recall_at_10": 0.01514,
        "recall_at_20": 0.02823,
        "recall_at_100": 0.09647,
        "recall_at_1000": 0.3407,
        "accuracy": 0.00217,
        "precision_at_1": 0.78,
        "precision_at_3": 0.72667,
        "precision_at_5": 0.68,
        "precision_at_10": 0.616,
        "precision_at_20": 0.585,
        "precision_at_100": 0.4166,
        "precision_at_1000": 0.1616,
        "mrr_at_1": 0.78,
        "mrr_at_3": 0.86,
        "mrr_at_5": 0.865,
        "mrr_at_10": 0.865,
        "mrr_at_20": 0.865,
        "mrr_at_100": 0.865955,
        "mrr_at_1000": 0.865955,
        "nauc_ndcg_at_1_max": 0.108403,
        "nauc_ndcg_at_1_std": 0.177867,
        "nauc_ndcg_at_1_diff1": 0.329116,
        "nauc_ndcg_at_3_max": 0.174562,
        "nauc_ndcg_at_3_std": 0.506546,
        "nauc_ndcg_at_3_diff1": -0.048928,
        "nauc_ndcg_at_5_max": 0.163712,
        "nauc_ndcg_at_5_std": 0.560496,
        "nauc_ndcg_at_5_diff1": -0.061663,
        "nauc_ndcg_at_10_max": 0.174484,
        "nauc_ndcg_at_10_std": 0.650442,
        "nauc_ndcg_at_10_diff1": -0.119093,
        "nauc_ndcg_at_20_max": 0.168641,
        "nauc_ndcg_at_20_std": 0.729214,
        "nauc_ndcg_at_20_diff1": -0.212534,
        "nauc_ndcg_at_100_max": 0.203911,
        "nauc_ndcg_at_100_std": 0.837983,
        "nauc_ndcg_at_100_diff1": -0.200275,
        "nauc_ndcg_at_1000_max": 0.155867,
        "nauc_ndcg_at_1000_std": 0.785023,
        "nauc_ndcg_at_1000_diff1": -0.12047,
        "nauc_map_at_1_max": 0.049467,
        "nauc_map_at_1_std": -0.141018,
        "nauc_map_at_1_diff1": 0.278447,
        "nauc_map_at_3_max": 0.029714,
        "nauc_map_at_3_std": -0.000282,
        "nauc_map_at_3_diff1": 0.143773,
        "nauc_map_at_5_max": 0.03417,
        "nauc_map_at_5_std": 0.079818,
        "nauc_map_at_5_diff1": 0.156209,
        "nauc_map_at_10_max": 0.094702,
        "nauc_map_at_10_std": 0.28991,
        "nauc_map_at_10_diff1": 0.066869,
        "nauc_map_at_20_max": 0.144571,
        "nauc_map_at_20_std": 0.468218,
        "nauc_map_at_20_diff1": -0.024698,
        "nauc_map_at_100_max": 0.216618,
        "nauc_map_at_100_std": 0.71958,
        "nauc_map_at_100_diff1": -0.09088,
        "nauc_map_at_1000_max": 0.21748,
        "nauc_map_at_1000_std": 0.85638,
        "nauc_map_at_1000_diff1": -0.122435,
        "nauc_recall_at_1_max": 0.049467,
        "nauc_recall_at_1_std": -0.141018,
        "nauc_recall_at_1_diff1": 0.278447,
        "nauc_recall_at_3_max": 0.000919,
        "nauc_recall_at_3_std": -0.010665,
        "nauc_recall_at_3_diff1": 0.126332,
        "nauc_recall_at_5_max": 0.009365,
        "nauc_recall_at_5_std": 0.046604,
        "nauc_recall_at_5_diff1": 0.150226,
        "nauc_recall_at_10_max": 0.072168,
        "nauc_recall_at_10_std": 0.247016,
        "nauc_recall_at_10_diff1": 0.066228,
        "nauc_recall_at_20_max": 0.108069,
        "nauc_recall_at_20_std": 0.368447,
        "nauc_recall_at_20_diff1": -0.016541,
        "nauc_recall_at_100_max": 0.183477,
        "nauc_recall_at_100_std": 0.626605,
        "nauc_recall_at_100_diff1": -0.063253,
        "nauc_recall_at_1000_max": 0.141731,
        "nauc_recall_at_1000_std": 0.717478,
        "nauc_recall_at_1000_diff1": -0.068276,
        "nauc_precision_at_1_max": 0.360551,
        "nauc_precision_at_1_std": 0.255715,
        "nauc_precision_at_1_diff1": 0.530625,
        "nauc_precision_at_3_max": 0.248935,
        "nauc_precision_at_3_std": 0.620668,
        "nauc_precision_at_3_diff1": -0.031823,
        "nauc_precision_at_5_max": 0.191198,
        "nauc_precision_at_5_std": 0.607206,
        "nauc_precision_at_5_diff1": -0.004303,
        "nauc_precision_at_10_max": 0.176705,
        "nauc_precision_at_10_std": 0.672716,
        "nauc_precision_at_10_diff1": -0.08852,
        "nauc_precision_at_20_max": 0.185241,
        "nauc_precision_at_20_std": 0.748868,
        "nauc_precision_at_20_diff1": -0.196691,
        "nauc_precision_at_100_max": 0.207097,
        "nauc_precision_at_100_std": 0.855737,
        "nauc_precision_at_100_diff1": -0.187054,
        "nauc_precision_at_1000_max": 0.152488,
        "nauc_precision_at_1000_std": 0.735518,
        "nauc_precision_at_1000_diff1": -0.127339,
        "nauc_mrr_at_1_max": 0.360551,
        "nauc_mrr_at_1_std": 0.255715,
        "nauc_mrr_at_1_diff1": 0.530625,
        "nauc_mrr_at_3_max": 0.408959,
        "nauc_mrr_at_3_std": 0.385311,
        "nauc_mrr_at_3_diff1": 0.545136,
        "nauc_mrr_at_5_max": 0.396497,
        "nauc_mrr_at_5_std": 0.366057,
        "nauc_mrr_at_5_diff1": 0.552578,
        "nauc_mrr_at_10_max": 0.396497,
        "nauc_mrr_at_10_std": 0.366057,
        "nauc_mrr_at_10_diff1": 0.552578,
        "nauc_mrr_at_20_max": 0.396497,
        "nauc_mrr_at_20_std": 0.366057,
        "nauc_mrr_at_20_diff1": 0.552578,
        "nauc_mrr_at_100_max": 0.395872,
        "nauc_mrr_at_100_std": 0.362742,
        "nauc_mrr_at_100_diff1": 0.551303,
        "nauc_mrr_at_1000_max": 0.395872,
        "nauc_mrr_at_1000_std": 0.362742,
        "nauc_mrr_at_1000_diff1": 0.551303,
        "cv_recall_at_1": 0.78,
        "cv_recall_at_3": 0.94,
        "cv_recall_at_5": 0.96,
        "cv_recall_at_10": 0.96,
        "cv_recall_at_20": 0.96,
        "cv_recall_at_100": 1.0,
        "cv_recall_at_1000": 1.0,
        "main_score": 0.59337,
        "hf_subset": "default",
        "languages": [
          "eng-Latn"
        ]
      }
    ]
  },
  "evaluation_time": 1022.360563993454,
  "kg_co2_emissions": null
}