{
  "dataset_revision": "c22ab2a51041ffd869aaddef7af8d8215647e41a",
  "task_name": "ArguAna",
  "mteb_version": "2.7.12",
  "scores": {
    "test": [
      {
        "ndcg_at_1": 0.25889,
        "ndcg_at_3": 0.41231,
        "ndcg_at_5": 0.46043,
        "ndcg_at_10": 0.51257,
        "ndcg_at_20": 0.53954,
        "ndcg_at_100": 0.55453,
        "ndcg_at_1000": 0.55641,
        "map_at_1": 0.25889,
        "map_at_3": 0.37506,
        "map_at_5": 0.4018,
        "map_at_10": 0.4234,
        "map_at_20": 0.43089,
        "map_at_100": 0.43315,
        "map_at_1000": 0.43324,
        "recall_at_1": 0.25889,
        "recall_at_3": 0.51991,
        "recall_at_5": 0.63656,
        "recall_at_10": 0.7973,
        "recall_at_20": 0.90327,
        "recall_at_100": 0.98151,
        "recall_at_1000": 0.99573,
        "accuracy": 0.25889,
        "precision_at_1": 0.25889,
        "precision_at_3": 0.1733,
        "precision_at_5": 0.12731,
        "precision_at_10": 0.07973,
        "precision_at_20": 0.04516,
        "precision_at_100": 0.00982,
        "precision_at_1000": 0.001,
        "mrr_at_1": 0.269559,
        "mrr_at_3": 0.377667,
        "mrr_at_5": 0.40569,
        "mrr_at_10": 0.427282,
        "mrr_at_20": 0.434785,
        "mrr_at_100": 0.437043,
        "mrr_at_1000": 0.437125,
        "nauc_ndcg_at_1_max": -0.1171,
        "nauc_ndcg_at_1_std": -0.165635,
        "nauc_ndcg_at_1_diff1": 0.01264,
        "nauc_ndcg_at_3_max": -0.058653,
        "nauc_ndcg_at_3_std": -0.129002,
        "nauc_ndcg_at_3_diff1": -0.013891,
        "nauc_ndcg_at_5_max": -0.064146,
        "nauc_ndcg_at_5_std": -0.130884,
        "nauc_ndcg_at_5_diff1": -0.030496,
        "nauc_ndcg_at_10_max": -0.050894,
        "nauc_ndcg_at_10_std": -0.125579,
        "nauc_ndcg_at_10_diff1": -0.017321,
        "nauc_ndcg_at_20_max": -0.044877,
        "nauc_ndcg_at_20_std": -0.113394,
        "nauc_ndcg_at_20_diff1": -0.012281,
        "nauc_ndcg_at_100_max": -0.057665,
        "nauc_ndcg_at_100_std": -0.121099,
        "nauc_ndcg_at_100_diff1": -0.011718,
        "nauc_ndcg_at_1000_max": -0.061685,
        "nauc_ndcg_at_1000_std": -0.12601,
        "nauc_ndcg_at_1000_diff1": -0.012209,
        "nauc_map_at_1_max": -0.1171,
        "nauc_map_at_1_std": -0.165635,
        "nauc_map_at_1_diff1": 0.01264,
        "nauc_map_at_3_max": -0.074,
        "nauc_map_at_3_std": -0.137986,
        "nauc_map_at_3_diff1": -0.009537,
        "nauc_map_at_5_max": -0.077615,
        "nauc_map_at_5_std": -0.139779,
        "nauc_map_at_5_diff1": -0.018382,
        "nauc_map_at_10_max": -0.073199,
        "nauc_map_at_10_std": -0.138809,
        "nauc_map_at_10_diff1": -0.012675,
        "nauc_map_at_20_max": -0.071816,
        "nauc_map_at_20_std": -0.136022,
        "nauc_map_at_20_diff1": -0.011103,
        "nauc_map_at_100_max": -0.073398,
        "nauc_map_at_100_std": -0.136776,
        "nauc_map_at_100_diff1": -0.010972,
        "nauc_map_at_1000_max": -0.07353,
        "nauc_map_at_1000_std": -0.136959,
        "nauc_map_at_1000_diff1": -0.010976,
        "nauc_recall_at_1_max": -0.1171,
        "nauc_recall_at_1_std": -0.165635,
        "nauc_recall_at_1_diff1": 0.01264,
        "nauc_recall_at_3_max": -0.014657,
        "nauc_recall_at_3_std": -0.103473,
        "nauc_recall_at_3_diff1": -0.025442,
        "nauc_recall_at_5_max": -0.021233,
        "nauc_recall_at_5_std": -0.102034,
        "nauc_recall_at_5_diff1": -0.070984,
        "nauc_recall_at_10_max": 0.064017,
        "nauc_recall_at_10_std": -0.0559,
        "nauc_recall_at_10_diff1": -0.034208,
        "nauc_recall_at_20_max": 0.226584,
        "nauc_recall_at_20_std": 0.134577,
        "nauc_recall_at_20_diff1": -0.003643,
        "nauc_recall_at_100_max": 0.449655,
        "nauc_recall_at_100_std": 0.569914,
        "nauc_recall_at_100_diff1": 0.055391,
        "nauc_recall_at_1000_max": 0.353769,
        "nauc_recall_at_1000_std": 0.759548,
        "nauc_recall_at_1000_diff1": 0.033585,
        "nauc_precision_at_1_max": -0.1171,
        "nauc_precision_at_1_std": -0.165635,
        "nauc_precision_at_1_diff1": 0.01264,
        "nauc_precision_at_3_max": -0.014657,
        "nauc_precision_at_3_std": -0.103473,
        "nauc_precision_at_3_diff1": -0.025442,
        "nauc_precision_at_5_max": -0.021233,
        "nauc_precision_at_5_std": -0.102034,
        "nauc_precision_at_5_diff1": -0.070984,
        "nauc_precision_at_10_max": 0.064017,
        "nauc_precision_at_10_std": -0.0559,
        "nauc_precision_at_10_diff1": -0.034208,
        "nauc_precision_at_20_max": 0.226584,
        "nauc_precision_at_20_std": 0.134577,
        "nauc_precision_at_20_diff1": -0.003643,
        "nauc_precision_at_100_max": 0.449655,
        "nauc_precision_at_100_std": 0.569914,
        "nauc_precision_at_100_diff1": 0.055391,
        "nauc_precision_at_1000_max": 0.353769,
        "nauc_precision_at_1000_std": 0.759548,
        "nauc_precision_at_1000_diff1": 0.033585,
        "nauc_mrr_at_1_max": -0.109392,
        "nauc_mrr_at_1_std": -0.152745,
        "nauc_mrr_at_1_diff1": -0.020082,
        "nauc_mrr_at_3_max": -0.087148,
        "nauc_mrr_at_3_std": -0.140606,
        "nauc_mrr_at_3_diff1": -0.042836,
        "nauc_mrr_at_5_max": -0.085255,
        "nauc_mrr_at_5_std": -0.138153,
        "nauc_mrr_at_5_diff1": -0.047141,
        "nauc_mrr_at_10_max": -0.081063,
        "nauc_mrr_at_10_std": -0.136857,
        "nauc_mrr_at_10_diff1": -0.042254,
        "nauc_mrr_at_20_max": -0.080285,
        "nauc_mrr_at_20_std": -0.134211,
        "nauc_mrr_at_20_diff1": -0.041859,
        "nauc_mrr_at_100_max": -0.08162,
        "nauc_mrr_at_100_std": -0.13484,
        "nauc_mrr_at_100_diff1": -0.041664,
        "nauc_mrr_at_1000_max": -0.081752,
        "nauc_mrr_at_1000_std": -0.135021,
        "nauc_mrr_at_1000_diff1": -0.041675,
        "cv_recall_at_1": 0.26956,
        "cv_recall_at_3": 0.51494,
        "cv_recall_at_5": 0.63656,
        "cv_recall_at_10": 0.7973,
        "cv_recall_at_20": 0.90327,
        "cv_recall_at_100": 0.98151,
        "cv_recall_at_1000": 0.99573,
        "main_score": 0.51257,
        "hf_subset": "default",
        "languages": [
          "eng-Latn"
        ]
      }
    ]
  },
  "evaluation_time": 94.39348220825195,
  "kg_co2_emissions": null
}