{
  "dataset_revision": "c5691e3c48741d5f83b5cc8e630653d7a8cfc048",
  "task_name": "AskUbuntuDupQuestions",
  "mteb_version": "2.7.12",
  "scores": {
    "test": [
      {
        "ndcg_at_1": 0.63435,
        "ndcg_at_3": 0.58824,
        "ndcg_at_5": 0.59304,
        "ndcg_at_10": 0.64902,
        "ndcg_at_20": 0.7589,
        "ndcg_at_100": 0.7589,
        "ndcg_at_1000": 0.7589,
        "map_at_1": 0.16974,
        "map_at_3": 0.30431,
        "map_at_5": 0.38329,
        "map_at_10": 0.4951,
        "map_at_20": 0.60057,
        "map_at_100": 0.60057,
        "map_at_1000": 0.60057,
        "recall_at_1": 0.16974,
        "recall_at_3": 0.3527,
        "recall_at_5": 0.48215,
        "recall_at_10": 0.71485,
        "recall_at_20": 1.0,
        "recall_at_100": 1.0,
        "recall_at_1000": 1.0,
        "accuracy": 0.16974,
        "precision_at_1": 0.63435,
        "precision_at_3": 0.51339,
        "precision_at_5": 0.45485,
        "precision_at_10": 0.36565,
        "precision_at_20": 0.27355,
        "precision_at_100": 0.05471,
        "precision_at_1000": 0.00547,
        "mrr_at_1": 0.634349,
        "mrr_at_3": 0.718837,
        "mrr_at_5": 0.733934,
        "mrr_at_10": 0.743098,
        "mrr_at_20": 0.746174,
        "mrr_at_100": 0.746174,
        "mrr_at_1000": 0.746174,
        "nauc_ndcg_at_1_max": 0.349863,
        "nauc_ndcg_at_1_std": 0.233217,
        "nauc_ndcg_at_1_diff1": 0.32312,
        "nauc_ndcg_at_3_max": 0.26709,
        "nauc_ndcg_at_3_std": 0.150761,
        "nauc_ndcg_at_3_diff1": 0.163874,
        "nauc_ndcg_at_5_max": 0.24294,
        "nauc_ndcg_at_5_std": 0.172779,
        "nauc_ndcg_at_5_diff1": 0.174945,
        "nauc_ndcg_at_10_max": 0.250055,
        "nauc_ndcg_at_10_std": 0.214485,
        "nauc_ndcg_at_10_diff1": 0.195279,
        "nauc_ndcg_at_20_max": 0.295296,
        "nauc_ndcg_at_20_std": 0.189399,
        "nauc_ndcg_at_20_diff1": 0.213707,
        "nauc_ndcg_at_100_max": 0.295296,
        "nauc_ndcg_at_100_std": 0.189399,
        "nauc_ndcg_at_100_diff1": 0.213707,
        "nauc_ndcg_at_1000_max": 0.295296,
        "nauc_ndcg_at_1000_std": 0.189399,
        "nauc_ndcg_at_1000_diff1": 0.213707,
        "nauc_map_at_1_max": 0.060519,
        "nauc_map_at_1_std": 0.036412,
        "nauc_map_at_1_diff1": 0.276764,
        "nauc_map_at_3_max": 0.094749,
        "nauc_map_at_3_std": 0.067047,
        "nauc_map_at_3_diff1": 0.196042,
        "nauc_map_at_5_max": 0.119196,
        "nauc_map_at_5_std": 0.117356,
        "nauc_map_at_5_diff1": 0.185816,
        "nauc_map_at_10_max": 0.180165,
        "nauc_map_at_10_std": 0.173426,
        "nauc_map_at_10_diff1": 0.180843,
        "nauc_map_at_20_max": 0.248946,
        "nauc_map_at_20_std": 0.173598,
        "nauc_map_at_20_diff1": 0.177152,
        "nauc_map_at_100_max": 0.248946,
        "nauc_map_at_100_std": 0.173598,
        "nauc_map_at_100_diff1": 0.177152,
        "nauc_map_at_1000_max": 0.248946,
        "nauc_map_at_1000_std": 0.173598,
        "nauc_map_at_1000_diff1": 0.177152,
        "nauc_recall_at_1_max": 0.060519,
        "nauc_recall_at_1_std": 0.036412,
        "nauc_recall_at_1_diff1": 0.276764,
        "nauc_recall_at_3_max": 0.054393,
        "nauc_recall_at_3_std": 0.024494,
        "nauc_recall_at_3_diff1": 0.136381,
        "nauc_recall_at_5_max": 0.055763,
        "nauc_recall_at_5_std": 0.096653,
        "nauc_recall_at_5_diff1": 0.109321,
        "nauc_recall_at_10_max": 0.084968,
        "nauc_recall_at_10_std": 0.183376,
        "nauc_recall_at_10_diff1": 0.085274,
        "nauc_recall_at_20_max": NaN,
        "nauc_recall_at_20_std": NaN,
        "nauc_recall_at_20_diff1": NaN,
        "nauc_recall_at_100_max": NaN,
        "nauc_recall_at_100_std": NaN,
        "nauc_recall_at_100_diff1": NaN,
        "nauc_recall_at_1000_max": NaN,
        "nauc_recall_at_1000_std": NaN,
        "nauc_recall_at_1000_diff1": NaN,
        "nauc_precision_at_1_max": 0.349863,
        "nauc_precision_at_1_std": 0.233217,
        "nauc_precision_at_1_diff1": 0.32312,
        "nauc_precision_at_3_max": 0.260321,
        "nauc_precision_at_3_std": 0.159781,
        "nauc_precision_at_3_diff1": 0.055693,
        "nauc_precision_at_5_max": 0.251234,
        "nauc_precision_at_5_std": 0.180808,
        "nauc_precision_at_5_diff1": 0.034378,
        "nauc_precision_at_10_max": 0.23925,
        "nauc_precision_at_10_std": 0.155558,
        "nauc_precision_at_10_diff1": 0.004103,
        "nauc_precision_at_20_max": 0.216144,
        "nauc_precision_at_20_std": 0.086516,
        "nauc_precision_at_20_diff1": -0.008182,
        "nauc_precision_at_100_max": 0.216144,
        "nauc_precision_at_100_std": 0.086516,
        "nauc_precision_at_100_diff1": -0.008182,
        "nauc_precision_at_1000_max": 0.216144,
        "nauc_precision_at_1000_std": 0.086516,
        "nauc_precision_at_1000_diff1": -0.008182,
        "nauc_mrr_at_1_max": 0.349863,
        "nauc_mrr_at_1_std": 0.233217,
        "nauc_mrr_at_1_diff1": 0.32312,
        "nauc_mrr_at_3_max": 0.354902,
        "nauc_mrr_at_3_std": 0.220327,
        "nauc_mrr_at_3_diff1": 0.31779,
        "nauc_mrr_at_5_max": 0.351706,
        "nauc_mrr_at_5_std": 0.227025,
        "nauc_mrr_at_5_diff1": 0.309881,
        "nauc_mrr_at_10_max": 0.35526,
        "nauc_mrr_at_10_std": 0.228696,
        "nauc_mrr_at_10_diff1": 0.312974,
        "nauc_mrr_at_20_max": 0.352244,
        "nauc_mrr_at_20_std": 0.226798,
        "nauc_mrr_at_20_diff1": 0.312572,
        "nauc_mrr_at_100_max": 0.352244,
        "nauc_mrr_at_100_std": 0.226798,
        "nauc_mrr_at_100_diff1": 0.312572,
        "nauc_mrr_at_1000_max": 0.352244,
        "nauc_mrr_at_1000_std": 0.226798,
        "nauc_mrr_at_1000_diff1": 0.312572,
        "cv_recall_at_1": 0.63435,
        "cv_recall_at_3": 0.82548,
        "cv_recall_at_5": 0.89197,
        "cv_recall_at_10": 0.95845,
        "cv_recall_at_20": 1.0,
        "cv_recall_at_100": 1.0,
        "cv_recall_at_1000": 1.0,
        "main_score": 0.60057,
        "hf_subset": "default",
        "languages": [
          "eng-Latn"
        ]
      }
    ]
  },
  "evaluation_time": 10.455883264541626,
  "kg_co2_emissions": null
}