{
  "dataset_revision": "3a309e201f3c2c4b13bd4a367a8f37eee2ec1d21",
  "task_name": "ClimateFEVERHardNegatives",
  "mteb_version": "2.7.12",
  "scores": {
    "test": [
      {
        "ndcg_at_1": 0.175,
        "ndcg_at_3": 0.16044,
        "ndcg_at_5": 0.17716,
        "ndcg_at_10": 0.21122,
        "ndcg_at_20": 0.23769,
        "ndcg_at_100": 0.28933,
        "ndcg_at_1000": 0.33433,
        "map_at_1": 0.08343,
        "map_at_3": 0.11656,
        "map_at_5": 0.12916,
        "map_at_10": 0.14296,
        "map_at_20": 0.15146,
        "map_at_100": 0.16016,
        "map_at_1000": 0.16262,
        "recall_at_1": 0.08343,
        "recall_at_3": 0.1506,
        "recall_at_5": 0.19408,
        "recall_at_10": 0.27243,
        "recall_at_20": 0.34838,
        "recall_at_100": 0.55003,
        "recall_at_1000": 0.80315,
        "accuracy": 0.08343,
        "precision_at_1": 0.175,
        "precision_at_3": 0.11733,
        "precision_at_5": 0.0934,
        "precision_at_10": 0.0682,
        "precision_at_20": 0.04515,
        "precision_at_100": 0.01527,
        "precision_at_1000": 0.00236,
        "mrr_at_1": 0.175,
        "mrr_at_3": 0.239167,
        "mrr_at_5": 0.257867,
        "mrr_at_10": 0.2768,
        "mrr_at_20": 0.2836,
        "mrr_at_100": 0.28887,
        "mrr_at_1000": 0.289383,
        "nauc_ndcg_at_1_max": 0.319451,
        "nauc_ndcg_at_1_std": 0.122729,
        "nauc_ndcg_at_1_diff1": 0.218324,
        "nauc_ndcg_at_3_max": 0.321987,
        "nauc_ndcg_at_3_std": 0.127868,
        "nauc_ndcg_at_3_diff1": 0.171056,
        "nauc_ndcg_at_5_max": 0.337863,
        "nauc_ndcg_at_5_std": 0.142694,
        "nauc_ndcg_at_5_diff1": 0.17441,
        "nauc_ndcg_at_10_max": 0.346357,
        "nauc_ndcg_at_10_std": 0.164151,
        "nauc_ndcg_at_10_diff1": 0.158932,
        "nauc_ndcg_at_20_max": 0.357025,
        "nauc_ndcg_at_20_std": 0.175095,
        "nauc_ndcg_at_20_diff1": 0.181115,
        "nauc_ndcg_at_100_max": 0.381765,
        "nauc_ndcg_at_100_std": 0.216077,
        "nauc_ndcg_at_100_diff1": 0.184084,
        "nauc_ndcg_at_1000_max": 0.381742,
        "nauc_ndcg_at_1000_std": 0.224332,
        "nauc_ndcg_at_1000_diff1": 0.171722,
        "nauc_map_at_1_max": 0.333693,
        "nauc_map_at_1_std": 0.087228,
        "nauc_map_at_1_diff1": 0.214035,
        "nauc_map_at_3_max": 0.337326,
        "nauc_map_at_3_std": 0.110786,
        "nauc_map_at_3_diff1": 0.189746,
        "nauc_map_at_5_max": 0.346335,
        "nauc_map_at_5_std": 0.121406,
        "nauc_map_at_5_diff1": 0.191674,
        "nauc_map_at_10_max": 0.351797,
        "nauc_map_at_10_std": 0.131818,
        "nauc_map_at_10_diff1": 0.184944,
        "nauc_map_at_20_max": 0.356893,
        "nauc_map_at_20_std": 0.138267,
        "nauc_map_at_20_diff1": 0.19229,
        "nauc_map_at_100_max": 0.364086,
        "nauc_map_at_100_std": 0.14898,
        "nauc_map_at_100_diff1": 0.194549,
        "nauc_map_at_1000_max": 0.36437,
        "nauc_map_at_1000_std": 0.150322,
        "nauc_map_at_1000_diff1": 0.193441,
        "nauc_recall_at_1_max": 0.333693,
        "nauc_recall_at_1_std": 0.087228,
        "nauc_recall_at_1_diff1": 0.214035,
        "nauc_recall_at_3_max": 0.31989,
        "nauc_recall_at_3_std": 0.125321,
        "nauc_recall_at_3_diff1": 0.154308,
        "nauc_recall_at_5_max": 0.322487,
        "nauc_recall_at_5_std": 0.144333,
        "nauc_recall_at_5_diff1": 0.154584,
        "nauc_recall_at_10_max": 0.319049,
        "nauc_recall_at_10_std": 0.173661,
        "nauc_recall_at_10_diff1": 0.114528,
        "nauc_recall_at_20_max": 0.325783,
        "nauc_recall_at_20_std": 0.183221,
        "nauc_recall_at_20_diff1": 0.161755,
        "nauc_recall_at_100_max": 0.357126,
        "nauc_recall_at_100_std": 0.281081,
        "nauc_recall_at_100_diff1": 0.149591,
        "nauc_recall_at_1000_max": 0.390636,
        "nauc_recall_at_1000_std": 0.402621,
        "nauc_recall_at_1000_diff1": 0.076859,
        "nauc_precision_at_1_max": 0.319451,
        "nauc_precision_at_1_std": 0.122729,
        "nauc_precision_at_1_diff1": 0.218324,
        "nauc_precision_at_3_max": 0.302405,
        "nauc_precision_at_3_std": 0.15343,
        "nauc_precision_at_3_diff1": 0.12801,
        "nauc_precision_at_5_max": 0.314466,
        "nauc_precision_at_5_std": 0.188592,
        "nauc_precision_at_5_diff1": 0.123475,
        "nauc_precision_at_10_max": 0.292805,
        "nauc_precision_at_10_std": 0.230137,
        "nauc_precision_at_10_diff1": 0.068228,
        "nauc_precision_at_20_max": 0.280566,
        "nauc_precision_at_20_std": 0.235344,
        "nauc_precision_at_20_diff1": 0.113721,
        "nauc_precision_at_100_max": 0.254982,
        "nauc_precision_at_100_std": 0.305452,
        "nauc_precision_at_100_diff1": 0.070419,
        "nauc_precision_at_1000_max": 0.105515,
        "nauc_precision_at_1000_std": 0.240556,
        "nauc_precision_at_1000_diff1": -0.042996,
        "nauc_mrr_at_1_max": 0.319451,
        "nauc_mrr_at_1_std": 0.122729,
        "nauc_mrr_at_1_diff1": 0.218324,
        "nauc_mrr_at_3_max": 0.309833,
        "nauc_mrr_at_3_std": 0.140229,
        "nauc_mrr_at_3_diff1": 0.168241,
        "nauc_mrr_at_5_max": 0.314714,
        "nauc_mrr_at_5_std": 0.151477,
        "nauc_mrr_at_5_diff1": 0.1666,
        "nauc_mrr_at_10_max": 0.316981,
        "nauc_mrr_at_10_std": 0.157582,
        "nauc_mrr_at_10_diff1": 0.161719,
        "nauc_mrr_at_20_max": 0.318189,
        "nauc_mrr_at_20_std": 0.157692,
        "nauc_mrr_at_20_diff1": 0.166318,
        "nauc_mrr_at_100_max": 0.319572,
        "nauc_mrr_at_100_std": 0.159146,
        "nauc_mrr_at_100_diff1": 0.166557,
        "nauc_mrr_at_1000_max": 0.319291,
        "nauc_mrr_at_1000_std": 0.158762,
        "nauc_mrr_at_1000_diff1": 0.16645,
        "cv_recall_at_1": 0.175,
        "cv_recall_at_3": 0.324,
        "cv_recall_at_5": 0.405,
        "cv_recall_at_10": 0.545,
        "cv_recall_at_20": 0.644,
        "cv_recall_at_100": 0.853,
        "cv_recall_at_1000": 0.965,
        "main_score": 0.21122,
        "hf_subset": "default",
        "languages": [
          "eng-Latn"
        ]
      }
    ]
  },
  "evaluation_time": 437.80297327041626,
  "kg_co2_emissions": null
}