{
  "dataset_revision": "080c9ed6267b65029207906e815d44a9240bafca",
  "task_name": "FEVERHardNegatives",
  "mteb_version": "2.7.12",
  "scores": {
    "test": [
      {
        "ndcg_at_1": 0.579,
        "ndcg_at_3": 0.68061,
        "ndcg_at_5": 0.70003,
        "ndcg_at_10": 0.7155,
        "ndcg_at_20": 0.72611,
        "ndcg_at_100": 0.73523,
        "ndcg_at_1000": 0.74155,
        "map_at_1": 0.54614,
        "map_at_3": 0.64489,
        "map_at_5": 0.65652,
        "map_at_10": 0.66306,
        "map_at_20": 0.66635,
        "map_at_100": 0.6678,
        "map_at_1000": 0.66811,
        "recall_at_1": 0.54614,
        "recall_at_3": 0.7544,
        "recall_at_5": 0.80271,
        "recall_at_10": 0.84988,
        "recall_at_20": 0.88935,
        "recall_at_100": 0.93427,
        "recall_at_1000": 0.97863,
        "accuracy": 0.54614,
        "precision_at_1": 0.579,
        "precision_at_3": 0.27067,
        "precision_at_5": 0.1732,
        "precision_at_10": 0.0922,
        "precision_at_20": 0.0487,
        "precision_at_100": 0.01041,
        "precision_at_1000": 0.00112,
        "mrr_at_1": 0.579,
        "mrr_at_3": 0.672,
        "mrr_at_5": 0.6836,
        "mrr_at_10": 0.690097,
        "mrr_at_20": 0.692612,
        "mrr_at_100": 0.693622,
        "mrr_at_1000": 0.693778,
        "nauc_ndcg_at_1_max": 0.122915,
        "nauc_ndcg_at_1_std": 0.192838,
        "nauc_ndcg_at_1_diff1": 0.658721,
        "nauc_ndcg_at_3_max": 0.196905,
        "nauc_ndcg_at_3_std": 0.303021,
        "nauc_ndcg_at_3_diff1": 0.635938,
        "nauc_ndcg_at_5_max": 0.180057,
        "nauc_ndcg_at_5_std": 0.318851,
        "nauc_ndcg_at_5_diff1": 0.633506,
        "nauc_ndcg_at_10_max": 0.17075,
        "nauc_ndcg_at_10_std": 0.309803,
        "nauc_ndcg_at_10_diff1": 0.632101,
        "nauc_ndcg_at_20_max": 0.15746,
        "nauc_ndcg_at_20_std": 0.307318,
        "nauc_ndcg_at_20_diff1": 0.632126,
        "nauc_ndcg_at_100_max": 0.154055,
        "nauc_ndcg_at_100_std": 0.304445,
        "nauc_ndcg_at_100_diff1": 0.631694,
        "nauc_ndcg_at_1000_max": 0.158024,
        "nauc_ndcg_at_1000_std": 0.298008,
        "nauc_ndcg_at_1000_diff1": 0.63386,
        "nauc_map_at_1_max": 0.137748,
        "nauc_map_at_1_std": 0.174205,
        "nauc_map_at_1_diff1": 0.655344,
        "nauc_map_at_3_max": 0.18496,
        "nauc_map_at_3_std": 0.266678,
        "nauc_map_at_3_diff1": 0.64213,
        "nauc_map_at_5_max": 0.175891,
        "nauc_map_at_5_std": 0.273187,
        "nauc_map_at_5_diff1": 0.640842,
        "nauc_map_at_10_max": 0.172475,
        "nauc_map_at_10_std": 0.269029,
        "nauc_map_at_10_diff1": 0.640475,
        "nauc_map_at_20_max": 0.168894,
        "nauc_map_at_20_std": 0.26902,
        "nauc_map_at_20_diff1": 0.640207,
        "nauc_map_at_100_max": 0.16839,
        "nauc_map_at_100_std": 0.268887,
        "nauc_map_at_100_diff1": 0.640062,
        "nauc_map_at_1000_max": 0.168418,
        "nauc_map_at_1000_std": 0.268728,
        "nauc_map_at_1000_diff1": 0.640112,
        "nauc_recall_at_1_max": 0.137748,
        "nauc_recall_at_1_std": 0.174205,
        "nauc_recall_at_1_diff1": 0.655344,
        "nauc_recall_at_3_max": 0.251644,
        "nauc_recall_at_3_std": 0.406151,
        "nauc_recall_at_3_diff1": 0.596259,
        "nauc_recall_at_5_max": 0.208282,
        "nauc_recall_at_5_std": 0.476069,
        "nauc_recall_at_5_diff1": 0.572079,
        "nauc_recall_at_10_max": 0.164587,
        "nauc_recall_at_10_std": 0.468151,
        "nauc_recall_at_10_diff1": 0.547235,
        "nauc_recall_at_20_max": 0.067541,
        "nauc_recall_at_20_std": 0.496151,
        "nauc_recall_at_20_diff1": 0.53085,
        "nauc_recall_at_100_max": -0.045229,
        "nauc_recall_at_100_std": 0.552805,
        "nauc_recall_at_100_diff1": 0.468069,
        "nauc_recall_at_1000_max": -0.027472,
        "nauc_recall_at_1000_std": 0.611602,
        "nauc_recall_at_1000_diff1": 0.402768,
        "nauc_precision_at_1_max": 0.122915,
        "nauc_precision_at_1_std": 0.192838,
        "nauc_precision_at_1_diff1": 0.658721,
        "nauc_precision_at_3_max": 0.197952,
        "nauc_precision_at_3_std": 0.400068,
        "nauc_precision_at_3_diff1": 0.475936,
        "nauc_precision_at_5_max": 0.131409,
        "nauc_precision_at_5_std": 0.445742,
        "nauc_precision_at_5_diff1": 0.41809,
        "nauc_precision_at_10_max": 0.075417,
        "nauc_precision_at_10_std": 0.40773,
        "nauc_precision_at_10_diff1": 0.316505,
        "nauc_precision_at_20_max": -0.047931,
        "nauc_precision_at_20_std": 0.351566,
        "nauc_precision_at_20_diff1": 0.16635,
        "nauc_precision_at_100_max": -0.113957,
        "nauc_precision_at_100_std": 0.225468,
        "nauc_precision_at_100_diff1": -0.04318,
        "nauc_precision_at_1000_max": -0.136897,
        "nauc_precision_at_1000_std": 0.053569,
        "nauc_precision_at_1000_diff1": -0.207182,
        "nauc_mrr_at_1_max": 0.122915,
        "nauc_mrr_at_1_std": 0.192838,
        "nauc_mrr_at_1_diff1": 0.658721,
        "nauc_mrr_at_3_max": 0.168334,
        "nauc_mrr_at_3_std": 0.281827,
        "nauc_mrr_at_3_diff1": 0.64274,
        "nauc_mrr_at_5_max": 0.157477,
        "nauc_mrr_at_5_std": 0.288866,
        "nauc_mrr_at_5_diff1": 0.642479,
        "nauc_mrr_at_10_max": 0.15306,
        "nauc_mrr_at_10_std": 0.285884,
        "nauc_mrr_at_10_diff1": 0.642214,
        "nauc_mrr_at_20_max": 0.150222,
        "nauc_mrr_at_20_std": 0.283598,
        "nauc_mrr_at_20_diff1": 0.642254,
        "nauc_mrr_at_100_max": 0.149872,
        "nauc_mrr_at_100_std": 0.283216,
        "nauc_mrr_at_100_diff1": 0.642172,
        "nauc_mrr_at_1000_max": 0.150015,
        "nauc_mrr_at_1000_std": 0.282945,
        "nauc_mrr_at_1000_diff1": 0.642255,
        "cv_recall_at_1": 0.579,
        "cv_recall_at_3": 0.785,
        "cv_recall_at_5": 0.835,
        "cv_recall_at_10": 0.884,
        "cv_recall_at_20": 0.92,
        "cv_recall_at_100": 0.96,
        "cv_recall_at_1000": 0.991,
        "main_score": 0.7155,
        "hf_subset": "default",
        "languages": [
          "eng-Latn"
        ]
      }
    ]
  },
  "evaluation_time": 1026.317221879959,
  "kg_co2_emissions": null
}