{
  "dataset_revision": "227478e3235572039f4f7661840e059f31ef6eb1",
  "task_name": "MindSmallReranking",
  "mteb_version": "2.7.12",
  "scores": {
    "test": [
      {
        "ndcg_at_1": 0.1288,
        "ndcg_at_3": 0.20225,
        "ndcg_at_5": 0.24766,
        "ndcg_at_10": 0.31023,
        "ndcg_at_20": 0.363,
        "ndcg_at_100": 0.42696,
        "ndcg_at_1000": 0.43048,
        "map_at_1": 0.09834,
        "map_at_3": 0.16611,
        "map_at_5": 0.19299,
        "map_at_10": 0.22097,
        "map_at_20": 0.23819,
        "map_at_100": 0.25184,
        "map_at_1000": 0.25228,
        "recall_at_1": 0.09834,
        "recall_at_3": 0.25101,
        "recall_at_5": 0.35947,
        "recall_at_10": 0.53657,
        "recall_at_20": 0.71642,
        "recall_at_100": 0.98294,
        "recall_at_1000": 1.0,
        "accuracy": 0.09834,
        "precision_at_1": 0.1288,
        "precision_at_3": 0.11137,
        "precision_at_5": 0.09802,
        "precision_at_10": 0.07709,
        "precision_at_20": 0.05516,
        "precision_at_100": 0.01764,
        "precision_at_1000": 0.00183,
        "mrr_at_1": 0.128804,
        "mrr_at_3": 0.209779,
        "mrr_at_5": 0.238943,
        "mrr_at_10": 0.264897,
        "mrr_at_20": 0.277105,
        "mrr_at_100": 0.282571,
        "mrr_at_1000": 0.282617,
        "nauc_ndcg_at_1_max": -0.106794,
        "nauc_ndcg_at_1_std": -0.004919,
        "nauc_ndcg_at_1_diff1": 0.125693,
        "nauc_ndcg_at_3_max": -0.205914,
        "nauc_ndcg_at_3_std": -0.044509,
        "nauc_ndcg_at_3_diff1": 0.137268,
        "nauc_ndcg_at_5_max": -0.240997,
        "nauc_ndcg_at_5_std": -0.051106,
        "nauc_ndcg_at_5_diff1": 0.136571,
        "nauc_ndcg_at_10_max": -0.277937,
        "nauc_ndcg_at_10_std": -0.05373,
        "nauc_ndcg_at_10_diff1": 0.134995,
        "nauc_ndcg_at_20_max": -0.287945,
        "nauc_ndcg_at_20_std": -0.049002,
        "nauc_ndcg_at_20_diff1": 0.133469,
        "nauc_ndcg_at_100_max": -0.225527,
        "nauc_ndcg_at_100_std": -0.038969,
        "nauc_ndcg_at_100_diff1": 0.128686,
        "nauc_ndcg_at_1000_max": -0.213702,
        "nauc_ndcg_at_1000_std": -0.037793,
        "nauc_ndcg_at_1000_diff1": 0.128156,
        "nauc_map_at_1_max": -0.174287,
        "nauc_map_at_1_std": -0.033296,
        "nauc_map_at_1_diff1": 0.152054,
        "nauc_map_at_3_max": -0.219766,
        "nauc_map_at_3_std": -0.050187,
        "nauc_map_at_3_diff1": 0.14714,
        "nauc_map_at_5_max": -0.237297,
        "nauc_map_at_5_std": -0.052274,
        "nauc_map_at_5_diff1": 0.144793,
        "nauc_map_at_10_max": -0.252854,
        "nauc_map_at_10_std": -0.052234,
        "nauc_map_at_10_diff1": 0.142955,
        "nauc_map_at_20_max": -0.254362,
        "nauc_map_at_20_std": -0.049778,
        "nauc_map_at_20_diff1": 0.141795,
        "nauc_map_at_100_max": -0.241595,
        "nauc_map_at_100_std": -0.047254,
        "nauc_map_at_100_diff1": 0.140543,
        "nauc_map_at_1000_max": -0.240362,
        "nauc_map_at_1000_std": -0.04713,
        "nauc_map_at_1000_diff1": 0.140493,
        "nauc_recall_at_1_max": -0.174287,
        "nauc_recall_at_1_std": -0.033296,
        "nauc_recall_at_1_diff1": 0.152054,
        "nauc_recall_at_3_max": -0.245214,
        "nauc_recall_at_3_std": -0.060447,
        "nauc_recall_at_3_diff1": 0.135955,
        "nauc_recall_at_5_max": -0.292257,
        "nauc_recall_at_5_std": -0.067906,
        "nauc_recall_at_5_diff1": 0.129399,
        "nauc_recall_at_10_max": -0.379586,
        "nauc_recall_at_10_std": -0.075873,
        "nauc_recall_at_10_diff1": 0.124487,
        "nauc_recall_at_20_max": -0.472596,
        "nauc_recall_at_20_std": -0.072869,
        "nauc_recall_at_20_diff1": 0.121942,
        "nauc_recall_at_100_max": -0.797163,
        "nauc_recall_at_100_std": -0.087511,
        "nauc_recall_at_100_diff1": 0.117185,
        "nauc_recall_at_1000_max": -0.624276,
        "nauc_recall_at_1000_std": -0.015313,
        "nauc_recall_at_1000_diff1": 0.240663,
        "nauc_precision_at_1_max": -0.106794,
        "nauc_precision_at_1_std": -0.004919,
        "nauc_precision_at_1_diff1": 0.125693,
        "nauc_precision_at_3_max": -0.164333,
        "nauc_precision_at_3_std": -0.023376,
        "nauc_precision_at_3_diff1": 0.108444,
        "nauc_precision_at_5_max": -0.185854,
        "nauc_precision_at_5_std": -0.021955,
        "nauc_precision_at_5_diff1": 0.093233,
        "nauc_precision_at_10_max": -0.170746,
        "nauc_precision_at_10_std": -0.006438,
        "nauc_precision_at_10_diff1": 0.055957,
        "nauc_precision_at_20_max": -0.065386,
        "nauc_precision_at_20_std": 0.025447,
        "nauc_precision_at_20_diff1": 0.00637,
        "nauc_precision_at_100_max": 0.245785,
        "nauc_precision_at_100_std": 0.061711,
        "nauc_precision_at_100_diff1": -0.06726,
        "nauc_precision_at_1000_max": 0.276882,
        "nauc_precision_at_1000_std": 0.06329,
        "nauc_precision_at_1000_diff1": -0.069705,
        "nauc_mrr_at_1_max": -0.106794,
        "nauc_mrr_at_1_std": -0.004919,
        "nauc_mrr_at_1_diff1": 0.125693,
        "nauc_mrr_at_3_max": -0.150026,
        "nauc_mrr_at_3_std": -0.022715,
        "nauc_mrr_at_3_diff1": 0.121644,
        "nauc_mrr_at_5_max": -0.165242,
        "nauc_mrr_at_5_std": -0.025569,
        "nauc_mrr_at_5_diff1": 0.120775,
        "nauc_mrr_at_10_max": -0.176617,
        "nauc_mrr_at_10_std": -0.026737,
        "nauc_mrr_at_10_diff1": 0.12067,
        "nauc_mrr_at_20_max": -0.177028,
        "nauc_mrr_at_20_std": -0.025914,
        "nauc_mrr_at_20_diff1": 0.120965,
        "nauc_mrr_at_100_max": -0.17309,
        "nauc_mrr_at_100_std": -0.025354,
        "nauc_mrr_at_100_diff1": 0.121175,
        "nauc_mrr_at_1000_max": -0.172977,
        "nauc_mrr_at_1000_std": -0.025344,
        "nauc_mrr_at_1000_diff1": 0.121178,
        "cv_recall_at_1": 0.1288,
        "cv_recall_at_3": 0.31755,
        "cv_recall_at_5": 0.44598,
        "cv_recall_at_10": 0.64025,
        "cv_recall_at_20": 0.81375,
        "cv_recall_at_100": 0.99427,
        "cv_recall_at_1000": 1.0,
        "max_over_subqueries_ndcg_at_1": 0.16176,
        "max_over_subqueries_ndcg_at_3": 0.25728,
        "max_over_subqueries_ndcg_at_5": 0.30759,
        "max_over_subqueries_ndcg_at_10": 0.37115,
        "max_over_subqueries_ndcg_at_20": 0.4176,
        "max_over_subqueries_ndcg_at_100": 0.46388,
        "max_over_subqueries_ndcg_at_1000": 0.46585,
        "max_over_subqueries_map_at_1": 0.13577,
        "max_over_subqueries_map_at_3": 0.2195,
        "max_over_subqueries_map_at_5": 0.24886,
        "max_over_subqueries_map_at_10": 0.2771,
        "max_over_subqueries_map_at_20": 0.29216,
        "max_over_subqueries_map_at_100": 0.30168,
        "max_over_subqueries_map_at_1000": 0.30189,
        "max_over_subqueries_recall_at_1": 0.13577,
        "max_over_subqueries_recall_at_3": 0.3236,
        "max_over_subqueries_recall_at_5": 0.44257,
        "max_over_subqueries_recall_at_10": 0.62458,
        "max_over_subqueries_recall_at_20": 0.78717,
        "max_over_subqueries_recall_at_100": 0.98952,
        "max_over_subqueries_recall_at_1000": 0.99999,
        "max_over_subqueries_accuracy": 0.13577,
        "max_over_subqueries_precision_at_1": 0.16176,
        "max_over_subqueries_precision_at_3": 0.13139,
        "max_over_subqueries_precision_at_5": 0.11038,
        "max_over_subqueries_precision_at_10": 0.08139,
        "max_over_subqueries_precision_at_20": 0.05406,
        "max_over_subqueries_precision_at_100": 0.01492,
        "max_over_subqueries_precision_at_1000": 0.00152,
        "max_over_subqueries_mrr_at_1_max": -0.122178,
        "max_over_subqueries_mrr_at_1_std": -0.013556,
        "max_over_subqueries_mrr_at_1_diff1": 0.13068,
        "max_over_subqueries_mrr_at_3_max": -0.193913,
        "max_over_subqueries_mrr_at_3_std": -0.061274,
        "max_over_subqueries_mrr_at_3_diff1": 0.079109,