{
  "dataset_revision": "f8c2fcf00f625baaa80f62ec5bd9e1fff3b8ae88",
  "task_name": "SCIDOCS",
  "mteb_version": "2.7.12",
  "scores": {
    "test": [
      {
        "ndcg_at_1": 0.18,
        "ndcg_at_3": 0.14174,
        "ndcg_at_5": 0.12201,
        "ndcg_at_10": 0.14992,
        "ndcg_at_20": 0.17011,
        "ndcg_at_100": 0.21288,
        "ndcg_at_1000": 0.263,
        "map_at_1": 0.03653,
        "map_at_3": 0.06182,
        "map_at_5": 0.07188,
        "map_at_10": 0.08424,
        "map_at_20": 0.09123,
        "map_at_100": 0.09881,
        "map_at_1000": 0.10118,
        "recall_at_1": 0.03653,
        "recall_at_3": 0.08003,
        "recall_at_5": 0.10702,
        "recall_at_10": 0.15825,
        "recall_at_20": 0.20563,
        "recall_at_100": 0.34395,
        "recall_at_1000": 0.5912,
        "accuracy": 0.03653,
        "precision_at_1": 0.18,
        "precision_at_3": 0.13167,
        "precision_at_5": 0.1056,
        "precision_at_10": 0.0781,
        "precision_at_20": 0.05075,
        "precision_at_100": 0.01696,
        "precision_at_1000": 0.00291,
        "mrr_at_1": 0.18,
        "mrr_at_3": 0.238833,
        "mrr_at_5": 0.254983,
        "mrr_at_10": 0.269404,
        "mrr_at_20": 0.274904,
        "mrr_at_100": 0.27996,
        "mrr_at_1000": 0.280758,
        "nauc_ndcg_at_1_max": 0.118377,
        "nauc_ndcg_at_1_std": -0.014241,
        "nauc_ndcg_at_1_diff1": 0.209383,
        "nauc_ndcg_at_3_max": 0.16962,
        "nauc_ndcg_at_3_std": 0.040648,
        "nauc_ndcg_at_3_diff1": 0.183053,
        "nauc_ndcg_at_5_max": 0.17375,
        "nauc_ndcg_at_5_std": 0.049717,
        "nauc_ndcg_at_5_diff1": 0.200923,
        "nauc_ndcg_at_10_max": 0.196452,
        "nauc_ndcg_at_10_std": 0.092391,
        "nauc_ndcg_at_10_diff1": 0.188062,
        "nauc_ndcg_at_20_max": 0.202365,
        "nauc_ndcg_at_20_std": 0.124117,
        "nauc_ndcg_at_20_diff1": 0.195754,
        "nauc_ndcg_at_100_max": 0.224235,
        "nauc_ndcg_at_100_std": 0.168301,
        "nauc_ndcg_at_100_diff1": 0.199921,
        "nauc_ndcg_at_1000_max": 0.221973,
        "nauc_ndcg_at_1000_std": 0.186421,
        "nauc_ndcg_at_1000_diff1": 0.196793,
        "nauc_map_at_1_max": 0.118585,
        "nauc_map_at_1_std": -0.01604,
        "nauc_map_at_1_diff1": 0.209025,
        "nauc_map_at_3_max": 0.170602,
        "nauc_map_at_3_std": 0.028302,
        "nauc_map_at_3_diff1": 0.189564,
        "nauc_map_at_5_max": 0.171814,
        "nauc_map_at_5_std": 0.030968,
        "nauc_map_at_5_diff1": 0.199004,
        "nauc_map_at_10_max": 0.190828,
        "nauc_map_at_10_std": 0.066042,
        "nauc_map_at_10_diff1": 0.189239,
        "nauc_map_at_20_max": 0.197122,
        "nauc_map_at_20_std": 0.087902,
        "nauc_map_at_20_diff1": 0.194938,
        "nauc_map_at_100_max": 0.204988,
        "nauc_map_at_100_std": 0.10477,
        "nauc_map_at_100_diff1": 0.197631,
        "nauc_map_at_1000_max": 0.20605,
        "nauc_map_at_1000_std": 0.108074,
        "nauc_map_at_1000_diff1": 0.197866,
        "nauc_recall_at_1_max": 0.118585,
        "nauc_recall_at_1_std": -0.01604,
        "nauc_recall_at_1_diff1": 0.209025,
        "nauc_recall_at_3_max": 0.191621,
        "nauc_recall_at_3_std": 0.064979,
        "nauc_recall_at_3_diff1": 0.174452,
        "nauc_recall_at_5_max": 0.193016,
        "nauc_recall_at_5_std": 0.078145,
        "nauc_recall_at_5_diff1": 0.205304,
        "nauc_recall_at_10_max": 0.217461,
        "nauc_recall_at_10_std": 0.148269,
        "nauc_recall_at_10_diff1": 0.168101,
        "nauc_recall_at_20_max": 0.218576,
        "nauc_recall_at_20_std": 0.205038,
        "nauc_recall_at_20_diff1": 0.179488,
        "nauc_recall_at_100_max": 0.248259,
        "nauc_recall_at_100_std": 0.284605,
        "nauc_recall_at_100_diff1": 0.173448,
        "nauc_recall_at_1000_max": 0.198514,
        "nauc_recall_at_1000_std": 0.33062,
        "nauc_recall_at_1000_diff1": 0.126003,
        "nauc_precision_at_1_max": 0.118377,
        "nauc_precision_at_1_std": -0.014241,
        "nauc_precision_at_1_diff1": 0.209383,
        "nauc_precision_at_3_max": 0.193064,
        "nauc_precision_at_3_std": 0.068667,
        "nauc_precision_at_3_diff1": 0.175057,
        "nauc_precision_at_5_max": 0.194449,
        "nauc_precision_at_5_std": 0.082616,
        "nauc_precision_at_5_diff1": 0.206296,
        "nauc_precision_at_10_max": 0.220668,
        "nauc_precision_at_10_std": 0.151654,
        "nauc_precision_at_10_diff1": 0.170446,
        "nauc_precision_at_20_max": 0.222133,
        "nauc_precision_at_20_std": 0.206287,
        "nauc_precision_at_20_diff1": 0.183228,
        "nauc_precision_at_100_max": 0.254475,
        "nauc_precision_at_100_std": 0.287448,
        "nauc_precision_at_100_diff1": 0.179123,
        "nauc_precision_at_1000_max": 0.208545,
        "nauc_precision_at_1000_std": 0.328249,
        "nauc_precision_at_1000_diff1": 0.135608,
        "nauc_mrr_at_1_max": 0.118377,
        "nauc_mrr_at_1_std": -0.014241,
        "nauc_mrr_at_1_diff1": 0.209383,
        "nauc_mrr_at_3_max": 0.140766,
        "nauc_mrr_at_3_std": 0.019562,
        "nauc_mrr_at_3_diff1": 0.183035,
        "nauc_mrr_at_5_max": 0.145839,
        "nauc_mrr_at_5_std": 0.028724,
        "nauc_mrr_at_5_diff1": 0.193853,
        "nauc_mrr_at_10_max": 0.151909,
        "nauc_mrr_at_10_std": 0.039459,
        "nauc_mrr_at_10_diff1": 0.189957,
        "nauc_mrr_at_20_max": 0.151227,
        "nauc_mrr_at_20_std": 0.040601,
        "nauc_mrr_at_20_diff1": 0.191373,
        "nauc_mrr_at_100_max": 0.15201,
        "nauc_mrr_at_100_std": 0.042247,
        "nauc_mrr_at_100_diff1": 0.191405,
        "nauc_mrr_at_1000_max": 0.151876,
        "nauc_mrr_at_1000_std": 0.041894,
        "nauc_mrr_at_1000_diff1": 0.191379,
        "cv_recall_at_1": 0.18,
        "cv_recall_at_3": 0.317,
        "cv_recall_at_5": 0.388,
        "cv_recall_at_10": 0.497,
        "cv_recall_at_20": 0.577,
        "cv_recall_at_100": 0.768,
        "cv_recall_at_1000": 0.951,
        "main_score": 0.14992,
        "hf_subset": "default",
        "languages": [
          "eng-Latn"
        ]
      }
    ]
  },
  "evaluation_time": 163.92112183570862,
  "kg_co2_emissions": null
}