{
  "dataset_revision": "431886eaecc48f067a3975b70d0949ea2862463c",
  "task_name": "Touche2020Retrieval.v3",
  "mteb_version": "2.7.12",
  "scores": {
    "test": [
      {
        "ndcg_at_1": 0.5,
        "ndcg_at_3": 0.52937,
        "ndcg_at_5": 0.51283,
        "ndcg_at_10": 0.47757,
        "ndcg_at_20": 0.43744,
        "ndcg_at_100": 0.51394,
        "ndcg_at_1000": 0.63594,
        "map_at_1": 0.01989,
        "map_at_3": 0.05609,
        "map_at_5": 0.0891,
        "map_at_10": 0.14866,
        "map_at_20": 0.21628,
        "map_at_100": 0.3033,
        "map_at_1000": 0.33382,
        "recall_at_1": 0.01989,
        "recall_at_3": 0.06585,
        "recall_at_5": 0.10744,
        "recall_at_10": 0.18917,
        "recall_at_20": 0.30199,
        "recall_at_100": 0.56782,
        "recall_at_1000": 0.85886,
        "accuracy": 0.01989,
        "precision_at_1": 0.59184,
        "precision_at_3": 0.65306,
        "precision_at_5": 0.61224,
        "precision_at_10": 0.54082,
        "precision_at_20": 0.4398,
        "precision_at_100": 0.17959,
        "precision_at_1000": 0.02973,
        "mrr_at_1": 0.591837,
        "mrr_at_3": 0.761905,
        "mrr_at_5": 0.767007,
        "mrr_at_10": 0.767007,
        "mrr_at_20": 0.767007,
        "mrr_at_100": 0.767007,
        "mrr_at_1000": 0.767125,
        "nauc_ndcg_at_1_max": -0.03812,
        "nauc_ndcg_at_1_std": 0.114471,
        "nauc_ndcg_at_1_diff1": -0.018578,
        "nauc_ndcg_at_3_max": 0.121033,
        "nauc_ndcg_at_3_std": 0.177375,
        "nauc_ndcg_at_3_diff1": 0.022292,
        "nauc_ndcg_at_5_max": 0.077878,
        "nauc_ndcg_at_5_std": 0.114935,
        "nauc_ndcg_at_5_diff1": 0.103582,
        "nauc_ndcg_at_10_max": 0.043374,
        "nauc_ndcg_at_10_std": 0.128443,
        "nauc_ndcg_at_10_diff1": -0.002312,
        "nauc_ndcg_at_20_max": 0.024707,
        "nauc_ndcg_at_20_std": 0.192087,
        "nauc_ndcg_at_20_diff1": -0.000291,
        "nauc_ndcg_at_100_max": -0.141241,
        "nauc_ndcg_at_100_std": 0.175335,
        "nauc_ndcg_at_100_diff1": 0.049993,
        "nauc_ndcg_at_1000_max": 0.05726,
        "nauc_ndcg_at_1000_std": 0.407054,
        "nauc_ndcg_at_1000_diff1": 0.126794,
        "nauc_map_at_1_max": -0.185076,
        "nauc_map_at_1_std": -0.07108,
        "nauc_map_at_1_diff1": 0.08318,
        "nauc_map_at_3_max": -0.135939,
        "nauc_map_at_3_std": -0.113369,
        "nauc_map_at_3_diff1": 0.095607,
        "nauc_map_at_5_max": -0.13335,
        "nauc_map_at_5_std": -0.156191,
        "nauc_map_at_5_diff1": 0.119872,
        "nauc_map_at_10_max": -0.152686,
        "nauc_map_at_10_std": -0.159032,
        "nauc_map_at_10_diff1": 0.042062,
        "nauc_map_at_20_max": -0.093613,
        "nauc_map_at_20_std": -0.05149,
        "nauc_map_at_20_diff1": 0.011504,
        "nauc_map_at_100_max": -0.09393,
        "nauc_map_at_100_std": 0.043735,
        "nauc_map_at_100_diff1": 0.01575,
        "nauc_map_at_1000_max": -0.051599,
        "nauc_map_at_1000_std": 0.109904,
        "nauc_map_at_1000_diff1": 0.027058,
        "nauc_recall_at_1_max": -0.185076,
        "nauc_recall_at_1_std": -0.07108,
        "nauc_recall_at_1_diff1": 0.08318,
        "nauc_recall_at_3_max": -0.210185,
        "nauc_recall_at_3_std": -0.161957,
        "nauc_recall_at_3_diff1": 0.111975,
        "nauc_recall_at_5_max": -0.204625,
        "nauc_recall_at_5_std": -0.223715,
        "nauc_recall_at_5_diff1": 0.133065,
        "nauc_recall_at_10_max": -0.215785,
        "nauc_recall_at_10_std": -0.190488,
        "nauc_recall_at_10_diff1": 0.016705,
        "nauc_recall_at_20_max": -0.179634,
        "nauc_recall_at_20_std": -0.055634,
        "nauc_recall_at_20_diff1": 0.006701,
        "nauc_recall_at_100_max": -0.257402,
        "nauc_recall_at_100_std": 0.089207,
        "nauc_recall_at_100_diff1": 0.083316,
        "nauc_recall_at_1000_max": 0.078655,
        "nauc_recall_at_1000_std": 0.605326,
        "nauc_recall_at_1000_diff1": 0.293319,
        "nauc_precision_at_1_max": -0.048292,
        "nauc_precision_at_1_std": 0.084053,
        "nauc_precision_at_1_diff1": 0.110303,
        "nauc_precision_at_3_max": 0.156285,
        "nauc_precision_at_3_std": 0.078218,
        "nauc_precision_at_3_diff1": 0.075879,
        "nauc_precision_at_5_max": 0.107943,
        "nauc_precision_at_5_std": -0.031875,
        "nauc_precision_at_5_diff1": 0.157085,
        "nauc_precision_at_10_max": 0.033404,
        "nauc_precision_at_10_std": 0.008757,
        "nauc_precision_at_10_diff1": -0.039104,
        "nauc_precision_at_20_max": 0.108717,
        "nauc_precision_at_20_std": 0.292569,
        "nauc_precision_at_20_diff1": -0.061743,
        "nauc_precision_at_100_max": 0.233282,
        "nauc_precision_at_100_std": 0.564351,
        "nauc_precision_at_100_diff1": -0.057396,
        "nauc_precision_at_1000_max": 0.542805,
        "nauc_precision_at_1000_std": 0.506517,
        "nauc_precision_at_1000_diff1": 0.031474,
        "nauc_mrr_at_1_max": -0.048292,
        "nauc_mrr_at_1_std": 0.084053,
        "nauc_mrr_at_1_diff1": 0.110303,
        "nauc_mrr_at_3_max": -0.020596,
        "nauc_mrr_at_3_std": 0.146721,
        "nauc_mrr_at_3_diff1": 0.158312,
        "nauc_mrr_at_5_max": -0.006279,
        "nauc_mrr_at_5_std": 0.135777,
        "nauc_mrr_at_5_diff1": 0.147681,
        "nauc_mrr_at_10_max": -0.006279,
        "nauc_mrr_at_10_std": 0.135777,
        "nauc_mrr_at_10_diff1": 0.147681,
        "nauc_mrr_at_20_max": -0.006279,
        "nauc_mrr_at_20_std": 0.135777,
        "nauc_mrr_at_20_diff1": 0.147681,
        "nauc_mrr_at_100_max": -0.006279,
        "nauc_mrr_at_100_std": 0.135777,
        "nauc_mrr_at_100_diff1": 0.147681,
        "nauc_mrr_at_1000_max": -0.006912,
        "nauc_mrr_at_1000_std": 0.135233,
        "nauc_mrr_at_1000_diff1": 0.147145,
        "cv_recall_at_1": 0.59184,
        "cv_recall_at_3": 0.95918,
        "cv_recall_at_5": 0.97959,
        "cv_recall_at_10": 0.97959,
        "cv_recall_at_20": 0.97959,
        "cv_recall_at_100": 0.97959,
        "cv_recall_at_1000": 1.0,
        "main_score": 0.47757,
        "hf_subset": "default",
        "languages": [
          "eng-Latn"
        ]
      }
    ]
  },
  "evaluation_time": 3405.642513036728,
  "kg_co2_emissions": null
}