{
  "dataset_revision": "5377aa18f309ec440ff6325a4c2cd3362c2cb8d7",
  "task_name": "ChemRxivRetrieval",
  "mteb_version": "2.7.8",
  "scores": {
    "test": [
      {
        "ndcg_at_1": 0.715,
        "ndcg_at_3": 0.81191,
        "ndcg_at_5": 0.82749,
        "ndcg_at_10": 0.83983,
        "ndcg_at_20": 0.84407,
        "ndcg_at_100": 0.84776,
        "ndcg_at_1000": 0.84888,
        "map_at_1": 0.715,
        "map_at_3": 0.78907,
        "map_at_5": 0.79777,
        "map_at_10": 0.80297,
        "map_at_20": 0.80416,
        "map_at_100": 0.80468,
        "map_at_1000": 0.80473,
        "recall_at_1": 0.715,
        "recall_at_3": 0.8776,
        "recall_at_5": 0.9152,
        "recall_at_10": 0.9528,
        "recall_at_20": 0.9694,
        "recall_at_100": 0.989,
        "recall_at_1000": 0.9976,
        "accuracy": 0.715,
        "precision_at_1": 0.715,
        "precision_at_3": 0.29253,
        "precision_at_5": 0.18304,
        "precision_at_10": 0.09528,
        "precision_at_20": 0.04847,
        "precision_at_100": 0.00989,
        "precision_at_1000": 0.001,
        "mrr_at_1": 0.7154,
        "mrr_at_3": 0.789467,
        "mrr_at_5": 0.798017,
        "mrr_at_10": 0.80322,
        "mrr_at_20": 0.80441,
        "mrr_at_100": 0.804939,
        "mrr_at_1000": 0.804987,
        "nauc_ndcg_at_1_max": 0.360839,
        "nauc_ndcg_at_1_std": -0.198551,
        "nauc_ndcg_at_1_diff1": 0.761869,
        "nauc_ndcg_at_3_max": 0.406995,
        "nauc_ndcg_at_3_std": -0.217225,
        "nauc_ndcg_at_3_diff1": 0.728123,
        "nauc_ndcg_at_5_max": 0.41532,
        "nauc_ndcg_at_5_std": -0.197997,
        "nauc_ndcg_at_5_diff1": 0.72874,
        "nauc_ndcg_at_10_max": 0.418584,
        "nauc_ndcg_at_10_std": -0.192492,
        "nauc_ndcg_at_10_diff1": 0.734646,
        "nauc_ndcg_at_20_max": 0.413753,
        "nauc_ndcg_at_20_std": -0.187419,
        "nauc_ndcg_at_20_diff1": 0.735535,
        "nauc_ndcg_at_100_max": 0.406925,
        "nauc_ndcg_at_100_std": -0.1906,
        "nauc_ndcg_at_100_diff1": 0.738061,
        "nauc_ndcg_at_1000_max": 0.404318,
        "nauc_ndcg_at_1000_std": -0.194127,
        "nauc_ndcg_at_1000_diff1": 0.738111,
        "nauc_map_at_1_max": 0.360839,
        "nauc_map_at_1_std": -0.198551,
        "nauc_map_at_1_diff1": 0.761869,
        "nauc_map_at_3_max": 0.392717,
        "nauc_map_at_3_std": -0.212198,
        "nauc_map_at_3_diff1": 0.737288,
        "nauc_map_at_5_max": 0.396208,
        "nauc_map_at_5_std": -0.202477,
        "nauc_map_at_5_diff1": 0.737884,
        "nauc_map_at_10_max": 0.396825,
        "nauc_map_at_10_std": -0.200649,
        "nauc_map_at_10_diff1": 0.740223,
        "nauc_map_at_20_max": 0.395643,
        "nauc_map_at_20_std": -0.199652,
        "nauc_map_at_20_diff1": 0.740505,
        "nauc_map_at_100_max": 0.394812,
        "nauc_map_at_100_std": -0.19995,
        "nauc_map_at_100_diff1": 0.740792,
        "nauc_map_at_1000_max": 0.394718,
        "nauc_map_at_1000_std": -0.200061,
        "nauc_map_at_1000_diff1": 0.740782,
        "nauc_recall_at_1_max": 0.360839,
        "nauc_recall_at_1_std": -0.198551,
        "nauc_recall_at_1_diff1": 0.761869,
        "nauc_recall_at_3_max": 0.472418,
        "nauc_recall_at_3_std": -0.239755,
        "nauc_recall_at_3_diff1": 0.686984,
        "nauc_recall_at_5_max": 0.535682,
        "nauc_recall_at_5_std": -0.164587,
        "nauc_recall_at_5_diff1": 0.673837,
        "nauc_recall_at_10_max": 0.661064,
        "nauc_recall_at_10_std": -0.08765,
        "nauc_recall_at_10_diff1": 0.684991,
        "nauc_recall_at_20_max": 0.703325,
        "nauc_recall_at_20_std": 0.064243,
        "nauc_recall_at_20_diff1": 0.672092,
        "nauc_recall_at_100_max": 0.768916,
        "nauc_recall_at_100_std": 0.281479,
        "nauc_recall_at_100_diff1": 0.730906,
        "nauc_recall_at_1000_max": 0.955065,
        "nauc_recall_at_1000_std": 0.399082,
        "nauc_recall_at_1000_diff1": 0.780968,
        "nauc_precision_at_1_max": 0.360839,
        "nauc_precision_at_1_std": -0.198551,
        "nauc_precision_at_1_diff1": 0.761869,
        "nauc_precision_at_3_max": 0.472418,
        "nauc_precision_at_3_std": -0.239755,
        "nauc_precision_at_3_diff1": 0.686984,
        "nauc_precision_at_5_max": 0.535682,
        "nauc_precision_at_5_std": -0.164587,
        "nauc_precision_at_5_diff1": 0.673837,
        "nauc_precision_at_10_max": 0.661064,
        "nauc_precision_at_10_std": -0.08765,
        "nauc_precision_at_10_diff1": 0.684991,
        "nauc_precision_at_20_max": 0.703325,
        "nauc_precision_at_20_std": 0.064243,
        "nauc_precision_at_20_diff1": 0.672092,
        "nauc_precision_at_100_max": 0.768916,
        "nauc_precision_at_100_std": 0.281479,
        "nauc_precision_at_100_diff1": 0.730906,
        "nauc_precision_at_1000_max": 0.955065,
        "nauc_precision_at_1000_std": 0.399082,
        "nauc_precision_at_1000_diff1": 0.780968,
        "nauc_mrr_at_1_max": 0.361424,
        "nauc_mrr_at_1_std": -0.199091,
        "nauc_mrr_at_1_diff1": 0.761144,
        "nauc_mrr_at_3_max": 0.393591,
        "nauc_mrr_at_3_std": -0.211577,
        "nauc_mrr_at_3_diff1": 0.736463,
        "nauc_mrr_at_5_max": 0.396758,
        "nauc_mrr_at_5_std": -0.202589,
        "nauc_mrr_at_5_diff1": 0.737285,
        "nauc_mrr_at_10_max": 0.397384,
        "nauc_mrr_at_10_std": -0.200775,
        "nauc_mrr_at_10_diff1": 0.739606,
        "nauc_mrr_at_20_max": 0.396211,
        "nauc_mrr_at_20_std": -0.199759,
        "nauc_mrr_at_20_diff1": 0.739886,
        "nauc_mrr_at_100_max": 0.395382,
        "nauc_mrr_at_100_std": -0.200057,
        "nauc_mrr_at_100_diff1": 0.740172,
        "nauc_mrr_at_1000_max": 0.395288,
        "nauc_mrr_at_1000_std": -0.200169,
        "nauc_mrr_at_1000_diff1": 0.740161,
        "cv_recall_at_1": 0.7154,
        "cv_recall_at_3": 0.8782,
        "cv_recall_at_5": 0.9152,
        "cv_recall_at_10": 0.9528,
        "cv_recall_at_20": 0.9694,
        "cv_recall_at_100": 0.989,
        "cv_recall_at_1000": 0.9976,
        "main_score": 0.83983,
        "hf_subset": "default",
        "languages": [
          "eng-Latn"
        ]
      }
    ]
  },
  "evaluation_time": 522.1863842010498,
  "kg_co2_emissions": null
}