{
  "dataset_revision": "5377aa18f309ec440ff6325a4c2cd3362c2cb8d7",
  "task_name": "ChemRxivRetrieval",
  "mteb_version": "2.7.1",
  "scores": {
    "test": [
      {
        "ndcg_at_1": 0.6248,
        "ndcg_at_3": 0.71759,
        "ndcg_at_5": 0.74015,
        "ndcg_at_10": 0.75593,
        "ndcg_at_20": 0.76328,
        "ndcg_at_100": 0.77222,
        "ndcg_at_1000": 0.77576,
        "map_at_1": 0.6248,
        "map_at_3": 0.6952,
        "map_at_5": 0.70776,
        "map_at_10": 0.71442,
        "map_at_20": 0.71648,
        "map_at_100": 0.71775,
        "map_at_1000": 0.71788,
        "recall_at_1": 0.6248,
        "recall_at_3": 0.7822,
        "recall_at_5": 0.8368,
        "recall_at_10": 0.8848,
        "recall_at_20": 0.9136,
        "recall_at_100": 0.9612,
        "recall_at_1000": 0.9894,
        "accuracy": 0.6248,
        "precision_at_1": 0.6248,
        "precision_at_3": 0.26073,
        "precision_at_5": 0.16736,
        "precision_at_10": 0.08848,
        "precision_at_20": 0.04568,
        "precision_at_100": 0.00961,
        "precision_at_1000": 0.00099,
        "mrr_at_1": 0.6252,
        "mrr_at_3": 0.6953,
        "mrr_at_5": 0.70784,
        "mrr_at_10": 0.714625,
        "mrr_at_20": 0.716662,
        "mrr_at_100": 0.717935,
        "mrr_at_1000": 0.718062,
        "nauc_ndcg_at_1_max": 0.40226,
        "nauc_ndcg_at_1_std": -0.088102,
        "nauc_ndcg_at_1_diff1": 0.716504,
        "nauc_ndcg_at_3_max": 0.437625,
        "nauc_ndcg_at_3_std": -0.072426,
        "nauc_ndcg_at_3_diff1": 0.668622,
        "nauc_ndcg_at_5_max": 0.454187,
        "nauc_ndcg_at_5_std": -0.053114,
        "nauc_ndcg_at_5_diff1": 0.672292,
        "nauc_ndcg_at_10_max": 0.456588,
        "nauc_ndcg_at_10_std": -0.043333,
        "nauc_ndcg_at_10_diff1": 0.672583,
        "nauc_ndcg_at_20_max": 0.457667,
        "nauc_ndcg_at_20_std": -0.042189,
        "nauc_ndcg_at_20_diff1": 0.675784,
        "nauc_ndcg_at_100_max": 0.452194,
        "nauc_ndcg_at_100_std": -0.045681,
        "nauc_ndcg_at_100_diff1": 0.678689,
        "nauc_ndcg_at_1000_max": 0.447376,
        "nauc_ndcg_at_1000_std": -0.051822,
        "nauc_ndcg_at_1000_diff1": 0.679994,
        "nauc_map_at_1_max": 0.40226,
        "nauc_map_at_1_std": -0.088102,
        "nauc_map_at_1_diff1": 0.716504,
        "nauc_map_at_3_max": 0.427526,
        "nauc_map_at_3_std": -0.078012,
        "nauc_map_at_3_diff1": 0.68099,
        "nauc_map_at_5_max": 0.435423,
        "nauc_map_at_5_std": -0.068618,
        "nauc_map_at_5_diff1": 0.683118,
        "nauc_map_at_10_max": 0.435777,
        "nauc_map_at_10_std": -0.065737,
        "nauc_map_at_10_diff1": 0.68347,
        "nauc_map_at_20_max": 0.435837,
        "nauc_map_at_20_std": -0.065579,
        "nauc_map_at_20_diff1": 0.684271,
        "nauc_map_at_100_max": 0.435144,
        "nauc_map_at_100_std": -0.06613,
        "nauc_map_at_100_diff1": 0.684648,
        "nauc_map_at_1000_max": 0.434999,
        "nauc_map_at_1000_std": -0.066301,
        "nauc_map_at_1000_diff1": 0.684697,
        "nauc_recall_at_1_max": 0.40226,
        "nauc_recall_at_1_std": -0.088102,
        "nauc_recall_at_1_diff1": 0.716504,
        "nauc_recall_at_3_max": 0.475061,
        "nauc_recall_at_3_std": -0.051134,
        "nauc_recall_at_3_diff1": 0.623463,
        "nauc_recall_at_5_max": 0.543999,
        "nauc_recall_at_5_std": 0.023252,
        "nauc_recall_at_5_diff1": 0.624787,
        "nauc_recall_at_10_max": 0.591465,
        "nauc_recall_at_10_std": 0.11025,
        "nauc_recall_at_10_diff1": 0.609117,
        "nauc_recall_at_20_max": 0.643765,
        "nauc_recall_at_20_std": 0.167146,
        "nauc_recall_at_20_diff1": 0.619667,
        "nauc_recall_at_100_max": 0.721038,
        "nauc_recall_at_100_std": 0.33355,
        "nauc_recall_at_100_diff1": 0.629083,
        "nauc_recall_at_1000_max": 0.744006,
        "nauc_recall_at_1000_std": 0.446514,
        "nauc_recall_at_1000_diff1": 0.673863,
        "nauc_precision_at_1_max": 0.40226,
        "nauc_precision_at_1_std": -0.088102,
        "nauc_precision_at_1_diff1": 0.716504,
        "nauc_precision_at_3_max": 0.475061,
        "nauc_precision_at_3_std": -0.051134,
        "nauc_precision_at_3_diff1": 0.623463,
        "nauc_precision_at_5_max": 0.543999,
        "nauc_precision_at_5_std": 0.023252,
        "nauc_precision_at_5_diff1": 0.624787,
        "nauc_precision_at_10_max": 0.591465,
        "nauc_precision_at_10_std": 0.11025,
        "nauc_precision_at_10_diff1": 0.609117,
        "nauc_precision_at_20_max": 0.643765,
        "nauc_precision_at_20_std": 0.167146,
        "nauc_precision_at_20_diff1": 0.619667,
        "nauc_precision_at_100_max": 0.721038,
        "nauc_precision_at_100_std": 0.33355,
        "nauc_precision_at_100_diff1": 0.629083,
        "nauc_precision_at_1000_max": 0.744006,
        "nauc_precision_at_1000_std": 0.446514,
        "nauc_precision_at_1000_diff1": 0.673863,
        "nauc_mrr_at_1_max": 0.402954,
        "nauc_mrr_at_1_std": -0.087286,
        "nauc_mrr_at_1_diff1": 0.715701,
        "nauc_mrr_at_3_max": 0.427537,
        "nauc_mrr_at_3_std": -0.077779,
        "nauc_mrr_at_3_diff1": 0.680738,
        "nauc_mrr_at_5_max": 0.435772,
        "nauc_mrr_at_5_std": -0.068267,
        "nauc_mrr_at_5_diff1": 0.682706,
        "nauc_mrr_at_10_max": 0.436209,
        "nauc_mrr_at_10_std": -0.065012,
        "nauc_mrr_at_10_diff1": 0.682967,
        "nauc_mrr_at_20_max": 0.436228,
        "nauc_mrr_at_20_std": -0.064979,
        "nauc_mrr_at_20_diff1": 0.683794,
        "nauc_mrr_at_100_max": 0.435537,
        "nauc_mrr_at_100_std": -0.065528,
        "nauc_mrr_at_100_diff1": 0.684169,
        "nauc_mrr_at_1000_max": 0.435392,
        "nauc_mrr_at_1000_std": -0.065699,
        "nauc_mrr_at_1000_diff1": 0.684217,
        "cv_recall_at_1": 0.6252,
        "cv_recall_at_3": 0.7818,
        "cv_recall_at_5": 0.8362,
        "cv_recall_at_10": 0.885,
        "cv_recall_at_20": 0.9136,
        "cv_recall_at_100": 0.9612,
        "cv_recall_at_1000": 0.9894,
        "main_score": 0.75593,
        "hf_subset": "default",
        "languages": [
          "eng-Latn"
        ]
      }
    ]
  },
  "evaluation_time": 134.01542901992798,
  "kg_co2_emissions": null
}