{
  "dataset_revision": "5377aa18f309ec440ff6325a4c2cd3362c2cb8d7",
  "task_name": "ChemRxivRetrieval",
  "mteb_version": "2.7.8",
  "scores": {
    "test": [
      {
        "ndcg_at_1": 0.8306,
        "ndcg_at_3": 0.89702,
        "ndcg_at_5": 0.90479,
        "ndcg_at_10": 0.91074,
        "ndcg_at_20": 0.91303,
        "ndcg_at_100": 0.91456,
        "ndcg_at_1000": 0.91498,
        "map_at_1": 0.8306,
        "map_at_3": 0.8812,
        "map_at_5": 0.88553,
        "map_at_10": 0.88802,
        "map_at_20": 0.88865,
        "map_at_100": 0.88887,
        "map_at_1000": 0.88888,
        "recall_at_1": 0.8306,
        "recall_at_3": 0.9426,
        "recall_at_5": 0.9614,
        "recall_at_10": 0.9796,
        "recall_at_20": 0.9886,
        "recall_at_100": 0.9968,
        "recall_at_1000": 1.0,
        "accuracy": 0.8306,
        "precision_at_1": 0.8306,
        "precision_at_3": 0.3142,
        "precision_at_5": 0.19228,
        "precision_at_10": 0.09796,
        "precision_at_20": 0.04943,
        "precision_at_100": 0.00997,
        "precision_at_1000": 0.001,
        "mrr_at_1": 0.831,
        "mrr_at_3": 0.881333,
        "mrr_at_5": 0.885793,
        "mrr_at_10": 0.888222,
        "mrr_at_20": 0.888853,
        "mrr_at_100": 0.889069,
        "mrr_at_1000": 0.889086,
        "nauc_ndcg_at_1_max": 0.519349,
        "nauc_ndcg_at_1_std": -0.260463,
        "nauc_ndcg_at_1_diff1": 0.839997,
        "nauc_ndcg_at_3_max": 0.589227,
        "nauc_ndcg_at_3_std": -0.264522,
        "nauc_ndcg_at_3_diff1": 0.827337,
        "nauc_ndcg_at_5_max": 0.589203,
        "nauc_ndcg_at_5_std": -0.263496,
        "nauc_ndcg_at_5_diff1": 0.828182,
        "nauc_ndcg_at_10_max": 0.580112,
        "nauc_ndcg_at_10_std": -0.262047,
        "nauc_ndcg_at_10_diff1": 0.829581,
        "nauc_ndcg_at_20_max": 0.574903,
        "nauc_ndcg_at_20_std": -0.258767,
        "nauc_ndcg_at_20_diff1": 0.830141,
        "nauc_ndcg_at_100_max": 0.570387,
        "nauc_ndcg_at_100_std": -0.25965,
        "nauc_ndcg_at_100_diff1": 0.831096,
        "nauc_ndcg_at_1000_max": 0.568612,
        "nauc_ndcg_at_1000_std": -0.260713,
        "nauc_ndcg_at_1000_diff1": 0.830879,
        "nauc_map_at_1_max": 0.519349,
        "nauc_map_at_1_std": -0.260463,
        "nauc_map_at_1_diff1": 0.839997,
        "nauc_map_at_3_max": 0.567223,
        "nauc_map_at_3_std": -0.263374,
        "nauc_map_at_3_diff1": 0.830095,
        "nauc_map_at_5_max": 0.566514,
        "nauc_map_at_5_std": -0.262744,
        "nauc_map_at_5_diff1": 0.83066,
        "nauc_map_at_10_max": 0.562945,
        "nauc_map_at_10_std": -0.262554,
        "nauc_map_at_10_diff1": 0.831216,
        "nauc_map_at_20_max": 0.561738,
        "nauc_map_at_20_std": -0.261829,
        "nauc_map_at_20_diff1": 0.83138,
        "nauc_map_at_100_max": 0.561314,
        "nauc_map_at_100_std": -0.2618,
        "nauc_map_at_100_diff1": 0.831507,
        "nauc_map_at_1000_max": 0.561261,
        "nauc_map_at_1000_std": -0.261808,
        "nauc_map_at_1000_diff1": 0.831504,
        "nauc_recall_at_1_max": 0.519349,
        "nauc_recall_at_1_std": -0.260463,
        "nauc_recall_at_1_diff1": 0.839997,
        "nauc_recall_at_3_max": 0.714278,
        "nauc_recall_at_3_std": -0.270934,
        "nauc_recall_at_3_diff1": 0.812745,
        "nauc_recall_at_5_max": 0.773058,
        "nauc_recall_at_5_std": -0.269413,
        "nauc_recall_at_5_diff1": 0.809763,
        "nauc_recall_at_10_max": 0.819969,
        "nauc_recall_at_10_std": -0.247281,
        "nauc_recall_at_10_diff1": 0.810531,
        "nauc_recall_at_20_max": 0.857339,
        "nauc_recall_at_20_std": -0.142448,
        "nauc_recall_at_20_diff1": 0.809434,
        "nauc_recall_at_100_max": 0.924428,
        "nauc_recall_at_100_std": -0.016486,
        "nauc_recall_at_100_diff1": 0.880223,
        "nauc_recall_at_1000_max": NaN,
        "nauc_recall_at_1000_std": NaN,
        "nauc_recall_at_1000_diff1": NaN,
        "nauc_precision_at_1_max": 0.519349,
        "nauc_precision_at_1_std": -0.260463,
        "nauc_precision_at_1_diff1": 0.839997,
        "nauc_precision_at_3_max": 0.714278,
        "nauc_precision_at_3_std": -0.270934,
        "nauc_precision_at_3_diff1": 0.812745,
        "nauc_precision_at_5_max": 0.773058,
        "nauc_precision_at_5_std": -0.269413,
        "nauc_precision_at_5_diff1": 0.809763,
        "nauc_precision_at_10_max": 0.819969,
        "nauc_precision_at_10_std": -0.247281,
        "nauc_precision_at_10_diff1": 0.810531,
        "nauc_precision_at_20_max": 0.857339,
        "nauc_precision_at_20_std": -0.142448,
        "nauc_precision_at_20_diff1": 0.809434,
        "nauc_precision_at_100_max": 0.924428,
        "nauc_precision_at_100_std": -0.016486,
        "nauc_precision_at_100_diff1": 0.880223,
        "nauc_precision_at_1000_max": 1.0,
        "nauc_precision_at_1000_std": 1.0,
        "nauc_precision_at_1000_diff1": 1.0,
        "nauc_mrr_at_1_max": 0.521887,
        "nauc_mrr_at_1_std": -0.25864,
        "nauc_mrr_at_1_diff1": 0.839323,
        "nauc_mrr_at_3_max": 0.568815,
        "nauc_mrr_at_3_std": -0.262619,
        "nauc_mrr_at_3_diff1": 0.829707,
        "nauc_mrr_at_5_max": 0.568157,
        "nauc_mrr_at_5_std": -0.261526,
        "nauc_mrr_at_5_diff1": 0.83029,
        "nauc_mrr_at_10_max": 0.564783,
        "nauc_mrr_at_10_std": -0.261382,
        "nauc_mrr_at_10_diff1": 0.830737,
        "nauc_mrr_at_20_max": 0.563585,
        "nauc_mrr_at_20_std": -0.260648,
        "nauc_mrr_at_20_diff1": 0.830898,
        "nauc_mrr_at_100_max": 0.563164,
        "nauc_mrr_at_100_std": -0.260617,
        "nauc_mrr_at_100_diff1": 0.831024,
        "nauc_mrr_at_1000_max": 0.563111,
        "nauc_mrr_at_1000_std": -0.260625,
        "nauc_mrr_at_1000_diff1": 0.831021,
        "cv_recall_at_1": 0.831,
        "cv_recall_at_3": 0.9424,
        "cv_recall_at_5": 0.9618,
        "cv_recall_at_10": 0.9796,
        "cv_recall_at_20": 0.9886,
        "cv_recall_at_100": 0.9968,
        "cv_recall_at_1000": 1.0,
        "main_score": 0.91074,
        "hf_subset": "default",
        "languages": [
          "eng-Latn"
        ]
      }
    ]
  },
  "evaluation_time": 789.05029296875,
  "kg_co2_emissions": null
}