{
  "dataset_revision": "3412b208896a37e4ebb5ff7b96f6cc313ee9d2e3",
  "task_name": "PubChemWikiPairClassification",
  "mteb_version": "2.7.8",
  "scores": {
    "test": [
      {
        "similarity_accuracy": 0.973616,
        "similarity_f1": 0.861953,
        "similarity_precision": 0.907801,
        "similarity_recall": 0.820513,
        "similarity_ap": 0.915831,
        "cosine_accuracy": 0.973616,
        "cosine_f1": 0.861953,
        "cosine_precision": 0.907801,
        "cosine_recall": 0.820513,
        "cosine_ap": 0.915831,
        "manhattan_accuracy": 0.97426,
        "manhattan_f1": 0.86014,
        "manhattan_precision": 0.946154,
        "manhattan_recall": 0.788462,
        "manhattan_ap": 0.916638,
        "euclidean_accuracy": 0.973616,
        "euclidean_f1": 0.861953,
        "euclidean_precision": 0.907801,
        "euclidean_recall": 0.820513,
        "euclidean_ap": 0.915831,
        "dot_accuracy": 0.973616,
        "dot_f1": 0.861953,
        "dot_precision": 0.907801,
        "dot_recall": 0.820513,
        "dot_ap": 0.915831,
        "max_accuracy": 0.97426,
        "max_f1": 0.861953,
        "max_precision": 0.946154,
        "max_recall": 0.820513,
        "max_ap": 0.916638,
        "main_score": 0.916638,
        "hf_subset": "de",
        "languages": [
          "deu-Latn",
          "eng-Latn"
        ]
      },
      {
        "similarity_accuracy": 0.965746,
        "similarity_f1": 0.809816,
        "similarity_precision": 0.916667,
        "similarity_recall": 0.725275,
        "similarity_ap": 0.877366,
        "cosine_accuracy": 0.965746,
        "cosine_f1": 0.809816,
        "cosine_precision": 0.916667,
        "cosine_recall": 0.725275,
        "cosine_ap": 0.877366,
        "manhattan_accuracy": 0.964641,
        "manhattan_f1": 0.807229,
        "manhattan_precision": 0.893333,
        "manhattan_recall": 0.736264,
        "manhattan_ap": 0.869985,
        "euclidean_accuracy": 0.965746,
        "euclidean_f1": 0.809816,
        "euclidean_precision": 0.916667,
        "euclidean_recall": 0.725275,
        "euclidean_ap": 0.877366,
        "dot_accuracy": 0.965746,
        "dot_f1": 0.809816,
        "dot_precision": 0.916667,
        "dot_recall": 0.725275,
        "dot_ap": 0.877366,
        "max_accuracy": 0.965746,
        "max_f1": 0.809816,
        "max_precision": 0.916667,
        "max_recall": 0.736264,
        "max_ap": 0.877366,
        "main_score": 0.877366,
        "hf_subset": "nl",
        "languages": [
          "nld-Latn",
          "eng-Latn"
        ]
      },
      {
        "similarity_accuracy": 0.939667,
        "similarity_f1": 0.658824,
        "similarity_precision": 0.763636,
        "similarity_recall": 0.57931,
        "similarity_ap": 0.686723,
        "cosine_accuracy": 0.939667,
        "cosine_f1": 0.658824,
        "cosine_precision": 0.763636,
        "cosine_recall": 0.57931,
        "cosine_ap": 0.686721,
        "manhattan_accuracy": 0.936893,
        "manhattan_f1": 0.635714,
        "manhattan_precision": 0.659259,
        "manhattan_recall": 0.613793,
        "manhattan_ap": 0.669126,
        "euclidean_accuracy": 0.939667,
        "euclidean_f1": 0.658824,
        "euclidean_precision": 0.763636,
        "euclidean_recall": 0.57931,
        "euclidean_ap": 0.686721,
        "dot_accuracy": 0.939667,
        "dot_f1": 0.658824,
        "dot_precision": 0.763636,
        "dot_recall": 0.57931,
        "dot_ap": 0.686723,
        "max_accuracy": 0.939667,
        "max_f1": 0.658824,
        "max_precision": 0.763636,
        "max_recall": 0.613793,
        "max_ap": 0.686723,
        "main_score": 0.686723,
        "hf_subset": "zh",
        "languages": [
          "zho-Hans",
          "eng-Latn"
        ]
      },
      {
        "similarity_accuracy": 0.980088,
        "similarity_f1": 0.894118,
        "similarity_precision": 0.957983,
        "similarity_recall": 0.838235,
        "similarity_ap": 0.95197,
        "cosine_accuracy": 0.980088,
        "cosine_f1": 0.894118,
        "cosine_precision": 0.957983,
        "cosine_recall": 0.838235,
        "cosine_ap": 0.95197,
        "manhattan_accuracy": 0.978614,
        "manhattan_f1": 0.884462,
        "manhattan_precision": 0.965217,
        "manhattan_recall": 0.816176,
        "manhattan_ap": 0.947317,
        "euclidean_accuracy": 0.980088,
        "euclidean_f1": 0.894118,
        "euclidean_precision": 0.957983,
        "euclidean_recall": 0.838235,
        "euclidean_ap": 0.95197,
        "dot_accuracy": 0.980088,
        "dot_f1": 0.894118,
        "dot_precision": 0.957983,
        "dot_recall": 0.838235,
        "dot_ap": 0.95197,
        "max_accuracy": 0.980088,
        "max_f1": 0.894118,
        "max_precision": 0.965217,
        "max_recall": 0.838235,
        "max_ap": 0.95197,
        "main_score": 0.95197,
        "hf_subset": "fr",
        "languages": [
          "fra-Latn",
          "eng-Latn"
        ]
      },
      {
        "similarity_accuracy": 0.961007,
        "similarity_f1": 0.777778,
        "similarity_precision": 0.913043,
        "similarity_recall": 0.677419,
        "similarity_ap": 0.855433,
        "cosine_accuracy": 0.961007,
        "cosine_f1": 0.777778,
        "cosine_precision": 0.913043,
        "cosine_recall": 0.677419,
        "cosine_ap": 0.855433,
        "manhattan_accuracy": 0.961007,
        "manhattan_f1": 0.775862,
        "manhattan_precision": 0.833333,
        "manhattan_recall": 0.725806,
        "manhattan_ap": 0.843047,
        "euclidean_accuracy": 0.961007,
        "euclidean_f1": 0.777778,
        "euclidean_precision": 0.913043,
        "euclidean_recall": 0.677419,
        "euclidean_ap": 0.855433,
        "dot_accuracy": 0.961007,
        "dot_f1": 0.777778,
        "dot_precision": 0.913043,
        "dot_recall": 0.677419,
        "dot_ap": 0.855433,
        "max_accuracy": 0.961007,
        "max_f1": 0.777778,
        "max_precision": 0.913043,
        "max_recall": 0.725806,
        "max_ap": 0.855433,
        "main_score": 0.855433,
        "hf_subset": "es",
        "languages": [
          "spa-Latn",
          "eng-Latn"
        ]
      },
      {
        "similarity_accuracy": 0.952906,
        "similarity_f1": 0.753927,
        "similarity_precision": 0.791209,
        "similarity_recall": 0.72,
        "similarity_ap": 0.778332,
        "cosine_accuracy": 0.952906,
        "cosine_f1": 0.753927,
        "cosine_precision": 0.791209,
        "cosine_recall": 0.72,
        "cosine_ap": 0.778332,
        "manhattan_accuracy": 0.951904,
        "manhattan_f1": 0.748815,
        "manhattan_precision": 0.711712,
        "manhattan_recall": 0.79,
        "manhattan_ap": 0.774601,
        "euclidean_accuracy": 0.952906,
        "euclidean_f1": 0.753927,
        "euclidean_precision": 0.791209,
        "euclidean_recall": 0.72,
        "euclidean_ap": 0.778332,
        "dot_accuracy": 0.952906,
        "dot_f1": 0.753927,
        "dot_precision": 0.791209,
        "dot_recall": 0.72,
        "dot_ap": 0.778332,
        "max_accuracy": 0.952906,
        "max_f1": 0.753927,
        "max_precision": 0.791209,
        "max_recall": 0.79,
        "max_ap": 0.778332,
        "main_score": 0.778332,
        "hf_subset": "pt",
        "languages": [
          "por-Latn",
          "eng-Latn"
        ]
      },
      {
        "similarity_accuracy": 0.942708,
        "similarity_f1": 0.702703,
        "similarity_precision": 0.764706,
        "similarity_recall": 0.65,
        "similarity_ap": 0.7003,
        "cosine_accuracy": 0.942708,
        "cosine_f1": 0.702703,
        "cosine_precision": 0.764706,
        "cosine_recall": 0.65,
        "cosine_ap": 0.7003,
        "manhattan_accuracy": 0.9375,
        "manhattan_f1": 0.648649,
        "manhattan_precision": 0.705882,
        "manhattan_recall": 0.6,
        "manhattan_ap": 0.685279,
        "euclidean_accuracy": 0.942708,
        "euclidean_f1": 0.702703,