{
  "dataset_revision": "7fb14716e4106b72f51a16e682e5cd2d67e9bd70",
  "task_name": "PubChemWikiParagraphsPC",
  "mteb_version": "2.7.8",
  "scores": {
    "test": [
      {
        "similarity_accuracy": 0.899414,
        "similarity_f1": 0.310714,
        "similarity_precision": 0.24507,
        "similarity_recall": 0.42439,
        "similarity_ap": 0.200362,
        "cosine_accuracy": 0.899414,
        "cosine_f1": 0.310714,
        "cosine_precision": 0.24507,
        "cosine_recall": 0.42439,
        "cosine_ap": 0.200362,
        "manhattan_accuracy": 0.899414,
        "manhattan_f1": 0.305206,
        "manhattan_precision": 0.241477,
        "manhattan_recall": 0.414634,
        "manhattan_ap": 0.197345,
        "euclidean_accuracy": 0.899414,
        "euclidean_f1": 0.310714,
        "euclidean_precision": 0.24507,
        "euclidean_recall": 0.42439,
        "euclidean_ap": 0.200362,
        "dot_accuracy": 0.899414,
        "dot_f1": 0.310714,
        "dot_precision": 0.24507,
        "dot_recall": 0.42439,
        "dot_ap": 0.200362,
        "max_accuracy": 0.899414,
        "max_f1": 0.310714,
        "max_precision": 0.24507,
        "max_recall": 0.42439,
        "max_ap": 0.200362,
        "main_score": 0.200362,
        "hf_subset": "default",
        "languages": [
          "eng-Latn"
        ]
      }
    ]
  },
  "evaluation_time": 9.756075620651245,
  "kg_co2_emissions": null
}