{
  "dataset_revision": "c22ab2a51041ffd869aaddef7af8d8215647e41a",
  "task_name": "ArguAna",
  "mteb_version": "2.7.8",
  "scores": {
    "test": [
      {
        "ndcg_at_1": 0.26245,
        "ndcg_at_3": 0.41503,
        "ndcg_at_5": 0.4666,
        "ndcg_at_10": 0.51444,
        "ndcg_at_20": 0.54099,
        "ndcg_at_100": 0.55707,
        "ndcg_at_1000": 0.55863,
        "map_at_1": 0.26245,
        "map_at_3": 0.37755,
        "map_at_5": 0.40618,
        "map_at_10": 0.42604,
        "map_at_20": 0.43347,
        "map_at_100": 0.4359,
        "map_at_1000": 0.43596,
        "recall_at_1": 0.26245,
        "recall_at_3": 0.52347,
        "recall_at_5": 0.64865,
        "recall_at_10": 0.79587,
        "recall_at_20": 0.89972,
        "recall_at_100": 0.98364,
        "recall_at_1000": 0.99573,
        "accuracy": 0.26245,
        "precision_at_1": 0.26245,
        "precision_at_3": 0.17449,
        "precision_at_5": 0.12973,
        "precision_at_10": 0.07959,
        "precision_at_20": 0.04499,
        "precision_at_100": 0.00984,
        "precision_at_1000": 0.001,
        "mrr_at_1": 0.273826,
        "mrr_at_3": 0.380394,
        "mrr_at_5": 0.410692,
        "mrr_at_10": 0.430154,
        "mrr_at_20": 0.437559,
        "mrr_at_100": 0.440015,
        "mrr_at_1000": 0.440078,
        "nauc_ndcg_at_1_max": -0.135467,
        "nauc_ndcg_at_1_std": -0.177375,
        "nauc_ndcg_at_1_diff1": 0.020595,
        "nauc_ndcg_at_3_max": -0.066105,
        "nauc_ndcg_at_3_std": -0.143317,
        "nauc_ndcg_at_3_diff1": -0.009389,
        "nauc_ndcg_at_5_max": -0.073838,
        "nauc_ndcg_at_5_std": -0.138894,
        "nauc_ndcg_at_5_diff1": -0.025947,
        "nauc_ndcg_at_10_max": -0.059197,
        "nauc_ndcg_at_10_std": -0.132408,
        "nauc_ndcg_at_10_diff1": -0.009629,
        "nauc_ndcg_at_20_max": -0.051836,
        "nauc_ndcg_at_20_std": -0.118078,
        "nauc_ndcg_at_20_diff1": -0.005236,
        "nauc_ndcg_at_100_max": -0.068638,
        "nauc_ndcg_at_100_std": -0.131327,
        "nauc_ndcg_at_100_diff1": -0.00359,
        "nauc_ndcg_at_1000_max": -0.072733,
        "nauc_ndcg_at_1000_std": -0.135151,
        "nauc_ndcg_at_1000_diff1": -0.00575,
        "nauc_map_at_1_max": -0.135467,
        "nauc_map_at_1_std": -0.177375,
        "nauc_map_at_1_diff1": 0.020595,
        "nauc_map_at_3_max": -0.083591,
        "nauc_map_at_3_std": -0.151493,
        "nauc_map_at_3_diff1": -0.003954,
        "nauc_map_at_5_max": -0.088496,
        "nauc_map_at_5_std": -0.149116,
        "nauc_map_at_5_diff1": -0.012546,
        "nauc_map_at_10_max": -0.0838,
        "nauc_map_at_10_std": -0.14782,
        "nauc_map_at_10_diff1": -0.005601,
        "nauc_map_at_20_max": -0.082578,
        "nauc_map_at_20_std": -0.144926,
        "nauc_map_at_20_diff1": -0.004407,
        "nauc_map_at_100_max": -0.084827,
        "nauc_map_at_100_std": -0.146472,
        "nauc_map_at_100_diff1": -0.004303,
        "nauc_map_at_1000_max": -0.084962,
        "nauc_map_at_1000_std": -0.146592,
        "nauc_map_at_1000_diff1": -0.004383,
        "nauc_recall_at_1_max": -0.135467,
        "nauc_recall_at_1_std": -0.177375,
        "nauc_recall_at_1_diff1": 0.020595,
        "nauc_recall_at_3_max": -0.015985,
        "nauc_recall_at_3_std": -0.120035,
        "nauc_recall_at_3_diff1": -0.024173,
        "nauc_recall_at_5_max": -0.026801,
        "nauc_recall_at_5_std": -0.105223,
        "nauc_recall_at_5_diff1": -0.071793,
        "nauc_recall_at_10_max": 0.06684,
        "nauc_recall_at_10_std": -0.051734,
        "nauc_recall_at_10_diff1": -0.022172,
        "nauc_recall_at_20_max": 0.255135,
        "nauc_recall_at_20_std": 0.171283,
        "nauc_recall_at_20_diff1": 0.010279,
        "nauc_recall_at_100_max": 0.507175,
        "nauc_recall_at_100_std": 0.541102,
        "nauc_recall_at_100_diff1": 0.245264,
        "nauc_recall_at_1000_max": 0.331975,
        "nauc_recall_at_1000_std": 0.731531,
        "nauc_recall_at_1000_diff1": 0.041743,
        "nauc_precision_at_1_max": -0.135467,
        "nauc_precision_at_1_std": -0.177375,
        "nauc_precision_at_1_diff1": 0.020595,
        "nauc_precision_at_3_max": -0.015985,
        "nauc_precision_at_3_std": -0.120035,
        "nauc_precision_at_3_diff1": -0.024173,
        "nauc_precision_at_5_max": -0.026801,
        "nauc_precision_at_5_std": -0.105223,
        "nauc_precision_at_5_diff1": -0.071793,
        "nauc_precision_at_10_max": 0.06684,
        "nauc_precision_at_10_std": -0.051734,
        "nauc_precision_at_10_diff1": -0.022172,
        "nauc_precision_at_20_max": 0.255135,
        "nauc_precision_at_20_std": 0.171283,
        "nauc_precision_at_20_diff1": 0.010279,
        "nauc_precision_at_100_max": 0.507175,
        "nauc_precision_at_100_std": 0.541102,
        "nauc_precision_at_100_diff1": 0.245264,
        "nauc_precision_at_1000_max": 0.331975,
        "nauc_precision_at_1000_std": 0.731531,
        "nauc_precision_at_1000_diff1": 0.041743,
        "nauc_mrr_at_1_max": -0.126167,
        "nauc_mrr_at_1_std": -0.159906,
        "nauc_mrr_at_1_diff1": -0.014209,
        "nauc_mrr_at_3_max": -0.096799,
        "nauc_mrr_at_3_std": -0.152199,
        "nauc_mrr_at_3_diff1": -0.038168,
        "nauc_mrr_at_5_max": -0.095917,
        "nauc_mrr_at_5_std": -0.145299,
        "nauc_mrr_at_5_diff1": -0.042269,
        "nauc_mrr_at_10_max": -0.091723,
        "nauc_mrr_at_10_std": -0.144128,
        "nauc_mrr_at_10_diff1": -0.036292,
        "nauc_mrr_at_20_max": -0.090929,
        "nauc_mrr_at_20_std": -0.141316,
        "nauc_mrr_at_20_diff1": -0.03608,
        "nauc_mrr_at_100_max": -0.093064,
        "nauc_mrr_at_100_std": -0.14271,
        "nauc_mrr_at_100_diff1": -0.036066,
        "nauc_mrr_at_1000_max": -0.093199,
        "nauc_mrr_at_1000_std": -0.142828,
        "nauc_mrr_at_1000_diff1": -0.036152,
        "cv_recall_at_1": 0.27383,
        "cv_recall_at_3": 0.51849,
        "cv_recall_at_5": 0.65078,
        "cv_recall_at_10": 0.79587,
        "cv_recall_at_20": 0.899,
        "cv_recall_at_100": 0.98364,
        "cv_recall_at_1000": 0.99573,
        "main_score": 0.51444,
        "hf_subset": "default",
        "languages": [
          "eng-Latn"
        ]
      }
    ]
  },
  "evaluation_time": 109.11843657493591,
  "kg_co2_emissions": null
}