{
  "dataset_revision": "3a309e201f3c2c4b13bd4a367a8f37eee2ec1d21",
  "task_name": "ClimateFEVERHardNegatives",
  "mteb_version": "2.7.8",
  "scores": {
    "test": [
      {
        "ndcg_at_1": 0.182,
        "ndcg_at_3": 0.16551,
        "ndcg_at_5": 0.18148,
        "ndcg_at_10": 0.21347,
        "ndcg_at_20": 0.24128,
        "ndcg_at_100": 0.29338,
        "ndcg_at_1000": 0.33877,
        "map_at_1": 0.08355,
        "map_at_3": 0.11994,
        "map_at_5": 0.13186,
        "map_at_10": 0.14506,
        "map_at_20": 0.15391,
        "map_at_100": 0.16275,
        "map_at_1000": 0.16518,
        "recall_at_1": 0.08355,
        "recall_at_3": 0.15718,
        "recall_at_5": 0.19932,
        "recall_at_10": 0.27257,
        "recall_at_20": 0.35162,
        "recall_at_100": 0.55552,
        "recall_at_1000": 0.81098,
        "accuracy": 0.08355,
        "precision_at_1": 0.182,
        "precision_at_3": 0.12033,
        "precision_at_5": 0.0952,
        "precision_at_10": 0.0678,
        "precision_at_20": 0.04555,
        "precision_at_100": 0.01542,
        "precision_at_1000": 0.00238,
        "mrr_at_1": 0.182,
        "mrr_at_3": 0.247833,
        "mrr_at_5": 0.266083,
        "mrr_at_10": 0.283223,
        "mrr_at_20": 0.290853,
        "mrr_at_100": 0.295931,
        "mrr_at_1000": 0.296491,
        "nauc_ndcg_at_1_max": 0.294925,
        "nauc_ndcg_at_1_std": 0.118706,
        "nauc_ndcg_at_1_diff1": 0.234966,
        "nauc_ndcg_at_3_max": 0.33418,
        "nauc_ndcg_at_3_std": 0.114124,
        "nauc_ndcg_at_3_diff1": 0.209235,
        "nauc_ndcg_at_5_max": 0.345384,
        "nauc_ndcg_at_5_std": 0.120952,
        "nauc_ndcg_at_5_diff1": 0.209284,
        "nauc_ndcg_at_10_max": 0.366679,
        "nauc_ndcg_at_10_std": 0.15022,
        "nauc_ndcg_at_10_diff1": 0.204727,
        "nauc_ndcg_at_20_max": 0.376122,
        "nauc_ndcg_at_20_std": 0.169446,
        "nauc_ndcg_at_20_diff1": 0.209872,
        "nauc_ndcg_at_100_max": 0.397667,
        "nauc_ndcg_at_100_std": 0.211466,
        "nauc_ndcg_at_100_diff1": 0.215311,
        "nauc_ndcg_at_1000_max": 0.395127,
        "nauc_ndcg_at_1000_std": 0.212167,
        "nauc_ndcg_at_1000_diff1": 0.20146,
        "nauc_map_at_1_max": 0.341311,
        "nauc_map_at_1_std": 0.082445,
        "nauc_map_at_1_diff1": 0.293279,
        "nauc_map_at_3_max": 0.353936,
        "nauc_map_at_3_std": 0.098868,
        "nauc_map_at_3_diff1": 0.24797,
        "nauc_map_at_5_max": 0.35576,
        "nauc_map_at_5_std": 0.103722,
        "nauc_map_at_5_diff1": 0.241635,
        "nauc_map_at_10_max": 0.369714,
        "nauc_map_at_10_std": 0.119127,
        "nauc_map_at_10_diff1": 0.240633,
        "nauc_map_at_20_max": 0.372785,
        "nauc_map_at_20_std": 0.12865,
        "nauc_map_at_20_diff1": 0.241031,
        "nauc_map_at_100_max": 0.37933,
        "nauc_map_at_100_std": 0.139728,
        "nauc_map_at_100_diff1": 0.243293,
        "nauc_map_at_1000_max": 0.379548,
        "nauc_map_at_1000_std": 0.14063,
        "nauc_map_at_1000_diff1": 0.242142,
        "nauc_recall_at_1_max": 0.341311,
        "nauc_recall_at_1_std": 0.082445,
        "nauc_recall_at_1_diff1": 0.293279,
        "nauc_recall_at_3_max": 0.335125,
        "nauc_recall_at_3_std": 0.099139,
        "nauc_recall_at_3_diff1": 0.193236,
        "nauc_recall_at_5_max": 0.331688,
        "nauc_recall_at_5_std": 0.109414,
        "nauc_recall_at_5_diff1": 0.181496,
        "nauc_recall_at_10_max": 0.350316,
        "nauc_recall_at_10_std": 0.157117,
        "nauc_recall_at_10_diff1": 0.164678,
        "nauc_recall_at_20_max": 0.357167,
        "nauc_recall_at_20_std": 0.190862,
        "nauc_recall_at_20_diff1": 0.169871,
        "nauc_recall_at_100_max": 0.380254,
        "nauc_recall_at_100_std": 0.292646,
        "nauc_recall_at_100_diff1": 0.162471,
        "nauc_recall_at_1000_max": 0.401883,
        "nauc_recall_at_1000_std": 0.375521,
        "nauc_recall_at_1000_diff1": 0.059388,
        "nauc_precision_at_1_max": 0.294925,
        "nauc_precision_at_1_std": 0.118706,
        "nauc_precision_at_1_diff1": 0.234966,
        "nauc_precision_at_3_max": 0.325443,
        "nauc_precision_at_3_std": 0.139543,
        "nauc_precision_at_3_diff1": 0.148328,
        "nauc_precision_at_5_max": 0.313577,
        "nauc_precision_at_5_std": 0.159941,
        "nauc_precision_at_5_diff1": 0.125247,
        "nauc_precision_at_10_max": 0.334386,
        "nauc_precision_at_10_std": 0.219482,
        "nauc_precision_at_10_diff1": 0.095856,
        "nauc_precision_at_20_max": 0.318285,
        "nauc_precision_at_20_std": 0.243807,
        "nauc_precision_at_20_diff1": 0.099954,
        "nauc_precision_at_100_max": 0.276506,
        "nauc_precision_at_100_std": 0.319066,
        "nauc_precision_at_100_diff1": 0.059746,
        "nauc_precision_at_1000_max": 0.107183,
        "nauc_precision_at_1000_std": 0.223992,
        "nauc_precision_at_1000_diff1": -0.067834,
        "nauc_mrr_at_1_max": 0.294925,
        "nauc_mrr_at_1_std": 0.118706,
        "nauc_mrr_at_1_diff1": 0.234966,
        "nauc_mrr_at_3_max": 0.302006,
        "nauc_mrr_at_3_std": 0.126629,
        "nauc_mrr_at_3_diff1": 0.181366,
        "nauc_mrr_at_5_max": 0.309623,
        "nauc_mrr_at_5_std": 0.137424,
        "nauc_mrr_at_5_diff1": 0.181419,
        "nauc_mrr_at_10_max": 0.314803,
        "nauc_mrr_at_10_std": 0.146768,
        "nauc_mrr_at_10_diff1": 0.179192,
        "nauc_mrr_at_20_max": 0.31688,
        "nauc_mrr_at_20_std": 0.148803,
        "nauc_mrr_at_20_diff1": 0.18071,
        "nauc_mrr_at_100_max": 0.317319,
        "nauc_mrr_at_100_std": 0.14995,
        "nauc_mrr_at_100_diff1": 0.182124,
        "nauc_mrr_at_1000_max": 0.316983,
        "nauc_mrr_at_1000_std": 0.14952,
        "nauc_mrr_at_1000_diff1": 0.182074,
        "cv_recall_at_1": 0.182,
        "cv_recall_at_3": 0.333,
        "cv_recall_at_5": 0.414,
        "cv_recall_at_10": 0.54,
        "cv_recall_at_20": 0.648,
        "cv_recall_at_100": 0.851,
        "cv_recall_at_1000": 0.965,
        "main_score": 0.21347,
        "hf_subset": "default",
        "languages": [
          "eng-Latn"
        ]
      }
    ]
  },
  "evaluation_time": 287.9996476173401,
  "kg_co2_emissions": null
}