{
  "dataset_revision": "4885aa143210c98657558c04aaf3dc47cfb54340",
  "task_name": "CQADupstackGamingRetrieval",
  "mteb_version": "2.7.8",
  "scores": {
    "test": [
      {
        "ndcg_at_1": 0.46458,
        "ndcg_at_3": 0.52471,
        "ndcg_at_5": 0.55,
        "ndcg_at_10": 0.5761,
        "ndcg_at_20": 0.59194,
        "ndcg_at_100": 0.61446,
        "ndcg_at_1000": 0.62684,
        "map_at_1": 0.40757,
        "map_at_3": 0.48943,
        "map_at_5": 0.50706,
        "map_at_10": 0.52025,
        "map_at_20": 0.52577,
        "map_at_100": 0.52972,
        "map_at_1000": 0.53034,
        "recall_at_1": 0.40757,
        "recall_at_3": 0.56723,
        "recall_at_5": 0.62822,
        "recall_at_10": 0.70427,
        "recall_at_20": 0.76318,
        "recall_at_100": 0.8725,
        "recall_at_1000": 0.96003,
        "accuracy": 0.40757,
        "precision_at_1": 0.46458,
        "precision_at_3": 0.23051,
        "precision_at_5": 0.15824,
        "precision_at_10": 0.09141,
        "precision_at_20": 0.05056,
        "precision_at_100": 0.01192,
        "precision_at_1000": 0.00135,
        "mrr_at_1": 0.464577,
        "mrr_at_3": 0.534901,
        "mrr_at_5": 0.548192,
        "mrr_at_10": 0.557454,
        "mrr_at_20": 0.561067,
        "mrr_at_100": 0.56354,
        "mrr_at_1000": 0.563873,
        "nauc_ndcg_at_1_max": 0.485383,
        "nauc_ndcg_at_1_std": -0.046223,
        "nauc_ndcg_at_1_diff1": 0.624238,
        "nauc_ndcg_at_3_max": 0.473668,
        "nauc_ndcg_at_3_std": -0.040118,
        "nauc_ndcg_at_3_diff1": 0.565343,
        "nauc_ndcg_at_5_max": 0.48047,
        "nauc_ndcg_at_5_std": -0.03538,
        "nauc_ndcg_at_5_diff1": 0.562884,
        "nauc_ndcg_at_10_max": 0.484999,
        "nauc_ndcg_at_10_std": -0.011293,
        "nauc_ndcg_at_10_diff1": 0.559311,
        "nauc_ndcg_at_20_max": 0.485034,
        "nauc_ndcg_at_20_std": -0.004858,
        "nauc_ndcg_at_20_diff1": 0.561586,
        "nauc_ndcg_at_100_max": 0.487889,
        "nauc_ndcg_at_100_std": 0.008227,
        "nauc_ndcg_at_100_diff1": 0.563302,
        "nauc_ndcg_at_1000_max": 0.487367,
        "nauc_ndcg_at_1000_std": 0.003271,
        "nauc_ndcg_at_1000_diff1": 0.56769,
        "nauc_map_at_1_max": 0.413849,
        "nauc_map_at_1_std": -0.094066,
        "nauc_map_at_1_diff1": 0.61866,
        "nauc_map_at_3_max": 0.456427,
        "nauc_map_at_3_std": -0.06458,
        "nauc_map_at_3_diff1": 0.579437,
        "nauc_map_at_5_max": 0.465346,
        "nauc_map_at_5_std": -0.056025,
        "nauc_map_at_5_diff1": 0.577554,
        "nauc_map_at_10_max": 0.469087,
        "nauc_map_at_10_std": -0.043396,
        "nauc_map_at_10_diff1": 0.575247,
        "nauc_map_at_20_max": 0.471209,
        "nauc_map_at_20_std": -0.038654,
        "nauc_map_at_20_diff1": 0.57576,
        "nauc_map_at_100_max": 0.472443,
        "nauc_map_at_100_std": -0.035395,
        "nauc_map_at_100_diff1": 0.575867,
        "nauc_map_at_1000_max": 0.472475,
        "nauc_map_at_1000_std": -0.035286,
        "nauc_map_at_1000_diff1": 0.576062,
        "nauc_recall_at_1_max": 0.413849,
        "nauc_recall_at_1_std": -0.094066,
        "nauc_recall_at_1_diff1": 0.61866,
        "nauc_recall_at_3_max": 0.449388,
        "nauc_recall_at_3_std": -0.046411,
        "nauc_recall_at_3_diff1": 0.516032,
        "nauc_recall_at_5_max": 0.461389,
        "nauc_recall_at_5_std": -0.030139,
        "nauc_recall_at_5_diff1": 0.501022,
        "nauc_recall_at_10_max": 0.474186,
        "nauc_recall_at_10_std": 0.053375,
        "nauc_recall_at_10_diff1": 0.472373,
        "nauc_recall_at_20_max": 0.47312,
        "nauc_recall_at_20_std": 0.093386,
        "nauc_recall_at_20_diff1": 0.466704,
        "nauc_recall_at_100_max": 0.486845,
        "nauc_recall_at_100_std": 0.26948,
        "nauc_recall_at_100_diff1": 0.429094,
        "nauc_recall_at_1000_max": 0.475199,
        "nauc_recall_at_1000_std": 0.460128,
        "nauc_recall_at_1000_diff1": 0.40452,
        "nauc_precision_at_1_max": 0.485383,
        "nauc_precision_at_1_std": -0.046223,
        "nauc_precision_at_1_diff1": 0.624238,
        "nauc_precision_at_3_max": 0.464297,
        "nauc_precision_at_3_std": 0.068417,
        "nauc_precision_at_3_diff1": 0.372097,
        "nauc_precision_at_5_max": 0.424135,
        "nauc_precision_at_5_std": 0.117616,
        "nauc_precision_at_5_diff1": 0.271807,
        "nauc_precision_at_10_max": 0.364927,
        "nauc_precision_at_10_std": 0.213119,
        "nauc_precision_at_10_diff1": 0.158186,
        "nauc_precision_at_20_max": 0.319773,
        "nauc_precision_at_20_std": 0.271549,
        "nauc_precision_at_20_diff1": 0.080282,
        "nauc_precision_at_100_max": 0.226407,
        "nauc_precision_at_100_std": 0.358801,
        "nauc_precision_at_100_diff1": -0.059397,
        "nauc_precision_at_1000_max": 0.111715,
        "nauc_precision_at_1000_std": 0.344705,
        "nauc_precision_at_1000_diff1": -0.137347,
        "nauc_mrr_at_1_max": 0.485383,
        "nauc_mrr_at_1_std": -0.046223,
        "nauc_mrr_at_1_diff1": 0.624238,
        "nauc_mrr_at_3_max": 0.497811,
        "nauc_mrr_at_3_std": -0.020485,
        "nauc_mrr_at_3_diff1": 0.58636,
        "nauc_mrr_at_5_max": 0.497728,
        "nauc_mrr_at_5_std": -0.020433,
        "nauc_mrr_at_5_diff1": 0.584693,
        "nauc_mrr_at_10_max": 0.499071,
        "nauc_mrr_at_10_std": -0.011785,
        "nauc_mrr_at_10_diff1": 0.584087,
        "nauc_mrr_at_20_max": 0.498245,
        "nauc_mrr_at_20_std": -0.011512,
        "nauc_mrr_at_20_diff1": 0.584625,
        "nauc_mrr_at_100_max": 0.498189,
        "nauc_mrr_at_100_std": -0.010817,
        "nauc_mrr_at_100_diff1": 0.585261,
        "nauc_mrr_at_1000_max": 0.498216,
        "nauc_mrr_at_1000_std": -0.011021,
        "nauc_mrr_at_1000_diff1": 0.585429,
        "cv_recall_at_1": 0.46458,
        "cv_recall_at_3": 0.62445,
        "cv_recall_at_5": 0.68339,
        "cv_recall_at_10": 0.75298,
        "cv_recall_at_20": 0.80564,
        "cv_recall_at_100": 0.89969,
        "cv_recall_at_1000": 0.96928,
        "main_score": 0.5761,
        "hf_subset": "default",
        "languages": [
          "eng-Latn"
        ]
      }
    ]
  },
  "evaluation_time": 141.23583221435547,
  "kg_co2_emissions": null
}