{
  "dataset_revision": "6c6430d3a6d36f8d2a829195bc5dc94d7e063e53",
  "task_name": "CQADupstackUnixRetrieval",
  "mteb_version": "2.7.8",
  "scores": {
    "test": [
      {
        "ndcg_at_1": 0.28638,
        "ndcg_at_3": 0.31962,
        "ndcg_at_5": 0.33408,
        "ndcg_at_10": 0.36083,
        "ndcg_at_20": 0.37972,
        "ndcg_at_100": 0.41043,
        "ndcg_at_1000": 0.43693,
        "map_at_1": 0.23875,
        "map_at_3": 0.29113,
        "map_at_5": 0.30164,
        "map_at_10": 0.31362,
        "map_at_20": 0.31925,
        "map_at_100": 0.32388,
        "map_at_1000": 0.32496,
        "recall_at_1": 0.23875,
        "recall_at_3": 0.34458,
        "recall_at_5": 0.3843,
        "recall_at_10": 0.46407,
        "recall_at_20": 0.53334,
        "recall_at_100": 0.68455,
        "recall_at_1000": 0.87348,
        "accuracy": 0.23875,
        "precision_at_1": 0.28638,
        "precision_at_3": 0.14614,
        "precision_at_5": 0.09925,
        "precision_at_10": 0.06073,
        "precision_at_20": 0.03554,
        "precision_at_100": 0.00954,
        "precision_at_1000": 0.0013,
        "mrr_at_1": 0.286381,
        "mrr_at_3": 0.336132,
        "mrr_at_5": 0.34616,
        "mrr_at_10": 0.356848,
        "mrr_at_20": 0.361619,
        "mrr_at_100": 0.365332,
        "mrr_at_1000": 0.366027,
        "nauc_ndcg_at_1_max": 0.481797,
        "nauc_ndcg_at_1_std": -0.000508,
        "nauc_ndcg_at_1_diff1": 0.584028,
        "nauc_ndcg_at_3_max": 0.460027,
        "nauc_ndcg_at_3_std": 0.001984,
        "nauc_ndcg_at_3_diff1": 0.543185,
        "nauc_ndcg_at_5_max": 0.457556,
        "nauc_ndcg_at_5_std": 0.010457,
        "nauc_ndcg_at_5_diff1": 0.539801,
        "nauc_ndcg_at_10_max": 0.449922,
        "nauc_ndcg_at_10_std": 0.020196,
        "nauc_ndcg_at_10_diff1": 0.528043,
        "nauc_ndcg_at_20_max": 0.443193,
        "nauc_ndcg_at_20_std": 0.016505,
        "nauc_ndcg_at_20_diff1": 0.518085,
        "nauc_ndcg_at_100_max": 0.455092,
        "nauc_ndcg_at_100_std": 0.03203,
        "nauc_ndcg_at_100_diff1": 0.515899,
        "nauc_ndcg_at_1000_max": 0.461233,
        "nauc_ndcg_at_1000_std": 0.035002,
        "nauc_ndcg_at_1000_diff1": 0.520173,
        "nauc_map_at_1_max": 0.484865,
        "nauc_map_at_1_std": -0.009958,
        "nauc_map_at_1_diff1": 0.619586,
        "nauc_map_at_3_max": 0.467862,
        "nauc_map_at_3_std": -0.000967,
        "nauc_map_at_3_diff1": 0.569173,
        "nauc_map_at_5_max": 0.467645,
        "nauc_map_at_5_std": 0.004994,
        "nauc_map_at_5_diff1": 0.563228,
        "nauc_map_at_10_max": 0.46418,
        "nauc_map_at_10_std": 0.009118,
        "nauc_map_at_10_diff1": 0.557111,
        "nauc_map_at_20_max": 0.462475,
        "nauc_map_at_20_std": 0.008184,
        "nauc_map_at_20_diff1": 0.554026,
        "nauc_map_at_100_max": 0.464063,
        "nauc_map_at_100_std": 0.00984,
        "nauc_map_at_100_diff1": 0.553559,
        "nauc_map_at_1000_max": 0.464413,
        "nauc_map_at_1000_std": 0.010126,
        "nauc_map_at_1000_diff1": 0.553673,
        "nauc_recall_at_1_max": 0.484865,
        "nauc_recall_at_1_std": -0.009958,
        "nauc_recall_at_1_diff1": 0.619586,
        "nauc_recall_at_3_max": 0.420711,
        "nauc_recall_at_3_std": 0.00137,
        "nauc_recall_at_3_diff1": 0.506635,
        "nauc_recall_at_5_max": 0.413493,
        "nauc_recall_at_5_std": 0.025194,
        "nauc_recall_at_5_diff1": 0.483906,
        "nauc_recall_at_10_max": 0.379369,
        "nauc_recall_at_10_std": 0.048766,
        "nauc_recall_at_10_diff1": 0.438762,
        "nauc_recall_at_20_max": 0.346292,
        "nauc_recall_at_20_std": 0.038412,
        "nauc_recall_at_20_diff1": 0.3948,
        "nauc_recall_at_100_max": 0.390869,
        "nauc_recall_at_100_std": 0.142626,
        "nauc_recall_at_100_diff1": 0.356092,
        "nauc_recall_at_1000_max": 0.448612,
        "nauc_recall_at_1000_std": 0.317401,
        "nauc_recall_at_1000_diff1": 0.307309,
        "nauc_precision_at_1_max": 0.481797,
        "nauc_precision_at_1_std": -0.000508,
        "nauc_precision_at_1_diff1": 0.584028,
        "nauc_precision_at_3_max": 0.405767,
        "nauc_precision_at_3_std": 0.024438,
        "nauc_precision_at_3_diff1": 0.41635,
        "nauc_precision_at_5_max": 0.392563,
        "nauc_precision_at_5_std": 0.049663,
        "nauc_precision_at_5_diff1": 0.37599,
        "nauc_precision_at_10_max": 0.337869,
        "nauc_precision_at_10_std": 0.072885,
        "nauc_precision_at_10_diff1": 0.290712,
        "nauc_precision_at_20_max": 0.276183,
        "nauc_precision_at_20_std": 0.046367,
        "nauc_precision_at_20_diff1": 0.214226,
        "nauc_precision_at_100_max": 0.226134,
        "nauc_precision_at_100_std": 0.11635,
        "nauc_precision_at_100_diff1": 0.085518,
        "nauc_precision_at_1000_max": 0.084585,
        "nauc_precision_at_1000_std": 0.073859,
        "nauc_precision_at_1000_diff1": -0.07289,
        "nauc_mrr_at_1_max": 0.481797,
        "nauc_mrr_at_1_std": -0.000508,
        "nauc_mrr_at_1_diff1": 0.584028,
        "nauc_mrr_at_3_max": 0.462104,
        "nauc_mrr_at_3_std": -5.6e-05,
        "nauc_mrr_at_3_diff1": 0.539408,
        "nauc_mrr_at_5_max": 0.46145,
        "nauc_mrr_at_5_std": 0.005726,
        "nauc_mrr_at_5_diff1": 0.535955,
        "nauc_mrr_at_10_max": 0.459857,
        "nauc_mrr_at_10_std": 0.008972,
        "nauc_mrr_at_10_diff1": 0.532391,
        "nauc_mrr_at_20_max": 0.458009,
        "nauc_mrr_at_20_std": 0.007283,
        "nauc_mrr_at_20_diff1": 0.529992,
        "nauc_mrr_at_100_max": 0.45953,
        "nauc_mrr_at_100_std": 0.008279,
        "nauc_mrr_at_100_diff1": 0.529981,
        "nauc_mrr_at_1000_max": 0.459647,
        "nauc_mrr_at_1000_std": 0.00834,
        "nauc_mrr_at_1000_diff1": 0.530232,
        "cv_recall_at_1": 0.28638,
        "cv_recall_at_3": 0.39925,
        "cv_recall_at_5": 0.44216,
        "cv_recall_at_10": 0.52425,
        "cv_recall_at_20": 0.59422,
        "cv_recall_at_100": 0.74347,
        "cv_recall_at_1000": 0.91138,
        "main_score": 0.36083,
        "hf_subset": "default",
        "languages": [
          "eng-Latn"
        ]
      }
    ]
  },
  "evaluation_time": 333.10095047950745,
  "kg_co2_emissions": null
}