{
  "dataset_revision": "080c9ed6267b65029207906e815d44a9240bafca",
  "task_name": "FEVERHardNegatives",
  "mteb_version": "2.7.8",
  "scores": {
    "test": [
      {
        "ndcg_at_1": 0.585,
        "ndcg_at_3": 0.69087,
        "ndcg_at_5": 0.70951,
        "ndcg_at_10": 0.72701,
        "ndcg_at_20": 0.73726,
        "ndcg_at_100": 0.74538,
        "ndcg_at_1000": 0.75131,
        "map_at_1": 0.55449,
        "map_at_3": 0.65482,
        "map_at_5": 0.66616,
        "map_at_10": 0.67367,
        "map_at_20": 0.67692,
        "map_at_100": 0.67818,
        "map_at_1000": 0.67847,
        "recall_at_1": 0.55449,
        "recall_at_3": 0.76474,
        "recall_at_5": 0.81071,
        "recall_at_10": 0.86468,
        "recall_at_20": 0.90219,
        "recall_at_100": 0.94202,
        "recall_at_1000": 0.98321,
        "accuracy": 0.55449,
        "precision_at_1": 0.585,
        "precision_at_3": 0.27433,
        "precision_at_5": 0.175,
        "precision_at_10": 0.0936,
        "precision_at_20": 0.0494,
        "precision_at_100": 0.0105,
        "precision_at_1000": 0.00112,
        "mrr_at_1": 0.585,
        "mrr_at_3": 0.682333,
        "mrr_at_5": 0.693283,
        "mrr_at_10": 0.700215,
        "mrr_at_20": 0.702608,
        "mrr_at_100": 0.703479,
        "mrr_at_1000": 0.703621,
        "nauc_ndcg_at_1_max": 0.140119,
        "nauc_ndcg_at_1_std": 0.199896,
        "nauc_ndcg_at_1_diff1": 0.648138,
        "nauc_ndcg_at_3_max": 0.186514,
        "nauc_ndcg_at_3_std": 0.292333,
        "nauc_ndcg_at_3_diff1": 0.623582,
        "nauc_ndcg_at_5_max": 0.176521,
        "nauc_ndcg_at_5_std": 0.307402,
        "nauc_ndcg_at_5_diff1": 0.619811,
        "nauc_ndcg_at_10_max": 0.160399,
        "nauc_ndcg_at_10_std": 0.298484,
        "nauc_ndcg_at_10_diff1": 0.61032,
        "nauc_ndcg_at_20_max": 0.155463,
        "nauc_ndcg_at_20_std": 0.295576,
        "nauc_ndcg_at_20_diff1": 0.615116,
        "nauc_ndcg_at_100_max": 0.153341,
        "nauc_ndcg_at_100_std": 0.291532,
        "nauc_ndcg_at_100_diff1": 0.616018,
        "nauc_ndcg_at_1000_max": 0.159127,
        "nauc_ndcg_at_1000_std": 0.285533,
        "nauc_ndcg_at_1000_diff1": 0.619652,
        "nauc_map_at_1_max": 0.151473,
        "nauc_map_at_1_std": 0.178291,
        "nauc_map_at_1_diff1": 0.637003,
        "nauc_map_at_3_max": 0.180043,
        "nauc_map_at_3_std": 0.258613,
        "nauc_map_at_3_diff1": 0.626173,
        "nauc_map_at_5_max": 0.174734,
        "nauc_map_at_5_std": 0.265572,
        "nauc_map_at_5_diff1": 0.624731,
        "nauc_map_at_10_max": 0.168711,
        "nauc_map_at_10_std": 0.261823,
        "nauc_map_at_10_diff1": 0.621462,
        "nauc_map_at_20_max": 0.167693,
        "nauc_map_at_20_std": 0.260905,
        "nauc_map_at_20_diff1": 0.622976,
        "nauc_map_at_100_max": 0.167422,
        "nauc_map_at_100_std": 0.260499,
        "nauc_map_at_100_diff1": 0.623077,
        "nauc_map_at_1000_max": 0.1675,
        "nauc_map_at_1000_std": 0.260359,
        "nauc_map_at_1000_diff1": 0.623192,
        "nauc_recall_at_1_max": 0.151473,
        "nauc_recall_at_1_std": 0.178291,
        "nauc_recall_at_1_diff1": 0.637003,
        "nauc_recall_at_3_max": 0.221595,
        "nauc_recall_at_3_std": 0.390783,
        "nauc_recall_at_3_diff1": 0.59271,
        "nauc_recall_at_5_max": 0.196256,
        "nauc_recall_at_5_std": 0.453716,
        "nauc_recall_at_5_diff1": 0.565548,
        "nauc_recall_at_10_max": 0.114722,
        "nauc_recall_at_10_std": 0.452434,
        "nauc_recall_at_10_diff1": 0.497071,
        "nauc_recall_at_20_max": 0.059034,
        "nauc_recall_at_20_std": 0.482508,
        "nauc_recall_at_20_diff1": 0.495425,
        "nauc_recall_at_100_max": -0.035292,
        "nauc_recall_at_100_std": 0.526691,
        "nauc_recall_at_100_diff1": 0.448571,
        "nauc_recall_at_1000_max": 0.190454,
        "nauc_recall_at_1000_std": 0.566592,
        "nauc_recall_at_1000_diff1": 0.47108,
        "nauc_precision_at_1_max": 0.140119,
        "nauc_precision_at_1_std": 0.199896,
        "nauc_precision_at_1_diff1": 0.648138,
        "nauc_precision_at_3_max": 0.182629,
        "nauc_precision_at_3_std": 0.387022,
        "nauc_precision_at_3_diff1": 0.482182,
        "nauc_precision_at_5_max": 0.130304,
        "nauc_precision_at_5_std": 0.427335,
        "nauc_precision_at_5_diff1": 0.422462,
        "nauc_precision_at_10_max": 0.029339,
        "nauc_precision_at_10_std": 0.385743,
        "nauc_precision_at_10_diff1": 0.266931,
        "nauc_precision_at_20_max": -0.059608,
        "nauc_precision_at_20_std": 0.306495,
        "nauc_precision_at_20_diff1": 0.116128,
        "nauc_precision_at_100_max": -0.105311,
        "nauc_precision_at_100_std": 0.175753,
        "nauc_precision_at_100_diff1": -0.077937,
        "nauc_precision_at_1000_max": -0.109632,
        "nauc_precision_at_1000_std": 0.02387,
        "nauc_precision_at_1000_diff1": -0.214125,
        "nauc_mrr_at_1_max": 0.140119,
        "nauc_mrr_at_1_std": 0.199896,
        "nauc_mrr_at_1_diff1": 0.648138,
        "nauc_mrr_at_3_max": 0.164038,
        "nauc_mrr_at_3_std": 0.273808,
        "nauc_mrr_at_3_diff1": 0.632721,
        "nauc_mrr_at_5_max": 0.156822,
        "nauc_mrr_at_5_std": 0.2798,
        "nauc_mrr_at_5_diff1": 0.631005,
        "nauc_mrr_at_10_max": 0.150804,
        "nauc_mrr_at_10_std": 0.275982,
        "nauc_mrr_at_10_diff1": 0.628163,
        "nauc_mrr_at_20_max": 0.150103,
        "nauc_mrr_at_20_std": 0.274519,
        "nauc_mrr_at_20_diff1": 0.629458,
        "nauc_mrr_at_100_max": 0.149609,
        "nauc_mrr_at_100_std": 0.273914,
        "nauc_mrr_at_100_diff1": 0.629607,
        "nauc_mrr_at_1000_max": 0.149792,
        "nauc_mrr_at_1000_std": 0.273674,
        "nauc_mrr_at_1000_diff1": 0.629763,
        "cv_recall_at_1": 0.585,
        "cv_recall_at_3": 0.798,
        "cv_recall_at_5": 0.845,
        "cv_recall_at_10": 0.898,
        "cv_recall_at_20": 0.932,
        "cv_recall_at_100": 0.967,
        "cv_recall_at_1000": 0.995,
        "main_score": 0.72701,
        "hf_subset": "default",
        "languages": [
          "eng-Latn"
        ]
      }
    ]
  },
  "evaluation_time": 590.8686971664429,
  "kg_co2_emissions": null
}