{
  "dataset_revision": "227478e3235572039f4f7661840e059f31ef6eb1",
  "task_name": "MindSmallReranking",
  "mteb_version": "2.7.8",
  "scores": {
    "test": [
      {
        "ndcg_at_1": 0.12912,
        "ndcg_at_3": 0.20283,
        "ndcg_at_5": 0.24825,
        "ndcg_at_10": 0.31078,
        "ndcg_at_20": 0.36346,
        "ndcg_at_100": 0.42734,
        "ndcg_at_1000": 0.43087,
        "map_at_1": 0.09857,
        "map_at_3": 0.16659,
        "map_at_5": 0.1935,
        "map_at_10": 0.22148,
        "map_at_20": 0.23867,
        "map_at_100": 0.25229,
        "map_at_1000": 0.25274,
        "recall_at_1": 0.09857,
        "recall_at_3": 0.25175,
        "recall_at_5": 0.36024,
        "recall_at_10": 0.5372,
        "recall_at_20": 0.71673,
        "recall_at_100": 0.98293,
        "recall_at_1000": 1.0,
        "accuracy": 0.09857,
        "precision_at_1": 0.12912,
        "precision_at_3": 0.11169,
        "precision_at_5": 0.09822,
        "precision_at_10": 0.07717,
        "precision_at_20": 0.05518,
        "precision_at_100": 0.01764,
        "precision_at_1000": 0.00183,
        "mrr_at_1": 0.129118,
        "mrr_at_3": 0.210363,
        "mrr_at_5": 0.239511,
        "mrr_at_10": 0.265436,
        "mrr_at_20": 0.277623,
        "mrr_at_100": 0.283077,
        "mrr_at_1000": 0.283123,
        "nauc_ndcg_at_1_max": -0.10551,
        "nauc_ndcg_at_1_std": -0.001641,
        "nauc_ndcg_at_1_diff1": 0.125545,
        "nauc_ndcg_at_3_max": -0.204814,
        "nauc_ndcg_at_3_std": -0.040149,
        "nauc_ndcg_at_3_diff1": 0.136728,
        "nauc_ndcg_at_5_max": -0.23986,
        "nauc_ndcg_at_5_std": -0.045979,
        "nauc_ndcg_at_5_diff1": 0.136397,
        "nauc_ndcg_at_10_max": -0.276934,
        "nauc_ndcg_at_10_std": -0.047483,
        "nauc_ndcg_at_10_diff1": 0.134741,
        "nauc_ndcg_at_20_max": -0.286933,
        "nauc_ndcg_at_20_std": -0.042249,
        "nauc_ndcg_at_20_diff1": 0.133042,
        "nauc_ndcg_at_100_max": -0.224501,
        "nauc_ndcg_at_100_std": -0.033691,
        "nauc_ndcg_at_100_diff1": 0.12839,
        "nauc_ndcg_at_1000_max": -0.212641,
        "nauc_ndcg_at_1000_std": -0.032714,
        "nauc_ndcg_at_1000_diff1": 0.127885,
        "nauc_map_at_1_max": -0.172567,
        "nauc_map_at_1_std": -0.029139,
        "nauc_map_at_1_diff1": 0.151873,
        "nauc_map_at_3_max": -0.218427,
        "nauc_map_at_3_std": -0.045569,
        "nauc_map_at_3_diff1": 0.146647,
        "nauc_map_at_5_max": -0.235952,
        "nauc_map_at_5_std": -0.047235,
        "nauc_map_at_5_diff1": 0.144528,
        "nauc_map_at_10_max": -0.251554,
        "nauc_map_at_10_std": -0.046646,
        "nauc_map_at_10_diff1": 0.142642,
        "nauc_map_at_20_max": -0.253054,
        "nauc_map_at_20_std": -0.044031,
        "nauc_map_at_20_diff1": 0.141434,
        "nauc_map_at_100_max": -0.240304,
        "nauc_map_at_100_std": -0.041799,
        "nauc_map_at_100_diff1": 0.140204,
        "nauc_map_at_1000_max": -0.239069,
        "nauc_map_at_1000_std": -0.041696,
        "nauc_map_at_1000_diff1": 0.140157,
        "nauc_recall_at_1_max": -0.172567,
        "nauc_recall_at_1_std": -0.029139,
        "nauc_recall_at_1_diff1": 0.151873,
        "nauc_recall_at_3_max": -0.24453,
        "nauc_recall_at_3_std": -0.055963,
        "nauc_recall_at_3_diff1": 0.135208,
        "nauc_recall_at_5_max": -0.291652,
        "nauc_recall_at_5_std": -0.062339,
        "nauc_recall_at_5_diff1": 0.129446,
        "nauc_recall_at_10_max": -0.379382,
        "nauc_recall_at_10_std": -0.067802,
        "nauc_recall_at_10_diff1": 0.124285,
        "nauc_recall_at_20_max": -0.472729,
        "nauc_recall_at_20_std": -0.061971,
        "nauc_recall_at_20_diff1": 0.1211,
        "nauc_recall_at_100_max": -0.798675,
        "nauc_recall_at_100_std": -0.073138,
        "nauc_recall_at_100_diff1": 0.115687,
        "nauc_recall_at_1000_max": -0.600747,
        "nauc_recall_at_1000_std": 0.023903,
        "nauc_recall_at_1000_diff1": 0.208964,
        "nauc_precision_at_1_max": -0.10551,
        "nauc_precision_at_1_std": -0.001641,
        "nauc_precision_at_1_diff1": 0.125545,
        "nauc_precision_at_3_max": -0.163501,
        "nauc_precision_at_3_std": -0.019346,
        "nauc_precision_at_3_diff1": 0.107903,
        "nauc_precision_at_5_max": -0.184816,
        "nauc_precision_at_5_std": -0.017081,
        "nauc_precision_at_5_diff1": 0.093253,
        "nauc_precision_at_10_max": -0.170129,
        "nauc_precision_at_10_std": -0.000944,
        "nauc_precision_at_10_diff1": 0.055754,
        "nauc_precision_at_20_max": -0.065048,
        "nauc_precision_at_20_std": 0.029154,
        "nauc_precision_at_20_diff1": 0.006023,
        "nauc_precision_at_100_max": 0.245728,
        "nauc_precision_at_100_std": 0.057665,
        "nauc_precision_at_100_diff1": -0.067107,
        "nauc_precision_at_1000_max": 0.276875,
        "nauc_precision_at_1000_std": 0.058644,
        "nauc_precision_at_1000_diff1": -0.069468,
        "nauc_mrr_at_1_max": -0.10551,
        "nauc_mrr_at_1_std": -0.001641,
        "nauc_mrr_at_1_diff1": 0.125545,
        "nauc_mrr_at_3_max": -0.148966,
        "nauc_mrr_at_3_std": -0.018969,
        "nauc_mrr_at_3_diff1": 0.12122,
        "nauc_mrr_at_5_max": -0.164204,
        "nauc_mrr_at_5_std": -0.021442,
        "nauc_mrr_at_5_diff1": 0.120558,
        "nauc_mrr_at_10_max": -0.175592,
        "nauc_mrr_at_10_std": -0.022243,
        "nauc_mrr_at_10_diff1": 0.120456,
        "nauc_mrr_at_20_max": -0.175992,
        "nauc_mrr_at_20_std": -0.021373,
        "nauc_mrr_at_20_diff1": 0.120697,
        "nauc_mrr_at_100_max": -0.172047,
        "nauc_mrr_at_100_std": -0.020928,
        "nauc_mrr_at_100_diff1": 0.120917,
        "nauc_mrr_at_1000_max": -0.171934,
        "nauc_mrr_at_1000_std": -0.02092,
        "nauc_mrr_at_1000_diff1": 0.120919,
        "cv_recall_at_1": 0.12912,
        "cv_recall_at_3": 0.31844,
        "cv_recall_at_5": 0.4468,
        "cv_recall_at_10": 0.64074,
        "cv_recall_at_20": 0.81401,
        "cv_recall_at_100": 0.99428,
        "cv_recall_at_1000": 1.0,
        "max_over_subqueries_ndcg_at_1": 0.16261,
        "max_over_subqueries_ndcg_at_3": 0.25776,
        "max_over_subqueries_ndcg_at_5": 0.30884,
        "max_over_subqueries_ndcg_at_10": 0.37234,
        "max_over_subqueries_ndcg_at_20": 0.41848,
        "max_over_subqueries_ndcg_at_100": 0.46464,
        "max_over_subqueries_ndcg_at_1000": 0.46656,
        "max_over_subqueries_map_at_1": 0.13659,
        "max_over_subqueries_map_at_3": 0.22009,
        "max_over_subqueries_map_at_5": 0.24986,
        "max_over_subqueries_map_at_10": 0.27809,
        "max_over_subqueries_map_at_20": 0.29303,
        "max_over_subqueries_map_at_100": 0.30253,
        "max_over_subqueries_map_at_1000": 0.30274,
        "max_over_subqueries_recall_at_1": 0.13659,
        "max_over_subqueries_recall_at_3": 0.32367,
        "max_over_subqueries_recall_at_5": 0.44446,
        "max_over_subqueries_recall_at_10": 0.62643,
        "max_over_subqueries_recall_at_20": 0.78789,
        "max_over_subqueries_recall_at_100": 0.98984,
        "max_over_subqueries_recall_at_1000": 0.99999,
        "max_over_subqueries_accuracy": 0.13659,
        "max_over_subqueries_precision_at_1": 0.16261,
        "max_over_subqueries_precision_at_3": 0.13147,
        "max_over_subqueries_precision_at_5": 0.11086,
        "max_over_subqueries_precision_at_10": 0.08164,
        "max_over_subqueries_precision_at_20": 0.05414,
        "max_over_subqueries_precision_at_100": 0.01493,
        "max_over_subqueries_precision_at_1000": 0.00152,
        "max_over_subqueries_mrr_at_1_max": -0.122669,
        "max_over_subqueries_mrr_at_1_std": -0.01129,
        "max_over_subqueries_mrr_at_1_diff1": 0.130642,
        "max_over_subqueries_mrr_at_3_max": -0.192234,
        "max_over_subqueries_mrr_at_3_std": -0.053656,
        "max_over_subqueries_mrr_at_3_diff1": 0.081628,