{
  "dataset_revision": "431886eaecc48f067a3975b70d0949ea2862463c",
  "task_name": "Touche2020Retrieval.v3",
  "mteb_version": "2.7.8",
  "scores": {
    "test": [
      {
        "ndcg_at_1": 0.54082,
        "ndcg_at_3": 0.53969,
        "ndcg_at_5": 0.54625,
        "ndcg_at_10": 0.48846,
        "ndcg_at_20": 0.44902,
        "ndcg_at_100": 0.52613,
        "ndcg_at_1000": 0.64774,
        "map_at_1": 0.02167,
        "map_at_3": 0.05894,
        "map_at_5": 0.0952,
        "map_at_10": 0.15187,
        "map_at_20": 0.22465,
        "map_at_100": 0.31392,
        "map_at_1000": 0.34554,
        "recall_at_1": 0.02167,
        "recall_at_3": 0.06712,
        "recall_at_5": 0.11303,
        "recall_at_10": 0.18949,
        "recall_at_20": 0.30938,
        "recall_at_100": 0.57865,
        "recall_at_1000": 0.86896,
        "accuracy": 0.02167,
        "precision_at_1": 0.67347,
        "precision_at_3": 0.65306,
        "precision_at_5": 0.65306,
        "precision_at_10": 0.54694,
        "precision_at_20": 0.45204,
        "precision_at_100": 0.18265,
        "precision_at_1000": 0.02994,
        "mrr_at_1": 0.673469,
        "mrr_at_3": 0.795918,
        "mrr_at_5": 0.806122,
        "mrr_at_10": 0.806122,
        "mrr_at_20": 0.806122,
        "mrr_at_100": 0.806418,
        "mrr_at_1000": 0.806418,
        "nauc_ndcg_at_1_max": -0.045925,
        "nauc_ndcg_at_1_std": 0.215054,
        "nauc_ndcg_at_1_diff1": -0.080989,
        "nauc_ndcg_at_3_max": 0.040505,
        "nauc_ndcg_at_3_std": 0.198382,
        "nauc_ndcg_at_3_diff1": -0.061832,
        "nauc_ndcg_at_5_max": 0.059966,
        "nauc_ndcg_at_5_std": 0.193809,
        "nauc_ndcg_at_5_diff1": -0.016054,
        "nauc_ndcg_at_10_max": 0.067194,
        "nauc_ndcg_at_10_std": 0.202916,
        "nauc_ndcg_at_10_diff1": -0.042856,
        "nauc_ndcg_at_20_max": 0.002418,
        "nauc_ndcg_at_20_std": 0.201064,
        "nauc_ndcg_at_20_diff1": -0.116715,
        "nauc_ndcg_at_100_max": -0.177791,
        "nauc_ndcg_at_100_std": 0.184867,
        "nauc_ndcg_at_100_diff1": -0.046769,
        "nauc_ndcg_at_1000_max": 0.016966,
        "nauc_ndcg_at_1000_std": 0.417947,
        "nauc_ndcg_at_1000_diff1": 0.038517,
        "nauc_map_at_1_max": -0.204841,
        "nauc_map_at_1_std": -0.068493,
        "nauc_map_at_1_diff1": 0.00124,
        "nauc_map_at_3_max": -0.179159,
        "nauc_map_at_3_std": -0.11245,
        "nauc_map_at_3_diff1": -0.012149,
        "nauc_map_at_5_max": -0.164342,
        "nauc_map_at_5_std": -0.140977,
        "nauc_map_at_5_diff1": 0.007493,
        "nauc_map_at_10_max": -0.142225,
        "nauc_map_at_10_std": -0.126259,
        "nauc_map_at_10_diff1": -0.032713,
        "nauc_map_at_20_max": -0.10657,
        "nauc_map_at_20_std": -0.045748,
        "nauc_map_at_20_diff1": -0.0981,
        "nauc_map_at_100_max": -0.114884,
        "nauc_map_at_100_std": 0.054434,
        "nauc_map_at_100_diff1": -0.087295,
        "nauc_map_at_1000_max": -0.076515,
        "nauc_map_at_1000_std": 0.120103,
        "nauc_map_at_1000_diff1": -0.07373,
        "nauc_recall_at_1_max": -0.204841,
        "nauc_recall_at_1_std": -0.068493,
        "nauc_recall_at_1_diff1": 0.00124,
        "nauc_recall_at_3_max": -0.219771,
        "nauc_recall_at_3_std": -0.155301,
        "nauc_recall_at_3_diff1": 0.005743,
        "nauc_recall_at_5_max": -0.229409,
        "nauc_recall_at_5_std": -0.197864,
        "nauc_recall_at_5_diff1": 0.025807,
        "nauc_recall_at_10_max": -0.192192,
        "nauc_recall_at_10_std": -0.141581,
        "nauc_recall_at_10_diff1": -0.034545,
        "nauc_recall_at_20_max": -0.181912,
        "nauc_recall_at_20_std": -0.040559,
        "nauc_recall_at_20_diff1": -0.11035,
        "nauc_recall_at_100_max": -0.283486,
        "nauc_recall_at_100_std": 0.080079,
        "nauc_recall_at_100_diff1": -0.022702,
        "nauc_recall_at_1000_max": 0.010024,
        "nauc_recall_at_1000_std": 0.590977,
        "nauc_recall_at_1000_diff1": 0.195196,
        "nauc_precision_at_1_max": 0.020227,
        "nauc_precision_at_1_std": 0.159476,
        "nauc_precision_at_1_diff1": -0.106226,
        "nauc_precision_at_3_max": 0.111484,
        "nauc_precision_at_3_std": 0.095091,
        "nauc_precision_at_3_diff1": -0.063686,
        "nauc_precision_at_5_max": 0.130416,
        "nauc_precision_at_5_std": 0.039339,
        "nauc_precision_at_5_diff1": -0.003043,
        "nauc_precision_at_10_max": 0.11089,
        "nauc_precision_at_10_std": 0.104145,
        "nauc_precision_at_10_diff1": -0.087152,
        "nauc_precision_at_20_max": 0.105339,
        "nauc_precision_at_20_std": 0.273094,
        "nauc_precision_at_20_diff1": -0.226791,
        "nauc_precision_at_100_max": 0.245999,
        "nauc_precision_at_100_std": 0.544074,
        "nauc_precision_at_100_diff1": -0.145641,
        "nauc_precision_at_1000_max": 0.550271,
        "nauc_precision_at_1000_std": 0.482779,
        "nauc_precision_at_1000_diff1": 0.04312,
        "nauc_mrr_at_1_max": 0.020227,
        "nauc_mrr_at_1_std": 0.159476,
        "nauc_mrr_at_1_diff1": -0.106226,
        "nauc_mrr_at_3_max": 0.029496,
        "nauc_mrr_at_3_std": 0.291844,
        "nauc_mrr_at_3_diff1": -0.033768,
        "nauc_mrr_at_5_max": 0.031248,
        "nauc_mrr_at_5_std": 0.262439,
        "nauc_mrr_at_5_diff1": -0.061442,
        "nauc_mrr_at_10_max": 0.031248,
        "nauc_mrr_at_10_std": 0.262439,
        "nauc_mrr_at_10_diff1": -0.061442,
        "nauc_mrr_at_20_max": 0.031248,
        "nauc_mrr_at_20_std": 0.262439,
        "nauc_mrr_at_20_diff1": -0.061442,
        "nauc_mrr_at_100_max": 0.029539,
        "nauc_mrr_at_100_std": 0.261138,
        "nauc_mrr_at_100_diff1": -0.063315,
        "nauc_mrr_at_1000_max": 0.029539,
        "nauc_mrr_at_1000_std": 0.261138,
        "nauc_mrr_at_1000_diff1": -0.063315,
        "cv_recall_at_1": 0.67347,
        "cv_recall_at_3": 0.93878,
        "cv_recall_at_5": 0.97959,
        "cv_recall_at_10": 0.97959,
        "cv_recall_at_20": 0.97959,
        "cv_recall_at_100": 1.0,
        "cv_recall_at_1000": 1.0,
        "main_score": 0.48846,
        "hf_subset": "default",
        "languages": [
          "eng-Latn"
        ]
      }
    ]
  },
  "evaluation_time": 3437.97048664093,
  "kg_co2_emissions": null
}