{
  "dataset_revision": "5377aa18f309ec440ff6325a4c2cd3362c2cb8d7",
  "task_name": "ChemRxivRetrieval",
  "mteb_version": "2.7.1",
  "scores": {
    "test": [
      {
        "ndcg_at_1": 0.0344,
        "ndcg_at_3": 0.04571,
        "ndcg_at_5": 0.05097,
        "ndcg_at_10": 0.05759,
        "ndcg_at_20": 0.06254,
        "ndcg_at_100": 0.07411,
        "ndcg_at_1000": 0.09174,
        "map_at_1": 0.0344,
        "map_at_3": 0.0428,
        "map_at_5": 0.04571,
        "map_at_10": 0.04846,
        "map_at_20": 0.04981,
        "map_at_100": 0.05127,
        "map_at_1000": 0.05178,
        "recall_at_1": 0.0344,
        "recall_at_3": 0.0542,
        "recall_at_5": 0.067,
        "recall_at_10": 0.0874,
        "recall_at_20": 0.107,
        "recall_at_100": 0.1714,
        "recall_at_1000": 0.319,
        "accuracy": 0.0344,
        "precision_at_1": 0.0344,
        "precision_at_3": 0.01807,
        "precision_at_5": 0.0134,
        "precision_at_10": 0.00874,
        "precision_at_20": 0.00535,
        "precision_at_100": 0.00171,
        "precision_at_1000": 0.00032,
        "mrr_at_1": 0.0344,
        "mrr_at_3": 0.042833,
        "mrr_at_5": 0.045743,
        "mrr_at_10": 0.048484,
        "mrr_at_20": 0.049831,
        "mrr_at_100": 0.051295,
        "mrr_at_1000": 0.05181,
        "nauc_ndcg_at_1_max": 0.170818,
        "nauc_ndcg_at_1_std": 0.107461,
        "nauc_ndcg_at_1_diff1": 0.444478,
        "nauc_ndcg_at_3_max": 0.131966,
        "nauc_ndcg_at_3_std": 0.122276,
        "nauc_ndcg_at_3_diff1": 0.347278,
        "nauc_ndcg_at_5_max": 0.123691,
        "nauc_ndcg_at_5_std": 0.112233,
        "nauc_ndcg_at_5_diff1": 0.313294,
        "nauc_ndcg_at_10_max": 0.098234,
        "nauc_ndcg_at_10_std": 0.112551,
        "nauc_ndcg_at_10_diff1": 0.262595,
        "nauc_ndcg_at_20_max": 0.078906,
        "nauc_ndcg_at_20_std": 0.113366,
        "nauc_ndcg_at_20_diff1": 0.244649,
        "nauc_ndcg_at_100_max": 0.063177,
        "nauc_ndcg_at_100_std": 0.108934,
        "nauc_ndcg_at_100_diff1": 0.22163,
        "nauc_ndcg_at_1000_max": 0.050341,
        "nauc_ndcg_at_1000_std": 0.107433,
        "nauc_ndcg_at_1000_diff1": 0.206167,
        "nauc_map_at_1_max": 0.170818,
        "nauc_map_at_1_std": 0.107461,
        "nauc_map_at_1_diff1": 0.444478,
        "nauc_map_at_3_max": 0.140782,
        "nauc_map_at_3_std": 0.119242,
        "nauc_map_at_3_diff1": 0.366396,
        "nauc_map_at_5_max": 0.134996,
        "nauc_map_at_5_std": 0.113311,
        "nauc_map_at_5_diff1": 0.344194,
        "nauc_map_at_10_max": 0.121167,
        "nauc_map_at_10_std": 0.113788,
        "nauc_map_at_10_diff1": 0.317184,
        "nauc_map_at_20_max": 0.113577,
        "nauc_map_at_20_std": 0.114005,
        "nauc_map_at_20_diff1": 0.30973,
        "nauc_map_at_100_max": 0.110102,
        "nauc_map_at_100_std": 0.113544,
        "nauc_map_at_100_diff1": 0.304675,
        "nauc_map_at_1000_max": 0.109152,
        "nauc_map_at_1000_std": 0.113389,
        "nauc_map_at_1000_diff1": 0.303474,
        "nauc_recall_at_1_max": 0.170818,
        "nauc_recall_at_1_std": 0.107461,
        "nauc_recall_at_1_diff1": 0.444478,
        "nauc_recall_at_3_max": 0.111456,
        "nauc_recall_at_3_std": 0.129243,
        "nauc_recall_at_3_diff1": 0.303621,
        "nauc_recall_at_5_max": 0.100382,
        "nauc_recall_at_5_std": 0.109106,
        "nauc_recall_at_5_diff1": 0.249063,
        "nauc_recall_at_10_max": 0.055958,
        "nauc_recall_at_10_std": 0.109378,
        "nauc_recall_at_10_diff1": 0.161867,
        "nauc_recall_at_20_max": 0.019117,
        "nauc_recall_at_20_std": 0.111944,
        "nauc_recall_at_20_diff1": 0.136282,
        "nauc_recall_at_100_max": -0.004754,
        "nauc_recall_at_100_std": 0.099516,
        "nauc_recall_at_100_diff1": 0.106421,
        "nauc_recall_at_1000_max": -0.024663,
        "nauc_recall_at_1000_std": 0.097743,
        "nauc_recall_at_1000_diff1": 0.089901,
        "nauc_precision_at_1_max": 0.170818,
        "nauc_precision_at_1_std": 0.107461,
        "nauc_precision_at_1_diff1": 0.444478,
        "nauc_precision_at_3_max": 0.111456,
        "nauc_precision_at_3_std": 0.129243,
        "nauc_precision_at_3_diff1": 0.303621,
        "nauc_precision_at_5_max": 0.100382,
        "nauc_precision_at_5_std": 0.109106,
        "nauc_precision_at_5_diff1": 0.249063,
        "nauc_precision_at_10_max": 0.055958,
        "nauc_precision_at_10_std": 0.109378,
        "nauc_precision_at_10_diff1": 0.161867,
        "nauc_precision_at_20_max": 0.019117,
        "nauc_precision_at_20_std": 0.111944,
        "nauc_precision_at_20_diff1": 0.136282,
        "nauc_precision_at_100_max": -0.004754,
        "nauc_precision_at_100_std": 0.099516,
        "nauc_precision_at_100_diff1": 0.106421,
        "nauc_precision_at_1000_max": -0.024663,
        "nauc_precision_at_1000_std": 0.097743,
        "nauc_precision_at_1000_diff1": 0.089901,
        "nauc_mrr_at_1_max": 0.170818,
        "nauc_mrr_at_1_std": 0.107461,
        "nauc_mrr_at_1_diff1": 0.444478,
        "nauc_mrr_at_3_max": 0.14075,
        "nauc_mrr_at_3_std": 0.119095,
        "nauc_mrr_at_3_diff1": 0.365788,
        "nauc_mrr_at_5_max": 0.13497,
        "nauc_mrr_at_5_std": 0.113177,
        "nauc_mrr_at_5_diff1": 0.343641,
        "nauc_mrr_at_10_max": 0.121252,
        "nauc_mrr_at_10_std": 0.113723,
        "nauc_mrr_at_10_diff1": 0.316809,
        "nauc_mrr_at_20_max": 0.113664,
        "nauc_mrr_at_20_std": 0.113945,
        "nauc_mrr_at_20_diff1": 0.309379,
        "nauc_mrr_at_100_max": 0.11019,
        "nauc_mrr_at_100_std": 0.113477,
        "nauc_mrr_at_100_diff1": 0.304329,
        "nauc_mrr_at_1000_max": 0.10924,
        "nauc_mrr_at_1000_std": 0.113323,
        "nauc_mrr_at_1000_diff1": 0.30313,
        "cv_recall_at_1": 0.0344,
        "cv_recall_at_3": 0.0542,
        "cv_recall_at_5": 0.067,
        "cv_recall_at_10": 0.0874,
        "cv_recall_at_20": 0.107,
        "cv_recall_at_100": 0.1714,
        "cv_recall_at_1000": 0.319,
        "main_score": 0.05759,
        "hf_subset": "default",
        "languages": [
          "eng-Latn"
        ]
      }
    ]
  },
  "evaluation_time": 1039.2010543346405,
  "kg_co2_emissions": null
}