{
  "dataset_revision": "5377aa18f309ec440ff6325a4c2cd3362c2cb8d7",
  "task_name": "ChemRxivRetrieval",
  "mteb_version": "2.7.1",
  "scores": {
    "test": [
      {
        "ndcg_at_1": 0.6174,
        "ndcg_at_3": 0.72772,
        "ndcg_at_5": 0.75102,
        "ndcg_at_10": 0.7664,
        "ndcg_at_20": 0.77397,
        "ndcg_at_100": 0.78123,
        "ndcg_at_1000": 0.78377,
        "map_at_1": 0.6174,
        "map_at_3": 0.7012,
        "map_at_5": 0.71418,
        "map_at_10": 0.72066,
        "map_at_20": 0.72276,
        "map_at_100": 0.72383,
        "map_at_1000": 0.72393,
        "recall_at_1": 0.6174,
        "recall_at_3": 0.8042,
        "recall_at_5": 0.8606,
        "recall_at_10": 0.9074,
        "recall_at_20": 0.9372,
        "recall_at_100": 0.9754,
        "recall_at_1000": 0.9954,
        "accuracy": 0.6174,
        "precision_at_1": 0.6174,
        "precision_at_3": 0.26807,
        "precision_at_5": 0.17212,
        "precision_at_10": 0.09074,
        "precision_at_20": 0.04686,
        "precision_at_100": 0.00975,
        "precision_at_1000": 0.001,
        "mrr_at_1": 0.6178,
        "mrr_at_3": 0.701433,
        "mrr_at_5": 0.714333,
        "mrr_at_10": 0.720879,
        "mrr_at_20": 0.722979,
        "mrr_at_100": 0.724046,
        "mrr_at_1000": 0.724143,
        "nauc_ndcg_at_1_max": 0.316224,
        "nauc_ndcg_at_1_std": -0.102957,
        "nauc_ndcg_at_1_diff1": 0.695194,
        "nauc_ndcg_at_3_max": 0.36661,
        "nauc_ndcg_at_3_std": -0.094348,
        "nauc_ndcg_at_3_diff1": 0.64946,
        "nauc_ndcg_at_5_max": 0.380372,
        "nauc_ndcg_at_5_std": -0.079957,
        "nauc_ndcg_at_5_diff1": 0.655321,
        "nauc_ndcg_at_10_max": 0.384855,
        "nauc_ndcg_at_10_std": -0.066141,
        "nauc_ndcg_at_10_diff1": 0.656607,
        "nauc_ndcg_at_20_max": 0.383944,
        "nauc_ndcg_at_20_std": -0.063821,
        "nauc_ndcg_at_20_diff1": 0.65989,
        "nauc_ndcg_at_100_max": 0.37413,
        "nauc_ndcg_at_100_std": -0.070823,
        "nauc_ndcg_at_100_diff1": 0.662543,
        "nauc_ndcg_at_1000_max": 0.369555,
        "nauc_ndcg_at_1000_std": -0.075636,
        "nauc_ndcg_at_1000_diff1": 0.663274,
        "nauc_map_at_1_max": 0.316224,
        "nauc_map_at_1_std": -0.102957,
        "nauc_map_at_1_diff1": 0.695194,
        "nauc_map_at_3_max": 0.351118,
        "nauc_map_at_3_std": -0.098647,
        "nauc_map_at_3_diff1": 0.662198,
        "nauc_map_at_5_max": 0.357365,
        "nauc_map_at_5_std": -0.091446,
        "nauc_map_at_5_diff1": 0.665522,
        "nauc_map_at_10_max": 0.358529,
        "nauc_map_at_10_std": -0.08664,
        "nauc_map_at_10_diff1": 0.666235,
        "nauc_map_at_20_max": 0.35813,
        "nauc_map_at_20_std": -0.086358,
        "nauc_map_at_20_diff1": 0.667089,
        "nauc_map_at_100_max": 0.356928,
        "nauc_map_at_100_std": -0.086982,
        "nauc_map_at_100_diff1": 0.667451,
        "nauc_map_at_1000_max": 0.356787,
        "nauc_map_at_1000_std": -0.087109,
        "nauc_map_at_1000_diff1": 0.667477,
        "nauc_recall_at_1_max": 0.316224,
        "nauc_recall_at_1_std": -0.102957,
        "nauc_recall_at_1_diff1": 0.695194,
        "nauc_recall_at_3_max": 0.428288,
        "nauc_recall_at_3_std": -0.076342,
        "nauc_recall_at_3_diff1": 0.599457,
        "nauc_recall_at_5_max": 0.502605,
        "nauc_recall_at_5_std": -0.016419,
        "nauc_recall_at_5_diff1": 0.605074,
        "nauc_recall_at_10_max": 0.58541,
        "nauc_recall_at_10_std": 0.101331,
        "nauc_recall_at_10_diff1": 0.59095,
        "nauc_recall_at_20_max": 0.668205,
        "nauc_recall_at_20_std": 0.210322,
        "nauc_recall_at_20_diff1": 0.599078,
        "nauc_recall_at_100_max": 0.710445,
        "nauc_recall_at_100_std": 0.317995,
        "nauc_recall_at_100_diff1": 0.606959,
        "nauc_recall_at_1000_max": 0.730382,
        "nauc_recall_at_1000_std": 0.433666,
        "nauc_recall_at_1000_diff1": 0.583871,
        "nauc_precision_at_1_max": 0.316224,
        "nauc_precision_at_1_std": -0.102957,
        "nauc_precision_at_1_diff1": 0.695194,
        "nauc_precision_at_3_max": 0.428288,
        "nauc_precision_at_3_std": -0.076342,
        "nauc_precision_at_3_diff1": 0.599457,
        "nauc_precision_at_5_max": 0.502605,
        "nauc_precision_at_5_std": -0.016419,
        "nauc_precision_at_5_diff1": 0.605074,
        "nauc_precision_at_10_max": 0.58541,
        "nauc_precision_at_10_std": 0.101331,
        "nauc_precision_at_10_diff1": 0.59095,
        "nauc_precision_at_20_max": 0.668205,
        "nauc_precision_at_20_std": 0.210322,
        "nauc_precision_at_20_diff1": 0.599078,
        "nauc_precision_at_100_max": 0.710445,
        "nauc_precision_at_100_std": 0.317995,
        "nauc_precision_at_100_diff1": 0.606959,
        "nauc_precision_at_1000_max": 0.730382,
        "nauc_precision_at_1000_std": 0.433666,
        "nauc_precision_at_1000_diff1": 0.583871,
        "nauc_mrr_at_1_max": 0.317966,
        "nauc_mrr_at_1_std": -0.102164,
        "nauc_mrr_at_1_diff1": 0.694387,
        "nauc_mrr_at_3_max": 0.352389,
        "nauc_mrr_at_3_std": -0.097994,
        "nauc_mrr_at_3_diff1": 0.661661,
        "nauc_mrr_at_5_max": 0.358383,
        "nauc_mrr_at_5_std": -0.091239,
        "nauc_mrr_at_5_diff1": 0.665103,
        "nauc_mrr_at_10_max": 0.359682,
        "nauc_mrr_at_10_std": -0.086122,
        "nauc_mrr_at_10_diff1": 0.665695,
        "nauc_mrr_at_20_max": 0.359293,
        "nauc_mrr_at_20_std": -0.085834,
        "nauc_mrr_at_20_diff1": 0.666543,
        "nauc_mrr_at_100_max": 0.358097,
        "nauc_mrr_at_100_std": -0.086454,
        "nauc_mrr_at_100_diff1": 0.666903,
        "nauc_mrr_at_1000_max": 0.357957,
        "nauc_mrr_at_1000_std": -0.086581,
        "nauc_mrr_at_1000_diff1": 0.66693,
        "cv_recall_at_1": 0.6178,
        "cv_recall_at_3": 0.8042,
        "cv_recall_at_5": 0.8602,
        "cv_recall_at_10": 0.9074,
        "cv_recall_at_20": 0.9372,
        "cv_recall_at_100": 0.9754,
        "cv_recall_at_1000": 0.9954,
        "main_score": 0.7664,
        "hf_subset": "default",
        "languages": [
          "eng-Latn"
        ]
      }
    ]
  },
  "evaluation_time": 279.6559987068176,
  "kg_co2_emissions": null
}