{
  "dataset_revision": "5377aa18f309ec440ff6325a4c2cd3362c2cb8d7",
  "task_name": "ChemRxivRetrieval",
  "mteb_version": "2.7.8",
  "scores": {
    "test": [
      {
        "ndcg_at_1": 0.655,
        "ndcg_at_3": 0.75294,
        "ndcg_at_5": 0.77279,
        "ndcg_at_10": 0.78881,
        "ndcg_at_20": 0.79596,
        "ndcg_at_100": 0.80266,
        "ndcg_at_1000": 0.80457,
        "map_at_1": 0.655,
        "map_at_3": 0.72953,
        "map_at_5": 0.74059,
        "map_at_10": 0.74735,
        "map_at_20": 0.74931,
        "map_at_100": 0.7503,
        "map_at_1000": 0.75037,
        "recall_at_1": 0.655,
        "recall_at_3": 0.8204,
        "recall_at_5": 0.8684,
        "recall_at_10": 0.9172,
        "recall_at_20": 0.9454,
        "recall_at_100": 0.9808,
        "recall_at_1000": 0.9958,
        "accuracy": 0.655,
        "precision_at_1": 0.655,
        "precision_at_3": 0.27347,
        "precision_at_5": 0.17368,
        "precision_at_10": 0.09172,
        "precision_at_20": 0.04727,
        "precision_at_100": 0.00981,
        "precision_at_1000": 0.001,
        "mrr_at_1": 0.6552,
        "mrr_at_3": 0.729767,
        "mrr_at_5": 0.740727,
        "mrr_at_10": 0.74748,
        "mrr_at_20": 0.749446,
        "mrr_at_100": 0.750428,
        "mrr_at_1000": 0.7505,
        "nauc_ndcg_at_1_max": 0.369123,
        "nauc_ndcg_at_1_std": -0.154146,
        "nauc_ndcg_at_1_diff1": 0.728849,
        "nauc_ndcg_at_3_max": 0.400102,
        "nauc_ndcg_at_3_std": -0.161523,
        "nauc_ndcg_at_3_diff1": 0.686004,
        "nauc_ndcg_at_5_max": 0.410959,
        "nauc_ndcg_at_5_std": -0.146036,
        "nauc_ndcg_at_5_diff1": 0.685475,
        "nauc_ndcg_at_10_max": 0.418936,
        "nauc_ndcg_at_10_std": -0.13228,
        "nauc_ndcg_at_10_diff1": 0.689177,
        "nauc_ndcg_at_20_max": 0.418971,
        "nauc_ndcg_at_20_std": -0.129673,
        "nauc_ndcg_at_20_diff1": 0.6937,
        "nauc_ndcg_at_100_max": 0.409663,
        "nauc_ndcg_at_100_std": -0.136367,
        "nauc_ndcg_at_100_diff1": 0.697236,
        "nauc_ndcg_at_1000_max": 0.406092,
        "nauc_ndcg_at_1000_std": -0.140394,
        "nauc_ndcg_at_1000_diff1": 0.696987,
        "nauc_map_at_1_max": 0.369123,
        "nauc_map_at_1_std": -0.154146,
        "nauc_map_at_1_diff1": 0.728849,
        "nauc_map_at_3_max": 0.390191,
        "nauc_map_at_3_std": -0.160934,
        "nauc_map_at_3_diff1": 0.697843,
        "nauc_map_at_5_max": 0.395331,
        "nauc_map_at_5_std": -0.153184,
        "nauc_map_at_5_diff1": 0.698149,
        "nauc_map_at_10_max": 0.397527,
        "nauc_map_at_10_std": -0.148766,
        "nauc_map_at_10_diff1": 0.69966,
        "nauc_map_at_20_max": 0.397311,
        "nauc_map_at_20_std": -0.148287,
        "nauc_map_at_20_diff1": 0.700786,
        "nauc_map_at_100_max": 0.396135,
        "nauc_map_at_100_std": -0.149241,
        "nauc_map_at_100_diff1": 0.701216,
        "nauc_map_at_1000_max": 0.396033,
        "nauc_map_at_1000_std": -0.149328,
        "nauc_map_at_1000_diff1": 0.701208,
        "nauc_recall_at_1_max": 0.369123,
        "nauc_recall_at_1_std": -0.154146,
        "nauc_recall_at_1_diff1": 0.728849,
        "nauc_recall_at_3_max": 0.439955,
        "nauc_recall_at_3_std": -0.162966,
        "nauc_recall_at_3_diff1": 0.639377,
        "nauc_recall_at_5_max": 0.492844,
        "nauc_recall_at_5_std": -0.105039,
        "nauc_recall_at_5_diff1": 0.621676,
        "nauc_recall_at_10_max": 0.594275,
        "nauc_recall_at_10_std": 0.014865,
        "nauc_recall_at_10_diff1": 0.614787,
        "nauc_recall_at_20_max": 0.686109,
        "nauc_recall_at_20_std": 0.123224,
        "nauc_recall_at_20_diff1": 0.634457,
        "nauc_recall_at_100_max": 0.739306,
        "nauc_recall_at_100_std": 0.286444,
        "nauc_recall_at_100_diff1": 0.693851,
        "nauc_recall_at_1000_max": 0.772064,
        "nauc_recall_at_1000_std": 0.43902,
        "nauc_recall_at_1000_diff1": 0.610733,
        "nauc_precision_at_1_max": 0.369123,
        "nauc_precision_at_1_std": -0.154146,
        "nauc_precision_at_1_diff1": 0.728849,
        "nauc_precision_at_3_max": 0.439955,
        "nauc_precision_at_3_std": -0.162966,
        "nauc_precision_at_3_diff1": 0.639377,
        "nauc_precision_at_5_max": 0.492844,
        "nauc_precision_at_5_std": -0.105039,
        "nauc_precision_at_5_diff1": 0.621676,
        "nauc_precision_at_10_max": 0.594275,
        "nauc_precision_at_10_std": 0.014865,
        "nauc_precision_at_10_diff1": 0.614787,
        "nauc_precision_at_20_max": 0.686109,
        "nauc_precision_at_20_std": 0.123224,
        "nauc_precision_at_20_diff1": 0.634457,
        "nauc_precision_at_100_max": 0.739306,
        "nauc_precision_at_100_std": 0.286444,
        "nauc_precision_at_100_diff1": 0.693851,
        "nauc_precision_at_1000_max": 0.772064,
        "nauc_precision_at_1000_std": 0.43902,
        "nauc_precision_at_1000_diff1": 0.610733,
        "nauc_mrr_at_1_max": 0.370078,
        "nauc_mrr_at_1_std": -0.153809,
        "nauc_mrr_at_1_diff1": 0.728429,
        "nauc_mrr_at_3_max": 0.390835,
        "nauc_mrr_at_3_std": -0.160948,
        "nauc_mrr_at_3_diff1": 0.697434,
        "nauc_mrr_at_5_max": 0.39596,
        "nauc_mrr_at_5_std": -0.153025,
        "nauc_mrr_at_5_diff1": 0.697837,
        "nauc_mrr_at_10_max": 0.398175,
        "nauc_mrr_at_10_std": -0.148601,
        "nauc_mrr_at_10_diff1": 0.699339,
        "nauc_mrr_at_20_max": 0.397965,
        "nauc_mrr_at_20_std": -0.148121,
        "nauc_mrr_at_20_diff1": 0.700463,
        "nauc_mrr_at_100_max": 0.396792,
        "nauc_mrr_at_100_std": -0.149074,
        "nauc_mrr_at_100_diff1": 0.700892,
        "nauc_mrr_at_1000_max": 0.396689,
        "nauc_mrr_at_1000_std": -0.149161,
        "nauc_mrr_at_1000_diff1": 0.700884,
        "cv_recall_at_1": 0.6552,
        "cv_recall_at_3": 0.8208,
        "cv_recall_at_5": 0.8684,
        "cv_recall_at_10": 0.9172,
        "cv_recall_at_20": 0.9454,
        "cv_recall_at_100": 0.9808,
        "cv_recall_at_1000": 0.9958,
        "main_score": 0.78881,
        "hf_subset": "default",
        "languages": [
          "eng-Latn"
        ]
      }
    ]
  },
  "evaluation_time": 720.6664502620697,
  "kg_co2_emissions": null
}