{
  "dataset_revision": "5377aa18f309ec440ff6325a4c2cd3362c2cb8d7",
  "task_name": "ChemRxivRetrieval",
  "mteb_version": "2.7.8",
  "scores": {
    "test": [
      {
        "ndcg_at_1": 0.757,
        "ndcg_at_3": 0.84775,
        "ndcg_at_5": 0.86206,
        "ndcg_at_10": 0.87091,
        "ndcg_at_20": 0.87475,
        "ndcg_at_100": 0.87658,
        "ndcg_at_1000": 0.87698,
        "map_at_1": 0.757,
        "map_at_3": 0.8262,
        "map_at_5": 0.83417,
        "map_at_10": 0.83794,
        "map_at_20": 0.83901,
        "map_at_100": 0.8393,
        "map_at_1000": 0.83931,
        "recall_at_1": 0.757,
        "recall_at_3": 0.9098,
        "recall_at_5": 0.9444,
        "recall_at_10": 0.9712,
        "recall_at_20": 0.9862,
        "recall_at_100": 0.9956,
        "recall_at_1000": 0.9988,
        "accuracy": 0.757,
        "precision_at_1": 0.757,
        "precision_at_3": 0.30327,
        "precision_at_5": 0.18888,
        "precision_at_10": 0.09712,
        "precision_at_20": 0.04931,
        "precision_at_100": 0.00996,
        "precision_at_1000": 0.001,
        "mrr_at_1": 0.7572,
        "mrr_at_3": 0.826333,
        "mrr_at_5": 0.834273,
        "mrr_at_10": 0.838074,
        "mrr_at_20": 0.839148,
        "mrr_at_100": 0.839433,
        "mrr_at_1000": 0.839446,
        "nauc_ndcg_at_1_max": 0.347426,
        "nauc_ndcg_at_1_std": -0.251324,
        "nauc_ndcg_at_1_diff1": 0.788641,
        "nauc_ndcg_at_3_max": 0.391682,
        "nauc_ndcg_at_3_std": -0.269213,
        "nauc_ndcg_at_3_diff1": 0.755417,
        "nauc_ndcg_at_5_max": 0.400459,
        "nauc_ndcg_at_5_std": -0.262097,
        "nauc_ndcg_at_5_diff1": 0.763917,
        "nauc_ndcg_at_10_max": 0.398486,
        "nauc_ndcg_at_10_std": -0.252615,
        "nauc_ndcg_at_10_diff1": 0.766454,
        "nauc_ndcg_at_20_max": 0.392477,
        "nauc_ndcg_at_20_std": -0.248857,
        "nauc_ndcg_at_20_diff1": 0.766927,
        "nauc_ndcg_at_100_max": 0.38583,
        "nauc_ndcg_at_100_std": -0.251005,
        "nauc_ndcg_at_100_diff1": 0.767902,
        "nauc_ndcg_at_1000_max": 0.384061,
        "nauc_ndcg_at_1000_std": -0.25345,
        "nauc_ndcg_at_1000_diff1": 0.768412,
        "nauc_map_at_1_max": 0.347426,
        "nauc_map_at_1_std": -0.251324,
        "nauc_map_at_1_diff1": 0.788641,
        "nauc_map_at_3_max": 0.376068,
        "nauc_map_at_3_std": -0.26448,
        "nauc_map_at_3_diff1": 0.764762,
        "nauc_map_at_5_max": 0.379481,
        "nauc_map_at_5_std": -0.261084,
        "nauc_map_at_5_diff1": 0.769324,
        "nauc_map_at_10_max": 0.378438,
        "nauc_map_at_10_std": -0.257612,
        "nauc_map_at_10_diff1": 0.770374,
        "nauc_map_at_20_max": 0.376999,
        "nauc_map_at_20_std": -0.256638,
        "nauc_map_at_20_diff1": 0.770542,
        "nauc_map_at_100_max": 0.37614,
        "nauc_map_at_100_std": -0.256952,
        "nauc_map_at_100_diff1": 0.770661,
        "nauc_map_at_1000_max": 0.376096,
        "nauc_map_at_1000_std": -0.257016,
        "nauc_map_at_1000_diff1": 0.770683,
        "nauc_recall_at_1_max": 0.347426,
        "nauc_recall_at_1_std": -0.251324,
        "nauc_recall_at_1_diff1": 0.788641,
        "nauc_recall_at_3_max": 0.472717,
        "nauc_recall_at_3_std": -0.292701,
        "nauc_recall_at_3_diff1": 0.708536,
        "nauc_recall_at_5_max": 0.570683,
        "nauc_recall_at_5_std": -0.265608,
        "nauc_recall_at_5_diff1": 0.725633,
        "nauc_recall_at_10_max": 0.699846,
        "nauc_recall_at_10_std": -0.15626,
        "nauc_recall_at_10_diff1": 0.720504,
        "nauc_recall_at_20_max": 0.828895,
        "nauc_recall_at_20_std": 0.056638,
        "nauc_recall_at_20_diff1": 0.683277,
        "nauc_recall_at_100_max": 0.896783,
        "nauc_recall_at_100_std": 0.445739,
        "nauc_recall_at_100_diff1": 0.635409,
        "nauc_recall_at_1000_max": 0.885621,
        "nauc_recall_at_1000_std": 0.438298,
        "nauc_recall_at_1000_diff1": 0.609088,
        "nauc_precision_at_1_max": 0.347426,
        "nauc_precision_at_1_std": -0.251324,
        "nauc_precision_at_1_diff1": 0.788641,
        "nauc_precision_at_3_max": 0.472717,
        "nauc_precision_at_3_std": -0.292701,
        "nauc_precision_at_3_diff1": 0.708536,
        "nauc_precision_at_5_max": 0.570683,
        "nauc_precision_at_5_std": -0.265608,
        "nauc_precision_at_5_diff1": 0.725633,
        "nauc_precision_at_10_max": 0.699846,
        "nauc_precision_at_10_std": -0.15626,
        "nauc_precision_at_10_diff1": 0.720504,
        "nauc_precision_at_20_max": 0.828895,
        "nauc_precision_at_20_std": 0.056638,
        "nauc_precision_at_20_diff1": 0.683277,
        "nauc_precision_at_100_max": 0.896783,
        "nauc_precision_at_100_std": 0.445739,
        "nauc_precision_at_100_diff1": 0.635409,
        "nauc_precision_at_1000_max": 0.885621,
        "nauc_precision_at_1000_std": 0.438298,
        "nauc_precision_at_1000_diff1": 0.609088,
        "nauc_mrr_at_1_max": 0.349254,
        "nauc_mrr_at_1_std": -0.251334,
        "nauc_mrr_at_1_diff1": 0.788246,
        "nauc_mrr_at_3_max": 0.377239,
        "nauc_mrr_at_3_std": -0.264423,
        "nauc_mrr_at_3_diff1": 0.76444,
        "nauc_mrr_at_5_max": 0.380763,
        "nauc_mrr_at_5_std": -0.261158,
        "nauc_mrr_at_5_diff1": 0.769043,
        "nauc_mrr_at_10_max": 0.379713,
        "nauc_mrr_at_10_std": -0.257486,
        "nauc_mrr_at_10_diff1": 0.770035,
        "nauc_mrr_at_20_max": 0.378282,
        "nauc_mrr_at_20_std": -0.256511,
        "nauc_mrr_at_20_diff1": 0.7702,
        "nauc_mrr_at_100_max": 0.377425,
        "nauc_mrr_at_100_std": -0.256823,
        "nauc_mrr_at_100_diff1": 0.770319,
        "nauc_mrr_at_1000_max": 0.377381,
        "nauc_mrr_at_1000_std": -0.256887,
        "nauc_mrr_at_1000_diff1": 0.770341,
        "cv_recall_at_1": 0.7572,
        "cv_recall_at_3": 0.9098,
        "cv_recall_at_5": 0.9442,
        "cv_recall_at_10": 0.9712,
        "cv_recall_at_20": 0.9862,
        "cv_recall_at_100": 0.9956,
        "cv_recall_at_1000": 0.9988,
        "main_score": 0.87091,
        "hf_subset": "default",
        "languages": [
          "eng-Latn"
        ]
      }
    ]
  },
  "evaluation_time": 1331.1136965751648,
  "kg_co2_emissions": null
}