{
  "dataset_revision": "5377aa18f309ec440ff6325a4c2cd3362c2cb8d7",
  "task_name": "ChemRxivRetrieval",
  "mteb_version": "2.7.12",
  "scores": {
    "test": [
      {
        "ndcg_at_1": 0.8184,
        "ndcg_at_3": 0.88736,
        "ndcg_at_5": 0.89691,
        "ndcg_at_10": 0.90265,
        "ndcg_at_20": 0.90585,
        "ndcg_at_100": 0.90761,
        "ndcg_at_1000": 0.90817,
        "map_at_1": 0.8184,
        "map_at_3": 0.8712,
        "map_at_5": 0.87655,
        "map_at_10": 0.87898,
        "map_at_20": 0.87989,
        "map_at_100": 0.88016,
        "map_at_1000": 0.88018,
        "recall_at_1": 0.8184,
        "recall_at_3": 0.9338,
        "recall_at_5": 0.9568,
        "recall_at_10": 0.9742,
        "recall_at_20": 0.9866,
        "recall_at_100": 0.9958,
        "recall_at_1000": 1.0,
        "accuracy": 0.8184,
        "precision_at_1": 0.8184,
        "precision_at_3": 0.31127,
        "precision_at_5": 0.19136,
        "precision_at_10": 0.09742,
        "precision_at_20": 0.04933,
        "precision_at_100": 0.00996,
        "precision_at_1000": 0.001,
        "mrr_at_1": 0.8188,
        "mrr_at_3": 0.871333,
        "mrr_at_5": 0.876813,
        "mrr_at_10": 0.879174,
        "mrr_at_20": 0.880089,
        "mrr_at_100": 0.880357,
        "mrr_at_1000": 0.880382,
        "nauc_ndcg_at_1_max": 0.505752,
        "nauc_ndcg_at_1_std": -0.269186,
        "nauc_ndcg_at_1_diff1": 0.832564,
        "nauc_ndcg_at_3_max": 0.565878,
        "nauc_ndcg_at_3_std": -0.271265,
        "nauc_ndcg_at_3_diff1": 0.809347,
        "nauc_ndcg_at_5_max": 0.562186,
        "nauc_ndcg_at_5_std": -0.272673,
        "nauc_ndcg_at_5_diff1": 0.81231,
        "nauc_ndcg_at_10_max": 0.560413,
        "nauc_ndcg_at_10_std": -0.264972,
        "nauc_ndcg_at_10_diff1": 0.814616,
        "nauc_ndcg_at_20_max": 0.556053,
        "nauc_ndcg_at_20_std": -0.264037,
        "nauc_ndcg_at_20_diff1": 0.816755,
        "nauc_ndcg_at_100_max": 0.550503,
        "nauc_ndcg_at_100_std": -0.264372,
        "nauc_ndcg_at_100_diff1": 0.81629,
        "nauc_ndcg_at_1000_max": 0.548275,
        "nauc_ndcg_at_1000_std": -0.266771,
        "nauc_ndcg_at_1000_diff1": 0.816899,
        "nauc_map_at_1_max": 0.505752,
        "nauc_map_at_1_std": -0.269186,
        "nauc_map_at_1_diff1": 0.832564,
        "nauc_map_at_3_max": 0.546771,
        "nauc_map_at_3_std": -0.27145,
        "nauc_map_at_3_diff1": 0.815445,
        "nauc_map_at_5_max": 0.544258,
        "nauc_map_at_5_std": -0.271926,
        "nauc_map_at_5_diff1": 0.817153,
        "nauc_map_at_10_max": 0.543291,
        "nauc_map_at_10_std": -0.269194,
        "nauc_map_at_10_diff1": 0.818053,
        "nauc_map_at_20_max": 0.542229,
        "nauc_map_at_20_std": -0.268911,
        "nauc_map_at_20_diff1": 0.818553,
        "nauc_map_at_100_max": 0.541546,
        "nauc_map_at_100_std": -0.268888,
        "nauc_map_at_100_diff1": 0.818478,
        "nauc_map_at_1000_max": 0.541469,
        "nauc_map_at_1000_std": -0.26895,
        "nauc_map_at_1000_diff1": 0.8185,
        "nauc_recall_at_1_max": 0.505752,
        "nauc_recall_at_1_std": -0.269186,
        "nauc_recall_at_1_diff1": 0.832564,
        "nauc_recall_at_3_max": 0.66797,
        "nauc_recall_at_3_std": -0.269594,
        "nauc_recall_at_3_diff1": 0.7778,
        "nauc_recall_at_5_max": 0.700937,
        "nauc_recall_at_5_std": -0.278688,
        "nauc_recall_at_5_diff1": 0.776926,
        "nauc_recall_at_10_max": 0.774731,
        "nauc_recall_at_10_std": -0.199795,
        "nauc_recall_at_10_diff1": 0.778111,
        "nauc_recall_at_20_max": 0.85623,
        "nauc_recall_at_20_std": -0.121605,
        "nauc_recall_at_20_diff1": 0.800549,
        "nauc_recall_at_100_max": 0.89996,
        "nauc_recall_at_100_std": 0.129763,
        "nauc_recall_at_100_diff1": 0.720666,
        "nauc_recall_at_1000_max": NaN,
        "nauc_recall_at_1000_std": NaN,
        "nauc_recall_at_1000_diff1": NaN,
        "nauc_precision_at_1_max": 0.505752,
        "nauc_precision_at_1_std": -0.269186,
        "nauc_precision_at_1_diff1": 0.832564,
        "nauc_precision_at_3_max": 0.66797,
        "nauc_precision_at_3_std": -0.269594,
        "nauc_precision_at_3_diff1": 0.7778,
        "nauc_precision_at_5_max": 0.700937,
        "nauc_precision_at_5_std": -0.278688,
        "nauc_precision_at_5_diff1": 0.776926,
        "nauc_precision_at_10_max": 0.774731,
        "nauc_precision_at_10_std": -0.199795,
        "nauc_precision_at_10_diff1": 0.778111,
        "nauc_precision_at_20_max": 0.85623,
        "nauc_precision_at_20_std": -0.121605,
        "nauc_precision_at_20_diff1": 0.800549,
        "nauc_precision_at_100_max": 0.89996,
        "nauc_precision_at_100_std": 0.129763,
        "nauc_precision_at_100_diff1": 0.720666,
        "nauc_precision_at_1000_max": 1.0,
        "nauc_precision_at_1000_std": 1.0,
        "nauc_precision_at_1000_diff1": 1.0,
        "nauc_mrr_at_1_max": 0.507644,
        "nauc_mrr_at_1_std": -0.267839,
        "nauc_mrr_at_1_diff1": 0.831916,
        "nauc_mrr_at_3_max": 0.548035,
        "nauc_mrr_at_3_std": -0.270997,
        "nauc_mrr_at_3_diff1": 0.815073,
        "nauc_mrr_at_5_max": 0.545487,
        "nauc_mrr_at_5_std": -0.270795,
        "nauc_mrr_at_5_diff1": 0.816781,
        "nauc_mrr_at_10_max": 0.544689,
        "nauc_mrr_at_10_std": -0.268278,
        "nauc_mrr_at_10_diff1": 0.817595,
        "nauc_mrr_at_20_max": 0.543637,
        "nauc_mrr_at_20_std": -0.267988,
        "nauc_mrr_at_20_diff1": 0.818092,
        "nauc_mrr_at_100_max": 0.542955,
        "nauc_mrr_at_100_std": -0.267962,
        "nauc_mrr_at_100_diff1": 0.818016,
        "nauc_mrr_at_1000_max": 0.542879,
        "nauc_mrr_at_1000_std": -0.268024,
        "nauc_mrr_at_1000_diff1": 0.818038,
        "cv_recall_at_1": 0.8188,
        "cv_recall_at_3": 0.9336,
        "cv_recall_at_5": 0.9572,
        "cv_recall_at_10": 0.9742,
        "cv_recall_at_20": 0.9866,
        "cv_recall_at_100": 0.9958,
        "cv_recall_at_1000": 1.0,
        "main_score": 0.90265,
        "hf_subset": "default",
        "languages": [
          "eng-Latn"
        ]
      }
    ]
  },
  "evaluation_time": 573.7257480621338,
  "kg_co2_emissions": null
}