{
  "dataset_revision": "7fb14716e4106b72f51a16e682e5cd2d67e9bd70",
  "task_name": "PubChemWikiParagraphsPC",
  "mteb_version": "2.7.12",
  "scores": {
    "test": [
      {
        "similarity_accuracy": 0.899414,
        "similarity_f1": 0.352227,
        "similarity_precision": 0.301038,
        "similarity_recall": 0.42439,
        "similarity_ap": 0.228206,
        "cosine_accuracy": 0.899414,
        "cosine_f1": 0.352227,
        "cosine_precision": 0.301038,
        "cosine_recall": 0.42439,
        "cosine_ap": 0.228206,
        "manhattan_accuracy": 0.899414,
        "manhattan_f1": 0.356061,
        "manhattan_precision": 0.291022,
        "manhattan_recall": 0.458537,
        "manhattan_ap": 0.226599,
        "euclidean_accuracy": 0.899414,
        "euclidean_f1": 0.352227,
        "euclidean_precision": 0.301038,
        "euclidean_recall": 0.42439,
        "euclidean_ap": 0.228206,
        "dot_accuracy": 0.899414,
        "dot_f1": 0.352227,
        "dot_precision": 0.301038,
        "dot_recall": 0.42439,
        "dot_ap": 0.228206,
        "max_accuracy": 0.899414,
        "max_f1": 0.356061,
        "max_precision": 0.301038,
        "max_recall": 0.458537,
        "max_ap": 0.228206,
        "main_score": 0.228206,
        "hf_subset": "default",
        "languages": [
          "eng-Latn"
        ]
      }
    ]
  },
  "evaluation_time": 11.149358749389648,
  "kg_co2_emissions": null
}