{
  "dataset_revision": "3412b208896a37e4ebb5ff7b96f6cc313ee9d2e3",
  "task_name": "PubChemWikiPairClassification",
  "mteb_version": "2.7.12",
  "scores": {
    "test": [
      {
        "similarity_accuracy": 0.976834,
        "similarity_f1": 0.880259,
        "similarity_precision": 0.888889,
        "similarity_recall": 0.871795,
        "similarity_ap": 0.943823,
        "cosine_accuracy": 0.976834,
        "cosine_f1": 0.880259,
        "cosine_precision": 0.888889,
        "cosine_recall": 0.871795,
        "cosine_ap": 0.943823,
        "manhattan_accuracy": 0.976834,
        "manhattan_f1": 0.878378,
        "manhattan_precision": 0.928571,
        "manhattan_recall": 0.833333,
        "manhattan_ap": 0.940296,
        "euclidean_accuracy": 0.976834,
        "euclidean_f1": 0.880259,
        "euclidean_precision": 0.888889,
        "euclidean_recall": 0.871795,
        "euclidean_ap": 0.943823,
        "dot_accuracy": 0.976834,
        "dot_f1": 0.880259,
        "dot_precision": 0.888889,
        "dot_recall": 0.871795,
        "dot_ap": 0.943823,
        "max_accuracy": 0.976834,
        "max_f1": 0.880259,
        "max_precision": 0.928571,
        "max_recall": 0.871795,
        "max_ap": 0.943823,
        "main_score": 0.943823,
        "hf_subset": "de",
        "languages": [
          "deu-Latn",
          "eng-Latn"
        ]
      },
      {
        "similarity_accuracy": 0.974586,
        "similarity_f1": 0.872928,
        "similarity_precision": 0.877778,
        "similarity_recall": 0.868132,
        "similarity_ap": 0.93417,
        "cosine_accuracy": 0.974586,
        "cosine_f1": 0.872928,
        "cosine_precision": 0.877778,
        "cosine_recall": 0.868132,
        "cosine_ap": 0.93417,
        "manhattan_accuracy": 0.974586,
        "manhattan_f1": 0.872928,
        "manhattan_precision": 0.877778,
        "manhattan_recall": 0.868132,
        "manhattan_ap": 0.928575,
        "euclidean_accuracy": 0.974586,
        "euclidean_f1": 0.872928,
        "euclidean_precision": 0.877778,
        "euclidean_recall": 0.868132,
        "euclidean_ap": 0.93417,
        "dot_accuracy": 0.974586,
        "dot_f1": 0.872928,
        "dot_precision": 0.877778,
        "dot_recall": 0.868132,
        "dot_ap": 0.93417,
        "max_accuracy": 0.974586,
        "max_f1": 0.872928,
        "max_precision": 0.877778,
        "max_recall": 0.868132,
        "max_ap": 0.93417,
        "main_score": 0.93417,
        "hf_subset": "nl",
        "languages": [
          "nld-Latn",
          "eng-Latn"
        ]
      },
      {
        "similarity_accuracy": 0.945215,
        "similarity_f1": 0.696629,
        "similarity_precision": 0.762295,
        "similarity_recall": 0.641379,
        "similarity_ap": 0.736897,
        "cosine_accuracy": 0.945215,
        "cosine_f1": 0.696629,
        "cosine_precision": 0.762295,
        "cosine_recall": 0.641379,
        "cosine_ap": 0.736897,
        "manhattan_accuracy": 0.943135,
        "manhattan_f1": 0.687075,
        "manhattan_precision": 0.677852,
        "manhattan_recall": 0.696552,
        "manhattan_ap": 0.724391,
        "euclidean_accuracy": 0.945215,
        "euclidean_f1": 0.696629,
        "euclidean_precision": 0.762295,
        "euclidean_recall": 0.641379,
        "euclidean_ap": 0.736897,
        "dot_accuracy": 0.945215,
        "dot_f1": 0.696629,
        "dot_precision": 0.762295,
        "dot_recall": 0.641379,
        "dot_ap": 0.736897,
        "max_accuracy": 0.945215,
        "max_f1": 0.696629,
        "max_precision": 0.762295,
        "max_recall": 0.696552,
        "max_ap": 0.736897,
        "main_score": 0.736897,
        "hf_subset": "zh",
        "languages": [
          "zho-Hans",
          "eng-Latn"
        ]
      },
      {
        "similarity_accuracy": 0.980088,
        "similarity_f1": 0.89781,
        "similarity_precision": 0.891304,
        "similarity_recall": 0.904412,
        "similarity_ap": 0.951186,
        "cosine_accuracy": 0.980088,
        "cosine_f1": 0.89781,
        "cosine_precision": 0.891304,
        "cosine_recall": 0.904412,
        "cosine_ap": 0.951186,
        "manhattan_accuracy": 0.979351,
        "manhattan_f1": 0.890625,
        "manhattan_precision": 0.95,
        "manhattan_recall": 0.838235,
        "manhattan_ap": 0.94655,
        "euclidean_accuracy": 0.980088,
        "euclidean_f1": 0.89781,
        "euclidean_precision": 0.891304,
        "euclidean_recall": 0.904412,
        "euclidean_ap": 0.951186,
        "dot_accuracy": 0.980088,
        "dot_f1": 0.89781,
        "dot_precision": 0.891304,
        "dot_recall": 0.904412,
        "dot_ap": 0.951186,
        "max_accuracy": 0.980088,
        "max_f1": 0.89781,
        "max_precision": 0.95,
        "max_recall": 0.904412,
        "max_ap": 0.951186,
        "main_score": 0.951186,
        "hf_subset": "fr",
        "languages": [
          "fra-Latn",
          "eng-Latn"
        ]
      },
      {
        "similarity_accuracy": 0.969131,
        "similarity_f1": 0.831858,
        "similarity_precision": 0.921569,
        "similarity_recall": 0.758065,
        "similarity_ap": 0.893864,
        "cosine_accuracy": 0.969131,
        "cosine_f1": 0.831858,
        "cosine_precision": 0.921569,
        "cosine_recall": 0.758065,
        "cosine_ap": 0.893864,
        "manhattan_accuracy": 0.968318,
        "manhattan_f1": 0.831169,
        "manhattan_precision": 0.897196,
        "manhattan_recall": 0.774194,
        "manhattan_ap": 0.892311,
        "euclidean_accuracy": 0.969131,
        "euclidean_f1": 0.831858,
        "euclidean_precision": 0.921569,
        "euclidean_recall": 0.758065,
        "euclidean_ap": 0.893864,
        "dot_accuracy": 0.969131,
        "dot_f1": 0.831858,
        "dot_precision": 0.921569,
        "dot_recall": 0.758065,
        "dot_ap": 0.893864,
        "max_accuracy": 0.969131,
        "max_f1": 0.831858,
        "max_precision": 0.921569,
        "max_recall": 0.774194,
        "max_ap": 0.893864,
        "main_score": 0.893864,
        "hf_subset": "es",
        "languages": [
          "spa-Latn",
          "eng-Latn"
        ]
      },
      {
        "similarity_accuracy": 0.953908,
        "similarity_f1": 0.753927,
        "similarity_precision": 0.791209,
        "similarity_recall": 0.72,
        "similarity_ap": 0.797351,
        "cosine_accuracy": 0.953908,
        "cosine_f1": 0.753927,
        "cosine_precision": 0.791209,
        "cosine_recall": 0.72,
        "cosine_ap": 0.797351,
        "manhattan_accuracy": 0.95491,
        "manhattan_f1": 0.748603,
        "manhattan_precision": 0.848101,
        "manhattan_recall": 0.67,
        "manhattan_ap": 0.783632,
        "euclidean_accuracy": 0.953908,
        "euclidean_f1": 0.753927,
        "euclidean_precision": 0.791209,
        "euclidean_recall": 0.72,
        "euclidean_ap": 0.797351,
        "dot_accuracy": 0.953908,
        "dot_f1": 0.753927,
        "dot_precision": 0.791209,
        "dot_recall": 0.72,
        "dot_ap": 0.797351,
        "max_accuracy": 0.95491,
        "max_f1": 0.753927,
        "max_precision": 0.848101,
        "max_recall": 0.72,
        "max_ap": 0.797351,
        "main_score": 0.797351,
        "hf_subset": "pt",
        "languages": [
          "por-Latn",
          "eng-Latn"
        ]
      },
      {
        "similarity_accuracy": 0.953125,
        "similarity_f1": 0.709677,
        "similarity_precision": 1.0,
        "similarity_recall": 0.55,
        "similarity_ap": 0.732283,
        "cosine_accuracy": 0.953125,
        "cosine_f1": 0.709677,
        "cosine_precision": 1.0,
        "cosine_recall": 0.55,
        "cosine_ap": 0.732283,
        "manhattan_accuracy": 0.947917,
        "manhattan_f1": 0.702703,
        "manhattan_precision": 0.764706,
        "manhattan_recall": 0.65,
        "manhattan_ap": 0.725317,
        "euclidean_accuracy": 0.953125,
        "euclidean_f1": 0.709677,
        "euclidean_precision": 1.0,