{
  "dataset_revision": "5377aa18f309ec440ff6325a4c2cd3362c2cb8d7",
  "task_name": "ChemRxivRetrieval",
  "mteb_version": "2.7.1",
  "scores": {
    "test": [
      {
        "ndcg_at_1": 0.6194,
        "ndcg_at_3": 0.7233,
        "ndcg_at_5": 0.74621,
        "ndcg_at_10": 0.7613,
        "ndcg_at_20": 0.76935,
        "ndcg_at_100": 0.7776,
        "ndcg_at_1000": 0.78048,
        "map_at_1": 0.6194,
        "map_at_3": 0.69837,
        "map_at_5": 0.71114,
        "map_at_10": 0.71738,
        "map_at_20": 0.71967,
        "map_at_100": 0.72088,
        "map_at_1000": 0.721,
        "recall_at_1": 0.6194,
        "recall_at_3": 0.7952,
        "recall_at_5": 0.8506,
        "recall_at_10": 0.8972,
        "recall_at_20": 0.9284,
        "recall_at_100": 0.9718,
        "recall_at_1000": 0.9942,
        "accuracy": 0.6194,
        "precision_at_1": 0.6194,
        "precision_at_3": 0.26507,
        "precision_at_5": 0.17012,
        "precision_at_10": 0.08972,
        "precision_at_20": 0.04642,
        "precision_at_100": 0.00972,
        "precision_at_1000": 0.00099,
        "mrr_at_1": 0.6198,
        "mrr_at_3": 0.698567,
        "mrr_at_5": 0.711347,
        "mrr_at_10": 0.717621,
        "mrr_at_20": 0.71992,
        "mrr_at_100": 0.72113,
        "mrr_at_1000": 0.721241,
        "nauc_ndcg_at_1_max": 0.41166,
        "nauc_ndcg_at_1_std": -0.100059,
        "nauc_ndcg_at_1_diff1": 0.699965,
        "nauc_ndcg_at_3_max": 0.443133,
        "nauc_ndcg_at_3_std": -0.08054,
        "nauc_ndcg_at_3_diff1": 0.654998,
        "nauc_ndcg_at_5_max": 0.460346,
        "nauc_ndcg_at_5_std": -0.071302,
        "nauc_ndcg_at_5_diff1": 0.65635,
        "nauc_ndcg_at_10_max": 0.461755,
        "nauc_ndcg_at_10_std": -0.061248,
        "nauc_ndcg_at_10_diff1": 0.657779,
        "nauc_ndcg_at_20_max": 0.460616,
        "nauc_ndcg_at_20_std": -0.059,
        "nauc_ndcg_at_20_diff1": 0.661358,
        "nauc_ndcg_at_100_max": 0.454483,
        "nauc_ndcg_at_100_std": -0.06486,
        "nauc_ndcg_at_100_diff1": 0.66384,
        "nauc_ndcg_at_1000_max": 0.450486,
        "nauc_ndcg_at_1000_std": -0.06944,
        "nauc_ndcg_at_1000_diff1": 0.665058,
        "nauc_map_at_1_max": 0.41166,
        "nauc_map_at_1_std": -0.100059,
        "nauc_map_at_1_diff1": 0.699965,
        "nauc_map_at_3_max": 0.433784,
        "nauc_map_at_3_std": -0.08662,
        "nauc_map_at_3_diff1": 0.667017,
        "nauc_map_at_5_max": 0.441958,
        "nauc_map_at_5_std": -0.082377,
        "nauc_map_at_5_diff1": 0.668232,
        "nauc_map_at_10_max": 0.442076,
        "nauc_map_at_10_std": -0.078916,
        "nauc_map_at_10_diff1": 0.669059,
        "nauc_map_at_20_max": 0.441594,
        "nauc_map_at_20_std": -0.07861,
        "nauc_map_at_20_diff1": 0.669999,
        "nauc_map_at_100_max": 0.440746,
        "nauc_map_at_100_std": -0.079527,
        "nauc_map_at_100_diff1": 0.670295,
        "nauc_map_at_1000_max": 0.440617,
        "nauc_map_at_1000_std": -0.079655,
        "nauc_map_at_1000_diff1": 0.670331,
        "nauc_recall_at_1_max": 0.41166,
        "nauc_recall_at_1_std": -0.100059,
        "nauc_recall_at_1_diff1": 0.699965,
        "nauc_recall_at_3_max": 0.479202,
        "nauc_recall_at_3_std": -0.056934,
        "nauc_recall_at_3_diff1": 0.609343,
        "nauc_recall_at_5_max": 0.554656,
        "nauc_recall_at_5_std": -0.014351,
        "nauc_recall_at_5_diff1": 0.599185,
        "nauc_recall_at_10_max": 0.60019,
        "nauc_recall_at_10_std": 0.068553,
        "nauc_recall_at_10_diff1": 0.584882,
        "nauc_recall_at_20_max": 0.64812,
        "nauc_recall_at_20_std": 0.149687,
        "nauc_recall_at_20_diff1": 0.592131,
        "nauc_recall_at_100_max": 0.723441,
        "nauc_recall_at_100_std": 0.277099,
        "nauc_recall_at_100_diff1": 0.57765,
        "nauc_recall_at_1000_max": 0.763692,
        "nauc_recall_at_1000_std": 0.407708,
        "nauc_recall_at_1000_diff1": 0.552223,
        "nauc_precision_at_1_max": 0.41166,
        "nauc_precision_at_1_std": -0.100059,
        "nauc_precision_at_1_diff1": 0.699965,
        "nauc_precision_at_3_max": 0.479202,
        "nauc_precision_at_3_std": -0.056934,
        "nauc_precision_at_3_diff1": 0.609343,
        "nauc_precision_at_5_max": 0.554656,
        "nauc_precision_at_5_std": -0.014351,
        "nauc_precision_at_5_diff1": 0.599185,
        "nauc_precision_at_10_max": 0.60019,
        "nauc_precision_at_10_std": 0.068553,
        "nauc_precision_at_10_diff1": 0.584882,
        "nauc_precision_at_20_max": 0.64812,
        "nauc_precision_at_20_std": 0.149687,
        "nauc_precision_at_20_diff1": 0.592131,
        "nauc_precision_at_100_max": 0.723441,
        "nauc_precision_at_100_std": 0.277099,
        "nauc_precision_at_100_diff1": 0.57765,
        "nauc_precision_at_1000_max": 0.763692,
        "nauc_precision_at_1000_std": 0.407708,
        "nauc_precision_at_1000_diff1": 0.552223,
        "nauc_mrr_at_1_max": 0.412832,
        "nauc_mrr_at_1_std": -0.099648,
        "nauc_mrr_at_1_diff1": 0.699159,
        "nauc_mrr_at_3_max": 0.434234,
        "nauc_mrr_at_3_std": -0.086074,
        "nauc_mrr_at_3_diff1": 0.666554,
        "nauc_mrr_at_5_max": 0.44278,
        "nauc_mrr_at_5_std": -0.081826,
        "nauc_mrr_at_5_diff1": 0.667711,
        "nauc_mrr_at_10_max": 0.442867,
        "nauc_mrr_at_10_std": -0.078332,
        "nauc_mrr_at_10_diff1": 0.668468,
        "nauc_mrr_at_20_max": 0.442368,
        "nauc_mrr_at_20_std": -0.078035,
        "nauc_mrr_at_20_diff1": 0.669396,
        "nauc_mrr_at_100_max": 0.441547,
        "nauc_mrr_at_100_std": -0.07894,
        "nauc_mrr_at_100_diff1": 0.669697,
        "nauc_mrr_at_1000_max": 0.441418,
        "nauc_mrr_at_1000_std": -0.079068,
        "nauc_mrr_at_1000_diff1": 0.669732,
        "cv_recall_at_1": 0.6198,
        "cv_recall_at_3": 0.795,
        "cv_recall_at_5": 0.8504,
        "cv_recall_at_10": 0.8972,
        "cv_recall_at_20": 0.9286,
        "cv_recall_at_100": 0.9718,
        "cv_recall_at_1000": 0.9942,
        "main_score": 0.7613,
        "hf_subset": "default",
        "languages": [
          "eng-Latn"
        ]
      }
    ]
  },
  "evaluation_time": 267.2181329727173,
  "kg_co2_emissions": null
}