{
  "dataset_revision": "5377aa18f309ec440ff6325a4c2cd3362c2cb8d7",
  "task_name": "ChemRxivRetrieval",
  "mteb_version": "2.7.1",
  "scores": {
    "test": [
      {
        "ndcg_at_1": 0.6628,
        "ndcg_at_3": 0.75838,
        "ndcg_at_5": 0.7796,
        "ndcg_at_10": 0.79386,
        "ndcg_at_20": 0.80086,
        "ndcg_at_100": 0.80714,
        "ndcg_at_1000": 0.80917,
        "map_at_1": 0.6628,
        "map_at_3": 0.73523,
        "map_at_5": 0.74709,
        "map_at_10": 0.75307,
        "map_at_20": 0.75503,
        "map_at_100": 0.75593,
        "map_at_1000": 0.75601,
        "recall_at_1": 0.6628,
        "recall_at_3": 0.8252,
        "recall_at_5": 0.8764,
        "recall_at_10": 0.92,
        "recall_at_20": 0.9474,
        "recall_at_100": 0.9808,
        "recall_at_1000": 0.9966,
        "accuracy": 0.6628,
        "precision_at_1": 0.6628,
        "precision_at_3": 0.27507,
        "precision_at_5": 0.17528,
        "precision_at_10": 0.092,
        "precision_at_20": 0.04737,
        "precision_at_100": 0.00981,
        "precision_at_1000": 0.001,
        "mrr_at_1": 0.6632,
        "mrr_at_3": 0.735567,
        "mrr_at_5": 0.747287,
        "mrr_at_10": 0.753292,
        "mrr_at_20": 0.755259,
        "mrr_at_100": 0.756154,
        "mrr_at_1000": 0.756235,
        "nauc_ndcg_at_1_max": 0.384536,
        "nauc_ndcg_at_1_std": -0.145046,
        "nauc_ndcg_at_1_diff1": 0.724544,
        "nauc_ndcg_at_3_max": 0.412708,
        "nauc_ndcg_at_3_std": -0.147403,
        "nauc_ndcg_at_3_diff1": 0.672983,
        "nauc_ndcg_at_5_max": 0.423561,
        "nauc_ndcg_at_5_std": -0.141909,
        "nauc_ndcg_at_5_diff1": 0.677869,
        "nauc_ndcg_at_10_max": 0.428959,
        "nauc_ndcg_at_10_std": -0.131265,
        "nauc_ndcg_at_10_diff1": 0.682354,
        "nauc_ndcg_at_20_max": 0.43094,
        "nauc_ndcg_at_20_std": -0.12553,
        "nauc_ndcg_at_20_diff1": 0.686465,
        "nauc_ndcg_at_100_max": 0.423131,
        "nauc_ndcg_at_100_std": -0.12955,
        "nauc_ndcg_at_100_diff1": 0.688819,
        "nauc_ndcg_at_1000_max": 0.418434,
        "nauc_ndcg_at_1000_std": -0.133659,
        "nauc_ndcg_at_1000_diff1": 0.688498,
        "nauc_map_at_1_max": 0.384536,
        "nauc_map_at_1_std": -0.145046,
        "nauc_map_at_1_diff1": 0.724544,
        "nauc_map_at_3_max": 0.403665,
        "nauc_map_at_3_std": -0.147171,
        "nauc_map_at_3_diff1": 0.686767,
        "nauc_map_at_5_max": 0.408676,
        "nauc_map_at_5_std": -0.144731,
        "nauc_map_at_5_diff1": 0.68986,
        "nauc_map_at_10_max": 0.409981,
        "nauc_map_at_10_std": -0.141075,
        "nauc_map_at_10_diff1": 0.691637,
        "nauc_map_at_20_max": 0.410266,
        "nauc_map_at_20_std": -0.139938,
        "nauc_map_at_20_diff1": 0.692715,
        "nauc_map_at_100_max": 0.409297,
        "nauc_map_at_100_std": -0.140647,
        "nauc_map_at_100_diff1": 0.693029,
        "nauc_map_at_1000_max": 0.409148,
        "nauc_map_at_1000_std": -0.140761,
        "nauc_map_at_1000_diff1": 0.693011,
        "nauc_recall_at_1_max": 0.384536,
        "nauc_recall_at_1_std": -0.145046,
        "nauc_recall_at_1_diff1": 0.724544,
        "nauc_recall_at_3_max": 0.449408,
        "nauc_recall_at_3_std": -0.148068,
        "nauc_recall_at_3_diff1": 0.618499,
        "nauc_recall_at_5_max": 0.504769,
        "nauc_recall_at_5_std": -0.124722,
        "nauc_recall_at_5_diff1": 0.617212,
        "nauc_recall_at_10_max": 0.586416,
        "nauc_recall_at_10_std": -0.04167,
        "nauc_recall_at_10_diff1": 0.619251,
        "nauc_recall_at_20_max": 0.693966,
        "nauc_recall_at_20_std": 0.082243,
        "nauc_recall_at_20_diff1": 0.638355,
        "nauc_recall_at_100_max": 0.786881,
        "nauc_recall_at_100_std": 0.287528,
        "nauc_recall_at_100_diff1": 0.662105,
        "nauc_recall_at_1000_max": 0.680672,
        "nauc_recall_at_1000_std": 0.604355,
        "nauc_recall_at_1000_diff1": 0.451502,
        "nauc_precision_at_1_max": 0.384536,
        "nauc_precision_at_1_std": -0.145046,
        "nauc_precision_at_1_diff1": 0.724544,
        "nauc_precision_at_3_max": 0.449408,
        "nauc_precision_at_3_std": -0.148068,
        "nauc_precision_at_3_diff1": 0.618499,
        "nauc_precision_at_5_max": 0.504769,
        "nauc_precision_at_5_std": -0.124722,
        "nauc_precision_at_5_diff1": 0.617212,
        "nauc_precision_at_10_max": 0.586416,
        "nauc_precision_at_10_std": -0.04167,
        "nauc_precision_at_10_diff1": 0.619251,
        "nauc_precision_at_20_max": 0.693966,
        "nauc_precision_at_20_std": 0.082243,
        "nauc_precision_at_20_diff1": 0.638355,
        "nauc_precision_at_100_max": 0.786881,
        "nauc_precision_at_100_std": 0.287528,
        "nauc_precision_at_100_diff1": 0.662105,
        "nauc_precision_at_1000_max": 0.680672,
        "nauc_precision_at_1000_std": 0.604355,
        "nauc_precision_at_1000_diff1": 0.451502,
        "nauc_mrr_at_1_max": 0.385577,
        "nauc_mrr_at_1_std": -0.144636,
        "nauc_mrr_at_1_diff1": 0.723688,
        "nauc_mrr_at_3_max": 0.404306,
        "nauc_mrr_at_3_std": -0.147204,
        "nauc_mrr_at_3_diff1": 0.686072,
        "nauc_mrr_at_5_max": 0.409185,
        "nauc_mrr_at_5_std": -0.144837,
        "nauc_mrr_at_5_diff1": 0.689329,
        "nauc_mrr_at_10_max": 0.410647,
        "nauc_mrr_at_10_std": -0.14093,
        "nauc_mrr_at_10_diff1": 0.69103,
        "nauc_mrr_at_20_max": 0.410939,
        "nauc_mrr_at_20_std": -0.139791,
        "nauc_mrr_at_20_diff1": 0.692104,
        "nauc_mrr_at_100_max": 0.409971,
        "nauc_mrr_at_100_std": -0.140499,
        "nauc_mrr_at_100_diff1": 0.692416,
        "nauc_mrr_at_1000_max": 0.409823,
        "nauc_mrr_at_1000_std": -0.140614,
        "nauc_mrr_at_1000_diff1": 0.692397,
        "cv_recall_at_1": 0.6632,
        "cv_recall_at_3": 0.8256,
        "cv_recall_at_5": 0.8762,
        "cv_recall_at_10": 0.92,
        "cv_recall_at_20": 0.9474,
        "cv_recall_at_100": 0.9808,
        "cv_recall_at_1000": 0.9966,
        "main_score": 0.79386,
        "hf_subset": "default",
        "languages": [
          "eng-Latn"
        ]
      }
    ]
  },
  "evaluation_time": 816.2730958461761,
  "kg_co2_emissions": null
}