{
  "dataset_revision": "5377aa18f309ec440ff6325a4c2cd3362c2cb8d7",
  "task_name": "ChemRxivRetrieval",
  "mteb_version": "2.7.1",
  "scores": {
    "test": [
      {
        "ndcg_at_1": 0.8184,
        "ndcg_at_3": 0.88879,
        "ndcg_at_5": 0.89711,
        "ndcg_at_10": 0.90323,
        "ndcg_at_20": 0.90576,
        "ndcg_at_100": 0.90774,
        "ndcg_at_1000": 0.90825,
        "map_at_1": 0.8184,
        "map_at_3": 0.87217,
        "map_at_5": 0.87684,
        "map_at_10": 0.87942,
        "map_at_20": 0.88012,
        "map_at_100": 0.8804,
        "map_at_1000": 0.88041,
        "recall_at_1": 0.8184,
        "recall_at_3": 0.9366,
        "recall_at_5": 0.9566,
        "recall_at_10": 0.9752,
        "recall_at_20": 0.9852,
        "recall_at_100": 0.9958,
        "recall_at_1000": 1.0,
        "accuracy": 0.8184,
        "precision_at_1": 0.8184,
        "precision_at_3": 0.3122,
        "precision_at_5": 0.19132,
        "precision_at_10": 0.09752,
        "precision_at_20": 0.04926,
        "precision_at_100": 0.00996,
        "precision_at_1000": 0.001,
        "mrr_at_1": 0.8188,
        "mrr_at_3": 0.8723,
        "mrr_at_5": 0.8771,
        "mrr_at_10": 0.879635,
        "mrr_at_20": 0.880319,
        "mrr_at_100": 0.880596,
        "mrr_at_1000": 0.880612,
        "nauc_ndcg_at_1_max": 0.534918,
        "nauc_ndcg_at_1_std": -0.24344,
        "nauc_ndcg_at_1_diff1": 0.842671,
        "nauc_ndcg_at_3_max": 0.601293,
        "nauc_ndcg_at_3_std": -0.23375,
        "nauc_ndcg_at_3_diff1": 0.822108,
        "nauc_ndcg_at_5_max": 0.599409,
        "nauc_ndcg_at_5_std": -0.231994,
        "nauc_ndcg_at_5_diff1": 0.825014,
        "nauc_ndcg_at_10_max": 0.593399,
        "nauc_ndcg_at_10_std": -0.234056,
        "nauc_ndcg_at_10_diff1": 0.827317,
        "nauc_ndcg_at_20_max": 0.588492,
        "nauc_ndcg_at_20_std": -0.22642,
        "nauc_ndcg_at_20_diff1": 0.826631,
        "nauc_ndcg_at_100_max": 0.583026,
        "nauc_ndcg_at_100_std": -0.2297,
        "nauc_ndcg_at_100_diff1": 0.827782,
        "nauc_ndcg_at_1000_max": 0.581139,
        "nauc_ndcg_at_1000_std": -0.233018,
        "nauc_ndcg_at_1000_diff1": 0.82835,
        "nauc_map_at_1_max": 0.534918,
        "nauc_map_at_1_std": -0.24344,
        "nauc_map_at_1_diff1": 0.842671,
        "nauc_map_at_3_max": 0.579402,
        "nauc_map_at_3_std": -0.237811,
        "nauc_map_at_3_diff1": 0.8273,
        "nauc_map_at_5_max": 0.57776,
        "nauc_map_at_5_std": -0.236975,
        "nauc_map_at_5_diff1": 0.828813,
        "nauc_map_at_10_max": 0.575303,
        "nauc_map_at_10_std": -0.237758,
        "nauc_map_at_10_diff1": 0.829724,
        "nauc_map_at_20_max": 0.574148,
        "nauc_map_at_20_std": -0.236233,
        "nauc_map_at_20_diff1": 0.82962,
        "nauc_map_at_100_max": 0.573571,
        "nauc_map_at_100_std": -0.236582,
        "nauc_map_at_100_diff1": 0.82977,
        "nauc_map_at_1000_max": 0.573526,
        "nauc_map_at_1000_std": -0.236671,
        "nauc_map_at_1000_diff1": 0.829793,
        "nauc_recall_at_1_max": 0.534918,
        "nauc_recall_at_1_std": -0.24344,
        "nauc_recall_at_1_diff1": 0.842671,
        "nauc_recall_at_3_max": 0.722997,
        "nauc_recall_at_3_std": -0.210473,
        "nauc_recall_at_3_diff1": 0.794539,
        "nauc_recall_at_5_max": 0.767496,
        "nauc_recall_at_5_std": -0.192019,
        "nauc_recall_at_5_diff1": 0.798444,
        "nauc_recall_at_10_max": 0.823507,
        "nauc_recall_at_10_std": -0.185981,
        "nauc_recall_at_10_diff1": 0.803643,
        "nauc_recall_at_20_max": 0.859521,
        "nauc_recall_at_20_std": 0.037096,
        "nauc_recall_at_20_diff1": 0.769387,
        "nauc_recall_at_100_max": 0.907963,
        "nauc_recall_at_100_std": 0.322196,
        "nauc_recall_at_100_diff1": 0.746854,
        "nauc_recall_at_1000_max": NaN,
        "nauc_recall_at_1000_std": NaN,
        "nauc_recall_at_1000_diff1": NaN,
        "nauc_precision_at_1_max": 0.534918,
        "nauc_precision_at_1_std": -0.24344,
        "nauc_precision_at_1_diff1": 0.842671,
        "nauc_precision_at_3_max": 0.722997,
        "nauc_precision_at_3_std": -0.210473,
        "nauc_precision_at_3_diff1": 0.794539,
        "nauc_precision_at_5_max": 0.767496,
        "nauc_precision_at_5_std": -0.192019,
        "nauc_precision_at_5_diff1": 0.798444,
        "nauc_precision_at_10_max": 0.823507,
        "nauc_precision_at_10_std": -0.185981,
        "nauc_precision_at_10_diff1": 0.803643,
        "nauc_precision_at_20_max": 0.859521,
        "nauc_precision_at_20_std": 0.037096,
        "nauc_precision_at_20_diff1": 0.769387,
        "nauc_precision_at_100_max": 0.907963,
        "nauc_precision_at_100_std": 0.322196,
        "nauc_precision_at_100_diff1": 0.746854,
        "nauc_precision_at_1000_max": 1.0,
        "nauc_precision_at_1000_std": 1.0,
        "nauc_precision_at_1000_diff1": 1.0,
        "nauc_mrr_at_1_max": 0.53687,
        "nauc_mrr_at_1_std": -0.241696,
        "nauc_mrr_at_1_diff1": 0.842044,
        "nauc_mrr_at_3_max": 0.580417,
        "nauc_mrr_at_3_std": -0.237405,
        "nauc_mrr_at_3_diff1": 0.826935,
        "nauc_mrr_at_5_max": 0.579064,
        "nauc_mrr_at_5_std": -0.235805,
        "nauc_mrr_at_5_diff1": 0.828464,
        "nauc_mrr_at_10_max": 0.576639,
        "nauc_mrr_at_10_std": -0.236497,
        "nauc_mrr_at_10_diff1": 0.829252,
        "nauc_mrr_at_20_max": 0.575537,
        "nauc_mrr_at_20_std": -0.235107,
        "nauc_mrr_at_20_diff1": 0.829172,
        "nauc_mrr_at_100_max": 0.574964,
        "nauc_mrr_at_100_std": -0.235453,
        "nauc_mrr_at_100_diff1": 0.829321,
        "nauc_mrr_at_1000_max": 0.574918,
        "nauc_mrr_at_1000_std": -0.235542,
        "nauc_mrr_at_1000_diff1": 0.829344,
        "cv_recall_at_1": 0.8188,
        "cv_recall_at_3": 0.9364,
        "cv_recall_at_5": 0.957,
        "cv_recall_at_10": 0.9754,
        "cv_recall_at_20": 0.9852,
        "cv_recall_at_100": 0.9958,
        "cv_recall_at_1000": 1.0,
        "main_score": 0.90323,
        "hf_subset": "default",
        "languages": [
          "eng-Latn"
        ]
      }
    ]
  },
  "evaluation_time": 410.6343867778778,
  "kg_co2_emissions": null
}