{
  "dataset_revision": "5377aa18f309ec440ff6325a4c2cd3362c2cb8d7",
  "task_name": "ChemRxivRetrieval",
  "mteb_version": "2.7.1",
  "scores": {
    "test": [
      {
        "ndcg_at_1": 0.6174,
        "ndcg_at_3": 0.72049,
        "ndcg_at_5": 0.74341,
        "ndcg_at_10": 0.75947,
        "ndcg_at_20": 0.76848,
        "ndcg_at_100": 0.77572,
        "ndcg_at_1000": 0.77854,
        "map_at_1": 0.6174,
        "map_at_3": 0.6957,
        "map_at_5": 0.70848,
        "map_at_10": 0.71523,
        "map_at_20": 0.71774,
        "map_at_100": 0.71878,
        "map_at_1000": 0.71888,
        "recall_at_1": 0.6174,
        "recall_at_3": 0.792,
        "recall_at_5": 0.8474,
        "recall_at_10": 0.8964,
        "recall_at_20": 0.9318,
        "recall_at_100": 0.9702,
        "recall_at_1000": 0.9926,
        "accuracy": 0.6174,
        "precision_at_1": 0.6174,
        "precision_at_3": 0.264,
        "precision_at_5": 0.16948,
        "precision_at_10": 0.08964,
        "precision_at_20": 0.04659,
        "precision_at_100": 0.0097,
        "precision_at_1000": 0.00099,
        "mrr_at_1": 0.6178,
        "mrr_at_3": 0.695933,
        "mrr_at_5": 0.708663,
        "mrr_at_10": 0.715434,
        "mrr_at_20": 0.717926,
        "mrr_at_100": 0.718967,
        "mrr_at_1000": 0.719068,
        "nauc_ndcg_at_1_max": 0.402564,
        "nauc_ndcg_at_1_std": -0.119027,
        "nauc_ndcg_at_1_diff1": 0.71147,
        "nauc_ndcg_at_3_max": 0.446055,
        "nauc_ndcg_at_3_std": -0.08634,
        "nauc_ndcg_at_3_diff1": 0.673215,
        "nauc_ndcg_at_5_max": 0.456434,
        "nauc_ndcg_at_5_std": -0.073384,
        "nauc_ndcg_at_5_diff1": 0.672759,
        "nauc_ndcg_at_10_max": 0.464205,
        "nauc_ndcg_at_10_std": -0.060458,
        "nauc_ndcg_at_10_diff1": 0.67544,
        "nauc_ndcg_at_20_max": 0.462134,
        "nauc_ndcg_at_20_std": -0.057919,
        "nauc_ndcg_at_20_diff1": 0.679254,
        "nauc_ndcg_at_100_max": 0.455432,
        "nauc_ndcg_at_100_std": -0.063687,
        "nauc_ndcg_at_100_diff1": 0.680066,
        "nauc_ndcg_at_1000_max": 0.450983,
        "nauc_ndcg_at_1000_std": -0.070339,
        "nauc_ndcg_at_1000_diff1": 0.681327,
        "nauc_map_at_1_max": 0.402564,
        "nauc_map_at_1_std": -0.119027,
        "nauc_map_at_1_diff1": 0.71147,
        "nauc_map_at_3_max": 0.434013,
        "nauc_map_at_3_std": -0.095753,
        "nauc_map_at_3_diff1": 0.682889,
        "nauc_map_at_5_max": 0.438737,
        "nauc_map_at_5_std": -0.089567,
        "nauc_map_at_5_diff1": 0.683063,
        "nauc_map_at_10_max": 0.441291,
        "nauc_map_at_10_std": -0.085444,
        "nauc_map_at_10_diff1": 0.68442,
        "nauc_map_at_20_max": 0.440688,
        "nauc_map_at_20_std": -0.085078,
        "nauc_map_at_20_diff1": 0.685424,
        "nauc_map_at_100_max": 0.439791,
        "nauc_map_at_100_std": -0.085756,
        "nauc_map_at_100_diff1": 0.685512,
        "nauc_map_at_1000_max": 0.439665,
        "nauc_map_at_1000_std": -0.085948,
        "nauc_map_at_1000_diff1": 0.685554,
        "nauc_recall_at_1_max": 0.402564,
        "nauc_recall_at_1_std": -0.119027,
        "nauc_recall_at_1_diff1": 0.71147,
        "nauc_recall_at_3_max": 0.491834,
        "nauc_recall_at_3_std": -0.050348,
        "nauc_recall_at_3_diff1": 0.636965,
        "nauc_recall_at_5_max": 0.544051,
        "nauc_recall_at_5_std": 0.007732,
        "nauc_recall_at_5_diff1": 0.623793,
        "nauc_recall_at_10_max": 0.625473,
        "nauc_recall_at_10_std": 0.122007,
        "nauc_recall_at_10_diff1": 0.618285,
        "nauc_recall_at_20_max": 0.681413,
        "nauc_recall_at_20_std": 0.243299,
        "nauc_recall_at_20_diff1": 0.631584,
        "nauc_recall_at_100_max": 0.738744,
        "nauc_recall_at_100_std": 0.421945,
        "nauc_recall_at_100_diff1": 0.600232,
        "nauc_recall_at_1000_max": 0.689341,
        "nauc_recall_at_1000_std": 0.547051,
        "nauc_recall_at_1000_diff1": 0.602367,
        "nauc_precision_at_1_max": 0.402564,
        "nauc_precision_at_1_std": -0.119027,
        "nauc_precision_at_1_diff1": 0.71147,
        "nauc_precision_at_3_max": 0.491834,
        "nauc_precision_at_3_std": -0.050348,
        "nauc_precision_at_3_diff1": 0.636965,
        "nauc_precision_at_5_max": 0.544051,
        "nauc_precision_at_5_std": 0.007732,
        "nauc_precision_at_5_diff1": 0.623793,
        "nauc_precision_at_10_max": 0.625473,
        "nauc_precision_at_10_std": 0.122007,
        "nauc_precision_at_10_diff1": 0.618285,
        "nauc_precision_at_20_max": 0.681413,
        "nauc_precision_at_20_std": 0.243299,
        "nauc_precision_at_20_diff1": 0.631584,
        "nauc_precision_at_100_max": 0.738744,
        "nauc_precision_at_100_std": 0.421945,
        "nauc_precision_at_100_diff1": 0.600232,
        "nauc_precision_at_1000_max": 0.689341,
        "nauc_precision_at_1000_std": 0.547051,
        "nauc_precision_at_1000_diff1": 0.602367,
        "nauc_mrr_at_1_max": 0.402258,
        "nauc_mrr_at_1_std": -0.118979,
        "nauc_mrr_at_1_diff1": 0.710675,
        "nauc_mrr_at_3_max": 0.43387,
        "nauc_mrr_at_3_std": -0.095196,
        "nauc_mrr_at_3_diff1": 0.682335,
        "nauc_mrr_at_5_max": 0.43864,
        "nauc_mrr_at_5_std": -0.089132,
        "nauc_mrr_at_5_diff1": 0.682589,
        "nauc_mrr_at_10_max": 0.441164,
        "nauc_mrr_at_10_std": -0.085214,
        "nauc_mrr_at_10_diff1": 0.683924,
        "nauc_mrr_at_20_max": 0.440585,
        "nauc_mrr_at_20_std": -0.084797,
        "nauc_mrr_at_20_diff1": 0.684933,
        "nauc_mrr_at_100_max": 0.439687,
        "nauc_mrr_at_100_std": -0.085474,
        "nauc_mrr_at_100_diff1": 0.685019,
        "nauc_mrr_at_1000_max": 0.439562,
        "nauc_mrr_at_1000_std": -0.085666,
        "nauc_mrr_at_1000_diff1": 0.685061,
        "cv_recall_at_1": 0.6178,
        "cv_recall_at_3": 0.7922,
        "cv_recall_at_5": 0.8474,
        "cv_recall_at_10": 0.8966,
        "cv_recall_at_20": 0.9318,
        "cv_recall_at_100": 0.9702,
        "cv_recall_at_1000": 0.9926,
        "main_score": 0.75947,
        "hf_subset": "default",
        "languages": [
          "eng-Latn"
        ]
      }
    ]
  },
  "evaluation_time": 291.7835867404938,
  "kg_co2_emissions": null
}