{
  "dataset_revision": "c22ab2a51041ffd869aaddef7af8d8215647e41a",
  "task_name": "ArguAna",
  "mteb_version": "2.7.8",
  "scores": {
    "test": [
      {
        "ndcg_at_1": 0.25533,
        "ndcg_at_3": 0.41432,
        "ndcg_at_5": 0.46176,
        "ndcg_at_10": 0.51502,
        "ndcg_at_20": 0.54028,
        "ndcg_at_100": 0.5544,
        "ndcg_at_1000": 0.55662,
        "map_at_1": 0.25533,
        "map_at_3": 0.3747,
        "map_at_5": 0.4012,
        "map_at_10": 0.42338,
        "map_at_20": 0.43055,
        "map_at_100": 0.43275,
        "map_at_1000": 0.43284,
        "recall_at_1": 0.25533,
        "recall_at_3": 0.52916,
        "recall_at_5": 0.64367,
        "recall_at_10": 0.80725,
        "recall_at_20": 0.90541,
        "recall_at_100": 0.97795,
        "recall_at_1000": 0.99502,
        "accuracy": 0.25533,
        "precision_at_1": 0.25533,
        "precision_at_3": 0.17639,
        "precision_at_5": 0.12873,
        "precision_at_10": 0.08073,
        "precision_at_20": 0.04527,
        "precision_at_100": 0.00978,
        "precision_at_1000": 0.001,
        "mrr_at_1": 0.26458,
        "mrr_at_3": 0.376837,
        "mrr_at_5": 0.405038,
        "mrr_at_10": 0.427094,
        "mrr_at_20": 0.434274,
        "mrr_at_100": 0.436472,
        "mrr_at_1000": 0.436562,
        "nauc_ndcg_at_1_max": -0.109828,
        "nauc_ndcg_at_1_std": -0.160635,
        "nauc_ndcg_at_1_diff1": 0.052098,
        "nauc_ndcg_at_3_max": -0.067738,
        "nauc_ndcg_at_3_std": -0.126872,
        "nauc_ndcg_at_3_diff1": 0.016078,
        "nauc_ndcg_at_5_max": -0.05837,
        "nauc_ndcg_at_5_std": -0.126034,
        "nauc_ndcg_at_5_diff1": 0.007704,
        "nauc_ndcg_at_10_max": -0.05065,
        "nauc_ndcg_at_10_std": -0.124358,
        "nauc_ndcg_at_10_diff1": 0.018196,
        "nauc_ndcg_at_20_max": -0.049756,
        "nauc_ndcg_at_20_std": -0.109246,
        "nauc_ndcg_at_20_diff1": 0.01506,
        "nauc_ndcg_at_100_max": -0.054851,
        "nauc_ndcg_at_100_std": -0.114499,
        "nauc_ndcg_at_100_diff1": 0.024483,
        "nauc_ndcg_at_1000_max": -0.060643,
        "nauc_ndcg_at_1000_std": -0.120067,
        "nauc_ndcg_at_1000_diff1": 0.021461,
        "nauc_map_at_1_max": -0.109828,
        "nauc_map_at_1_std": -0.160635,
        "nauc_map_at_1_diff1": 0.052098,
        "nauc_map_at_3_max": -0.077672,
        "nauc_map_at_3_std": -0.133156,
        "nauc_map_at_3_diff1": 0.022518,
        "nauc_map_at_5_max": -0.072824,
        "nauc_map_at_5_std": -0.133064,
        "nauc_map_at_5_diff1": 0.018191,
        "nauc_map_at_10_max": -0.070829,
        "nauc_map_at_10_std": -0.133129,
        "nauc_map_at_10_diff1": 0.022545,
        "nauc_map_at_20_max": -0.071067,
        "nauc_map_at_20_std": -0.129716,
        "nauc_map_at_20_diff1": 0.021759,
        "nauc_map_at_100_max": -0.07166,
        "nauc_map_at_100_std": -0.130316,
        "nauc_map_at_100_diff1": 0.023178,
        "nauc_map_at_1000_max": -0.071844,
        "nauc_map_at_1000_std": -0.130514,
        "nauc_map_at_1000_diff1": 0.023098,
        "nauc_recall_at_1_max": -0.109828,
        "nauc_recall_at_1_std": -0.160635,
        "nauc_recall_at_1_diff1": 0.052098,
        "nauc_recall_at_3_max": -0.039543,
        "nauc_recall_at_3_std": -0.109704,
        "nauc_recall_at_3_diff1": -0.00138,
        "nauc_recall_at_5_max": -0.010578,
        "nauc_recall_at_5_std": -0.103908,
        "nauc_recall_at_5_diff1": -0.026373,
        "nauc_recall_at_10_max": 0.057199,
        "nauc_recall_at_10_std": -0.079137,
        "nauc_recall_at_10_diff1": 0.003742,
        "nauc_recall_at_20_max": 0.165017,
        "nauc_recall_at_20_std": 0.122864,
        "nauc_recall_at_20_diff1": -0.040291,
        "nauc_recall_at_100_max": 0.544246,
        "nauc_recall_at_100_std": 0.552415,
        "nauc_recall_at_100_diff1": 0.278194,
        "nauc_recall_at_1000_max": 0.416002,
        "nauc_recall_at_1000_std": 0.791573,
        "nauc_recall_at_1000_diff1": -0.026354,
        "nauc_precision_at_1_max": -0.109828,
        "nauc_precision_at_1_std": -0.160635,
        "nauc_precision_at_1_diff1": 0.052098,
        "nauc_precision_at_3_max": -0.039543,
        "nauc_precision_at_3_std": -0.109704,
        "nauc_precision_at_3_diff1": -0.00138,
        "nauc_precision_at_5_max": -0.010578,
        "nauc_precision_at_5_std": -0.103908,
        "nauc_precision_at_5_diff1": -0.026373,
        "nauc_precision_at_10_max": 0.057199,
        "nauc_precision_at_10_std": -0.079137,
        "nauc_precision_at_10_diff1": 0.003742,
        "nauc_precision_at_20_max": 0.165017,
        "nauc_precision_at_20_std": 0.122864,
        "nauc_precision_at_20_diff1": -0.040291,
        "nauc_precision_at_100_max": 0.544246,
        "nauc_precision_at_100_std": 0.552415,
        "nauc_precision_at_100_diff1": 0.278194,
        "nauc_precision_at_1000_max": 0.416002,
        "nauc_precision_at_1000_std": 0.791573,
        "nauc_precision_at_1000_diff1": -0.026354,
        "nauc_mrr_at_1_max": -0.103612,
        "nauc_mrr_at_1_std": -0.149109,
        "nauc_mrr_at_1_diff1": 0.022863,
        "nauc_mrr_at_3_max": -0.093132,
        "nauc_mrr_at_3_std": -0.136791,
        "nauc_mrr_at_3_diff1": -0.010414,
        "nauc_mrr_at_5_max": -0.080699,
        "nauc_mrr_at_5_std": -0.131952,
        "nauc_mrr_at_5_diff1": -0.007414,
        "nauc_mrr_at_10_max": -0.079126,
        "nauc_mrr_at_10_std": -0.132188,
        "nauc_mrr_at_10_diff1": -0.004623,
        "nauc_mrr_at_20_max": -0.079649,
        "nauc_mrr_at_20_std": -0.128841,
        "nauc_mrr_at_20_diff1": -0.006117,
        "nauc_mrr_at_100_max": -0.080302,
        "nauc_mrr_at_100_std": -0.129429,
        "nauc_mrr_at_100_diff1": -0.004918,
        "nauc_mrr_at_1000_max": -0.080487,
        "nauc_mrr_at_1000_std": -0.129625,
        "nauc_mrr_at_1000_diff1": -0.005006,
        "cv_recall_at_1": 0.26458,
        "cv_recall_at_3": 0.52276,
        "cv_recall_at_5": 0.64438,
        "cv_recall_at_10": 0.80725,
        "cv_recall_at_20": 0.90541,
        "cv_recall_at_100": 0.97795,
        "cv_recall_at_1000": 0.99502,
        "main_score": 0.51502,
        "hf_subset": "default",
        "languages": [
          "eng-Latn"
        ]
      }
    ]
  },
  "evaluation_time": 212.31986141204834,
  "kg_co2_emissions": null
}