{
  "dataset_revision": "c5691e3c48741d5f83b5cc8e630653d7a8cfc048",
  "task_name": "AskUbuntuDupQuestions",
  "mteb_version": "2.7.8",
  "scores": {
    "test": [
      {
        "ndcg_at_1": 0.63712,
        "ndcg_at_3": 0.59501,
        "ndcg_at_5": 0.59435,
        "ndcg_at_10": 0.6507,
        "ndcg_at_20": 0.75854,
        "ndcg_at_100": 0.75854,
        "ndcg_at_1000": 0.75854,
        "map_at_1": 0.16744,
        "map_at_3": 0.30719,
        "map_at_5": 0.38321,
        "map_at_10": 0.49252,
        "map_at_20": 0.59802,
        "map_at_100": 0.59802,
        "map_at_1000": 0.59802,
        "recall_at_1": 0.16744,
        "recall_at_3": 0.35984,
        "recall_at_5": 0.48311,
        "recall_at_10": 0.72278,
        "recall_at_20": 1.0,
        "recall_at_100": 1.0,
        "recall_at_1000": 1.0,
        "accuracy": 0.16744,
        "precision_at_1": 0.63712,
        "precision_at_3": 0.5217,
        "precision_at_5": 0.4554,
        "precision_at_10": 0.36537,
        "precision_at_20": 0.27355,
        "precision_at_100": 0.05471,
        "precision_at_1000": 0.00547,
        "mrr_at_1": 0.637119,
        "mrr_at_3": 0.7253,
        "mrr_at_5": 0.739289,
        "mrr_at_10": 0.749211,
        "mrr_at_20": 0.751216,
        "mrr_at_100": 0.751216,
        "mrr_at_1000": 0.751216,
        "nauc_ndcg_at_1_max": 0.370642,
        "nauc_ndcg_at_1_std": 0.285719,
        "nauc_ndcg_at_1_diff1": 0.298624,
        "nauc_ndcg_at_3_max": 0.263838,
        "nauc_ndcg_at_3_std": 0.188014,
        "nauc_ndcg_at_3_diff1": 0.163164,
        "nauc_ndcg_at_5_max": 0.252748,
        "nauc_ndcg_at_5_std": 0.20987,
        "nauc_ndcg_at_5_diff1": 0.17415,
        "nauc_ndcg_at_10_max": 0.258471,
        "nauc_ndcg_at_10_std": 0.254636,
        "nauc_ndcg_at_10_diff1": 0.190174,
        "nauc_ndcg_at_20_max": 0.309217,
        "nauc_ndcg_at_20_std": 0.240701,
        "nauc_ndcg_at_20_diff1": 0.217824,
        "nauc_ndcg_at_100_max": 0.309217,
        "nauc_ndcg_at_100_std": 0.240701,
        "nauc_ndcg_at_100_diff1": 0.217824,
        "nauc_ndcg_at_1000_max": 0.309217,
        "nauc_ndcg_at_1000_std": 0.240701,
        "nauc_ndcg_at_1000_diff1": 0.217824,
        "nauc_map_at_1_max": 0.084496,
        "nauc_map_at_1_std": 0.054639,
        "nauc_map_at_1_diff1": 0.293658,
        "nauc_map_at_3_max": 0.089147,
        "nauc_map_at_3_std": 0.065345,
        "nauc_map_at_3_diff1": 0.201076,
        "nauc_map_at_5_max": 0.127807,
        "nauc_map_at_5_std": 0.123038,
        "nauc_map_at_5_diff1": 0.188789,
        "nauc_map_at_10_max": 0.189553,
        "nauc_map_at_10_std": 0.198148,
        "nauc_map_at_10_diff1": 0.181876,
        "nauc_map_at_20_max": 0.257488,
        "nauc_map_at_20_std": 0.214336,
        "nauc_map_at_20_diff1": 0.180607,
        "nauc_map_at_100_max": 0.257488,
        "nauc_map_at_100_std": 0.214336,
        "nauc_map_at_100_diff1": 0.180607,
        "nauc_map_at_1000_max": 0.257488,
        "nauc_map_at_1000_std": 0.214336,
        "nauc_map_at_1000_diff1": 0.180607,
        "nauc_recall_at_1_max": 0.084496,
        "nauc_recall_at_1_std": 0.054639,
        "nauc_recall_at_1_diff1": 0.293658,
        "nauc_recall_at_3_max": 0.033099,
        "nauc_recall_at_3_std": 0.010616,
        "nauc_recall_at_3_diff1": 0.13886,
        "nauc_recall_at_5_max": 0.056853,
        "nauc_recall_at_5_std": 0.087106,
        "nauc_recall_at_5_diff1": 0.108932,
        "nauc_recall_at_10_max": 0.075703,
        "nauc_recall_at_10_std": 0.185432,
        "nauc_recall_at_10_diff1": 0.080842,
        "nauc_recall_at_20_max": NaN,
        "nauc_recall_at_20_std": NaN,
        "nauc_recall_at_20_diff1": NaN,
        "nauc_recall_at_100_max": NaN,
        "nauc_recall_at_100_std": NaN,
        "nauc_recall_at_100_diff1": NaN,
        "nauc_recall_at_1000_max": NaN,
        "nauc_recall_at_1000_std": NaN,
        "nauc_recall_at_1000_diff1": NaN,
        "nauc_precision_at_1_max": 0.370642,
        "nauc_precision_at_1_std": 0.285719,
        "nauc_precision_at_1_diff1": 0.298624,
        "nauc_precision_at_3_max": 0.247316,
        "nauc_precision_at_3_std": 0.190559,
        "nauc_precision_at_3_diff1": 0.054586,
        "nauc_precision_at_5_max": 0.254771,
        "nauc_precision_at_5_std": 0.219415,
        "nauc_precision_at_5_diff1": 0.031672,
        "nauc_precision_at_10_max": 0.241165,
        "nauc_precision_at_10_std": 0.200731,
        "nauc_precision_at_10_diff1": 0.000899,
        "nauc_precision_at_20_max": 0.217036,
        "nauc_precision_at_20_std": 0.135485,
        "nauc_precision_at_20_diff1": -0.006974,
        "nauc_precision_at_100_max": 0.217036,
        "nauc_precision_at_100_std": 0.135485,
        "nauc_precision_at_100_diff1": -0.006974,
        "nauc_precision_at_1000_max": 0.217036,
        "nauc_precision_at_1000_std": 0.135485,
        "nauc_precision_at_1000_diff1": -0.006974,
        "nauc_mrr_at_1_max": 0.370642,
        "nauc_mrr_at_1_std": 0.285719,
        "nauc_mrr_at_1_diff1": 0.298624,
        "nauc_mrr_at_3_max": 0.372426,
        "nauc_mrr_at_3_std": 0.279745,
        "nauc_mrr_at_3_diff1": 0.308977,
        "nauc_mrr_at_5_max": 0.369558,
        "nauc_mrr_at_5_std": 0.283256,
        "nauc_mrr_at_5_diff1": 0.30085,
        "nauc_mrr_at_10_max": 0.375823,
        "nauc_mrr_at_10_std": 0.289189,
        "nauc_mrr_at_10_diff1": 0.306406,
        "nauc_mrr_at_20_max": 0.372746,
        "nauc_mrr_at_20_std": 0.287057,
        "nauc_mrr_at_20_diff1": 0.304057,
        "nauc_mrr_at_100_max": 0.372746,
        "nauc_mrr_at_100_std": 0.287057,
        "nauc_mrr_at_100_diff1": 0.304057,
        "nauc_mrr_at_1000_max": 0.372746,
        "nauc_mrr_at_1000_std": 0.287057,
        "nauc_mrr_at_1000_diff1": 0.304057,
        "cv_recall_at_1": 0.63712,
        "cv_recall_at_3": 0.8338,
        "cv_recall_at_5": 0.89474,
        "cv_recall_at_10": 0.96953,
        "cv_recall_at_20": 1.0,
        "cv_recall_at_100": 1.0,
        "cv_recall_at_1000": 1.0,
        "main_score": 0.59802,
        "hf_subset": "default",
        "languages": [
          "eng-Latn"
        ]
      }
    ]
  },
  "evaluation_time": 167.90896606445312,
  "kg_co2_emissions": null
}