{
  "dataset_revision": "4885aa143210c98657558c04aaf3dc47cfb54340",
  "task_name": "CQADupstackGamingRetrieval",
  "mteb_version": "2.7.8",
  "scores": {
    "test": [
      {
        "ndcg_at_1": 0.46019,
        "ndcg_at_3": 0.51424,
        "ndcg_at_5": 0.5398,
        "ndcg_at_10": 0.56673,
        "ndcg_at_20": 0.58492,
        "ndcg_at_100": 0.6071,
        "ndcg_at_1000": 0.61923,
        "map_at_1": 0.40459,
        "map_at_3": 0.48066,
        "map_at_5": 0.49835,
        "map_at_10": 0.51209,
        "map_at_20": 0.51843,
        "map_at_100": 0.52219,
        "map_at_1000": 0.52276,
        "recall_at_1": 0.40459,
        "recall_at_3": 0.55095,
        "recall_at_5": 0.61412,
        "recall_at_10": 0.69126,
        "recall_at_20": 0.75854,
        "recall_at_100": 0.86772,
        "recall_at_1000": 0.95466,
        "accuracy": 0.40459,
        "precision_at_1": 0.46019,
        "precision_at_3": 0.22591,
        "precision_at_5": 0.15436,
        "precision_at_10": 0.08991,
        "precision_at_20": 0.05025,
        "precision_at_100": 0.01186,
        "precision_at_1000": 0.00134,
        "mrr_at_1": 0.460188,
        "mrr_at_3": 0.52581,
        "mrr_at_5": 0.539634,
        "mrr_at_10": 0.549274,
        "mrr_at_20": 0.553549,
        "mrr_at_100": 0.555919,
        "mrr_at_1000": 0.556216,
        "nauc_ndcg_at_1_max": 0.45916,
        "nauc_ndcg_at_1_std": -0.062279,
        "nauc_ndcg_at_1_diff1": 0.603476,
        "nauc_ndcg_at_3_max": 0.470229,
        "nauc_ndcg_at_3_std": -0.039818,
        "nauc_ndcg_at_3_diff1": 0.556401,
        "nauc_ndcg_at_5_max": 0.475871,
        "nauc_ndcg_at_5_std": -0.032969,
        "nauc_ndcg_at_5_diff1": 0.554781,
        "nauc_ndcg_at_10_max": 0.474301,
        "nauc_ndcg_at_10_std": -0.02065,
        "nauc_ndcg_at_10_diff1": 0.552791,
        "nauc_ndcg_at_20_max": 0.473536,
        "nauc_ndcg_at_20_std": -0.013559,
        "nauc_ndcg_at_20_diff1": 0.552362,
        "nauc_ndcg_at_100_max": 0.480483,
        "nauc_ndcg_at_100_std": -0.000973,
        "nauc_ndcg_at_100_diff1": 0.553695,
        "nauc_ndcg_at_1000_max": 0.477599,
        "nauc_ndcg_at_1000_std": -0.002111,
        "nauc_ndcg_at_1000_diff1": 0.554684,
        "nauc_map_at_1_max": 0.384392,
        "nauc_map_at_1_std": -0.100569,
        "nauc_map_at_1_diff1": 0.597733,
        "nauc_map_at_3_max": 0.447463,
        "nauc_map_at_3_std": -0.06134,
        "nauc_map_at_3_diff1": 0.566731,
        "nauc_map_at_5_max": 0.455747,
        "nauc_map_at_5_std": -0.053736,
        "nauc_map_at_5_diff1": 0.566081,
        "nauc_map_at_10_max": 0.456851,
        "nauc_map_at_10_std": -0.046167,
        "nauc_map_at_10_diff1": 0.564586,
        "nauc_map_at_20_max": 0.458525,
        "nauc_map_at_20_std": -0.041782,
        "nauc_map_at_20_diff1": 0.564375,
        "nauc_map_at_100_max": 0.460583,
        "nauc_map_at_100_std": -0.037982,
        "nauc_map_at_100_diff1": 0.564053,
        "nauc_map_at_1000_max": 0.460504,
        "nauc_map_at_1000_std": -0.037719,
        "nauc_map_at_1000_diff1": 0.564059,
        "nauc_recall_at_1_max": 0.384392,
        "nauc_recall_at_1_std": -0.100569,
        "nauc_recall_at_1_diff1": 0.597733,
        "nauc_recall_at_3_max": 0.465502,
        "nauc_recall_at_3_std": -0.037829,
        "nauc_recall_at_3_diff1": 0.516268,
        "nauc_recall_at_5_max": 0.478495,
        "nauc_recall_at_5_std": -0.016425,
        "nauc_recall_at_5_diff1": 0.503963,
        "nauc_recall_at_10_max": 0.471037,
        "nauc_recall_at_10_std": 0.025826,
        "nauc_recall_at_10_diff1": 0.488324,
        "nauc_recall_at_20_max": 0.463795,
        "nauc_recall_at_20_std": 0.065589,
        "nauc_recall_at_20_diff1": 0.468761,
        "nauc_recall_at_100_max": 0.518196,
        "nauc_recall_at_100_std": 0.211687,
        "nauc_recall_at_100_diff1": 0.44166,
        "nauc_recall_at_1000_max": 0.480452,
        "nauc_recall_at_1000_std": 0.437109,
        "nauc_recall_at_1000_diff1": 0.325411,
        "nauc_precision_at_1_max": 0.45916,
        "nauc_precision_at_1_std": -0.062279,
        "nauc_precision_at_1_diff1": 0.603476,
        "nauc_precision_at_3_max": 0.480919,
        "nauc_precision_at_3_std": 0.062449,
        "nauc_precision_at_3_diff1": 0.374453,
        "nauc_precision_at_5_max": 0.450164,
        "nauc_precision_at_5_std": 0.111304,
        "nauc_precision_at_5_diff1": 0.294258,
        "nauc_precision_at_10_max": 0.367174,
        "nauc_precision_at_10_std": 0.171715,
        "nauc_precision_at_10_diff1": 0.177586,
        "nauc_precision_at_20_max": 0.319842,
        "nauc_precision_at_20_std": 0.232315,
        "nauc_precision_at_20_diff1": 0.097847,
        "nauc_precision_at_100_max": 0.242124,
        "nauc_precision_at_100_std": 0.310152,
        "nauc_precision_at_100_diff1": -0.027761,
        "nauc_precision_at_1000_max": 0.117914,
        "nauc_precision_at_1000_std": 0.309418,
        "nauc_precision_at_1000_diff1": -0.112397,
        "nauc_mrr_at_1_max": 0.45916,
        "nauc_mrr_at_1_std": -0.062279,
        "nauc_mrr_at_1_diff1": 0.603476,
        "nauc_mrr_at_3_max": 0.486428,
        "nauc_mrr_at_3_std": -0.02856,
        "nauc_mrr_at_3_diff1": 0.572942,
        "nauc_mrr_at_5_max": 0.486341,
        "nauc_mrr_at_5_std": -0.025917,
        "nauc_mrr_at_5_diff1": 0.571726,
        "nauc_mrr_at_10_max": 0.484629,
        "nauc_mrr_at_10_std": -0.022655,
        "nauc_mrr_at_10_diff1": 0.571411,
        "nauc_mrr_at_20_max": 0.483756,
        "nauc_mrr_at_20_std": -0.02169,
        "nauc_mrr_at_20_diff1": 0.570885,
        "nauc_mrr_at_100_max": 0.48438,
        "nauc_mrr_at_100_std": -0.02078,
        "nauc_mrr_at_100_diff1": 0.571478,
        "nauc_mrr_at_1000_max": 0.484346,
        "nauc_mrr_at_1000_std": -0.020817,
        "nauc_mrr_at_1000_diff1": 0.571541,
        "cv_recall_at_1": 0.46019,
        "cv_recall_at_3": 0.6094,
        "cv_recall_at_5": 0.66959,
        "cv_recall_at_10": 0.74044,
        "cv_recall_at_20": 0.80063,
        "cv_recall_at_100": 0.89655,
        "cv_recall_at_1000": 0.96614,
        "main_score": 0.56673,
        "hf_subset": "default",
        "languages": [
          "eng-Latn"
        ]
      }
    ]
  },
  "evaluation_time": 307.2187373638153,
  "kg_co2_emissions": null
}