{
  "dataset_revision": "080c9ed6267b65029207906e815d44a9240bafca",
  "task_name": "FEVERHardNegatives",
  "mteb_version": "2.7.8",
  "scores": {
    "test": [
      {
        "ndcg_at_1": 0.593,
        "ndcg_at_3": 0.696,
        "ndcg_at_5": 0.71976,
        "ndcg_at_10": 0.73641,
        "ndcg_at_20": 0.74423,
        "ndcg_at_100": 0.75445,
        "ndcg_at_1000": 0.75871,
        "map_at_1": 0.56233,
        "map_at_3": 0.65984,
        "map_at_5": 0.6742,
        "map_at_10": 0.6817,
        "map_at_20": 0.68415,
        "map_at_100": 0.68581,
        "map_at_1000": 0.68604,
        "recall_at_1": 0.56233,
        "recall_at_3": 0.76755,
        "recall_at_5": 0.82635,
        "recall_at_10": 0.8761,
        "recall_at_20": 0.90512,
        "recall_at_100": 0.95522,
        "recall_at_1000": 0.98301,
        "accuracy": 0.56233,
        "precision_at_1": 0.593,
        "precision_at_3": 0.27533,
        "precision_at_5": 0.1786,
        "precision_at_10": 0.0955,
        "precision_at_20": 0.04965,
        "precision_at_100": 0.01063,
        "precision_at_1000": 0.00112,
        "mrr_at_1": 0.593,
        "mrr_at_3": 0.689667,
        "mrr_at_5": 0.702517,
        "mrr_at_10": 0.709156,
        "mrr_at_20": 0.711113,
        "mrr_at_100": 0.71238,
        "mrr_at_1000": 0.712461,
        "nauc_ndcg_at_1_max": 0.171602,
        "nauc_ndcg_at_1_std": 0.028226,
        "nauc_ndcg_at_1_diff1": 0.643155,
        "nauc_ndcg_at_3_max": 0.233568,
        "nauc_ndcg_at_3_std": 0.085856,
        "nauc_ndcg_at_3_diff1": 0.608365,
        "nauc_ndcg_at_5_max": 0.252853,
        "nauc_ndcg_at_5_std": 0.117566,
        "nauc_ndcg_at_5_diff1": 0.611121,
        "nauc_ndcg_at_10_max": 0.241652,
        "nauc_ndcg_at_10_std": 0.115652,
        "nauc_ndcg_at_10_diff1": 0.611492,
        "nauc_ndcg_at_20_max": 0.239318,
        "nauc_ndcg_at_20_std": 0.112744,
        "nauc_ndcg_at_20_diff1": 0.607334,
        "nauc_ndcg_at_100_max": 0.237457,
        "nauc_ndcg_at_100_std": 0.101911,
        "nauc_ndcg_at_100_diff1": 0.61639,
        "nauc_ndcg_at_1000_max": 0.233942,
        "nauc_ndcg_at_1000_std": 0.097932,
        "nauc_ndcg_at_1000_diff1": 0.615102,
        "nauc_map_at_1_max": 0.181809,
        "nauc_map_at_1_std": 0.013696,
        "nauc_map_at_1_diff1": 0.632098,
        "nauc_map_at_3_max": 0.223366,
        "nauc_map_at_3_std": 0.062566,
        "nauc_map_at_3_diff1": 0.61394,
        "nauc_map_at_5_max": 0.233107,
        "nauc_map_at_5_std": 0.077829,
        "nauc_map_at_5_diff1": 0.615379,
        "nauc_map_at_10_max": 0.228386,
        "nauc_map_at_10_std": 0.076654,
        "nauc_map_at_10_diff1": 0.61629,
        "nauc_map_at_20_max": 0.227762,
        "nauc_map_at_20_std": 0.076025,
        "nauc_map_at_20_diff1": 0.615213,
        "nauc_map_at_100_max": 0.227443,
        "nauc_map_at_100_std": 0.07453,
        "nauc_map_at_100_diff1": 0.616436,
        "nauc_map_at_1000_max": 0.227241,
        "nauc_map_at_1000_std": 0.074382,
        "nauc_map_at_1000_diff1": 0.616341,
        "nauc_recall_at_1_max": 0.181809,
        "nauc_recall_at_1_std": 0.013696,
        "nauc_recall_at_1_diff1": 0.632098,
        "nauc_recall_at_3_max": 0.282345,
        "nauc_recall_at_3_std": 0.153374,
        "nauc_recall_at_3_diff1": 0.560054,
        "nauc_recall_at_5_max": 0.353075,
        "nauc_recall_at_5_std": 0.274353,
        "nauc_recall_at_5_diff1": 0.55044,
        "nauc_recall_at_10_max": 0.326028,
        "nauc_recall_at_10_std": 0.318998,
        "nauc_recall_at_10_diff1": 0.531688,
        "nauc_recall_at_20_max": 0.327843,
        "nauc_recall_at_20_std": 0.349265,
        "nauc_recall_at_20_diff1": 0.468796,
        "nauc_recall_at_100_max": 0.396822,
        "nauc_recall_at_100_std": 0.357549,
        "nauc_recall_at_100_diff1": 0.541432,
        "nauc_recall_at_1000_max": 0.474651,
        "nauc_recall_at_1000_std": 0.461369,
        "nauc_recall_at_1000_diff1": 0.471168,
        "nauc_precision_at_1_max": 0.171602,
        "nauc_precision_at_1_std": 0.028226,
        "nauc_precision_at_1_diff1": 0.643155,
        "nauc_precision_at_3_max": 0.224431,
        "nauc_precision_at_3_std": 0.167213,
        "nauc_precision_at_3_diff1": 0.468441,
        "nauc_precision_at_5_max": 0.254119,
        "nauc_precision_at_5_std": 0.282007,
        "nauc_precision_at_5_diff1": 0.374316,
        "nauc_precision_at_10_max": 0.175603,
        "nauc_precision_at_10_std": 0.290526,
        "nauc_precision_at_10_diff1": 0.239485,
        "nauc_precision_at_20_max": 0.117742,
        "nauc_precision_at_20_std": 0.262886,
        "nauc_precision_at_20_diff1": 0.097719,
        "nauc_precision_at_100_max": 0.012243,
        "nauc_precision_at_100_std": 0.159639,
        "nauc_precision_at_100_diff1": -0.084089,
        "nauc_precision_at_1000_max": -0.090972,
        "nauc_precision_at_1000_std": 0.077695,
        "nauc_precision_at_1000_diff1": -0.214197,
        "nauc_mrr_at_1_max": 0.171602,
        "nauc_mrr_at_1_std": 0.028226,
        "nauc_mrr_at_1_diff1": 0.643155,
        "nauc_mrr_at_3_max": 0.208069,
        "nauc_mrr_at_3_std": 0.078662,
        "nauc_mrr_at_3_diff1": 0.622941,
        "nauc_mrr_at_5_max": 0.215453,
        "nauc_mrr_at_5_std": 0.09129,
        "nauc_mrr_at_5_diff1": 0.626313,
        "nauc_mrr_at_10_max": 0.209587,
        "nauc_mrr_at_10_std": 0.087845,
        "nauc_mrr_at_10_diff1": 0.6256,
        "nauc_mrr_at_20_max": 0.209055,
        "nauc_mrr_at_20_std": 0.087168,
        "nauc_mrr_at_20_diff1": 0.624497,
        "nauc_mrr_at_100_max": 0.208612,
        "nauc_mrr_at_100_std": 0.085423,
        "nauc_mrr_at_100_diff1": 0.625693,
        "nauc_mrr_at_1000_max": 0.208555,
        "nauc_mrr_at_1000_std": 0.085256,
        "nauc_mrr_at_1000_diff1": 0.625692,
        "cv_recall_at_1": 0.593,
        "cv_recall_at_3": 0.806,
        "cv_recall_at_5": 0.862,
        "cv_recall_at_10": 0.91,
        "cv_recall_at_20": 0.937,
        "cv_recall_at_100": 0.981,
        "cv_recall_at_1000": 0.995,
        "main_score": 0.73641,
        "hf_subset": "default",
        "languages": [
          "eng-Latn"
        ]
      }
    ]
  },
  "evaluation_time": 803.6513624191284,
  "kg_co2_emissions": null
}