{
  "dataset_revision": "f8c2fcf00f625baaa80f62ec5bd9e1fff3b8ae88",
  "task_name": "SCIDOCS",
  "mteb_version": "2.7.8",
  "scores": {
    "test": [
      {
        "ndcg_at_1": 0.18,
        "ndcg_at_3": 0.13773,
        "ndcg_at_5": 0.11944,
        "ndcg_at_10": 0.14394,
        "ndcg_at_20": 0.1666,
        "ndcg_at_100": 0.20701,
        "ndcg_at_1000": 0.25639,
        "map_at_1": 0.03648,
        "map_at_3": 0.06057,
        "map_at_5": 0.0708,
        "map_at_10": 0.08192,
        "map_at_20": 0.08927,
        "map_at_100": 0.09619,
        "map_at_1000": 0.09848,
        "recall_at_1": 0.03648,
        "recall_at_3": 0.07732,
        "recall_at_5": 0.1045,
        "recall_at_10": 0.14938,
        "recall_at_20": 0.20243,
        "recall_at_100": 0.33435,
        "recall_at_1000": 0.57868,
        "accuracy": 0.03648,
        "precision_at_1": 0.18,
        "precision_at_3": 0.12667,
        "precision_at_5": 0.1028,
        "precision_at_10": 0.0736,
        "precision_at_20": 0.04995,
        "precision_at_100": 0.01647,
        "precision_at_1000": 0.00285,
        "mrr_at_1": 0.18,
        "mrr_at_3": 0.231833,
        "mrr_at_5": 0.248233,
        "mrr_at_10": 0.261329,
        "mrr_at_20": 0.268268,
        "mrr_at_100": 0.273207,
        "mrr_at_1000": 0.273959,
        "nauc_ndcg_at_1_max": 0.173666,
        "nauc_ndcg_at_1_std": -0.005649,
        "nauc_ndcg_at_1_diff1": 0.171606,
        "nauc_ndcg_at_3_max": 0.194278,
        "nauc_ndcg_at_3_std": 0.018722,
        "nauc_ndcg_at_3_diff1": 0.175188,
        "nauc_ndcg_at_5_max": 0.187831,
        "nauc_ndcg_at_5_std": 0.030721,
        "nauc_ndcg_at_5_diff1": 0.151158,
        "nauc_ndcg_at_10_max": 0.208306,
        "nauc_ndcg_at_10_std": 0.072293,
        "nauc_ndcg_at_10_diff1": 0.15366,
        "nauc_ndcg_at_20_max": 0.220138,
        "nauc_ndcg_at_20_std": 0.094074,
        "nauc_ndcg_at_20_diff1": 0.164634,
        "nauc_ndcg_at_100_max": 0.243952,
        "nauc_ndcg_at_100_std": 0.138443,
        "nauc_ndcg_at_100_diff1": 0.170005,
        "nauc_ndcg_at_1000_max": 0.252138,
        "nauc_ndcg_at_1000_std": 0.159396,
        "nauc_ndcg_at_1000_diff1": 0.174352,
        "nauc_map_at_1_max": 0.173773,
        "nauc_map_at_1_std": -0.008174,
        "nauc_map_at_1_diff1": 0.171193,
        "nauc_map_at_3_max": 0.194043,
        "nauc_map_at_3_std": 0.008275,
        "nauc_map_at_3_diff1": 0.172934,
        "nauc_map_at_5_max": 0.192467,
        "nauc_map_at_5_std": 0.019131,
        "nauc_map_at_5_diff1": 0.150968,
        "nauc_map_at_10_max": 0.209568,
        "nauc_map_at_10_std": 0.049541,
        "nauc_map_at_10_diff1": 0.154853,
        "nauc_map_at_20_max": 0.218725,
        "nauc_map_at_20_std": 0.064457,
        "nauc_map_at_20_diff1": 0.161308,
        "nauc_map_at_100_max": 0.226417,
        "nauc_map_at_100_std": 0.080462,
        "nauc_map_at_100_diff1": 0.163304,
        "nauc_map_at_1000_max": 0.227485,
        "nauc_map_at_1000_std": 0.083276,
        "nauc_map_at_1000_diff1": 0.163868,
        "nauc_recall_at_1_max": 0.173773,
        "nauc_recall_at_1_std": -0.008174,
        "nauc_recall_at_1_diff1": 0.171193,
        "nauc_recall_at_3_max": 0.20087,
        "nauc_recall_at_3_std": 0.02947,
        "nauc_recall_at_3_diff1": 0.1728,
        "nauc_recall_at_5_max": 0.186478,
        "nauc_recall_at_5_std": 0.052649,
        "nauc_recall_at_5_diff1": 0.129029,
        "nauc_recall_at_10_max": 0.212236,
        "nauc_recall_at_10_std": 0.124549,
        "nauc_recall_at_10_diff1": 0.12821,
        "nauc_recall_at_20_max": 0.228649,
        "nauc_recall_at_20_std": 0.159245,
        "nauc_recall_at_20_diff1": 0.149969,
        "nauc_recall_at_100_max": 0.262612,
        "nauc_recall_at_100_std": 0.245314,
        "nauc_recall_at_100_diff1": 0.150868,
        "nauc_recall_at_1000_max": 0.262464,
        "nauc_recall_at_1000_std": 0.310079,
        "nauc_recall_at_1000_diff1": 0.144478,
        "nauc_precision_at_1_max": 0.173666,
        "nauc_precision_at_1_std": -0.005649,
        "nauc_precision_at_1_diff1": 0.171606,
        "nauc_precision_at_3_max": 0.205507,
        "nauc_precision_at_3_std": 0.035619,
        "nauc_precision_at_3_diff1": 0.175345,
        "nauc_precision_at_5_max": 0.189132,
        "nauc_precision_at_5_std": 0.05655,
        "nauc_precision_at_5_diff1": 0.131511,
        "nauc_precision_at_10_max": 0.216044,
        "nauc_precision_at_10_std": 0.128079,
        "nauc_precision_at_10_diff1": 0.131979,
        "nauc_precision_at_20_max": 0.230873,
        "nauc_precision_at_20_std": 0.161223,
        "nauc_precision_at_20_diff1": 0.152992,
        "nauc_precision_at_100_max": 0.268174,
        "nauc_precision_at_100_std": 0.249339,
        "nauc_precision_at_100_diff1": 0.15591,
        "nauc_precision_at_1000_max": 0.267238,
        "nauc_precision_at_1000_std": 0.310113,
        "nauc_precision_at_1000_diff1": 0.150493,
        "nauc_mrr_at_1_max": 0.173666,
        "nauc_mrr_at_1_std": -0.005649,
        "nauc_mrr_at_1_diff1": 0.171606,
        "nauc_mrr_at_3_max": 0.18046,
        "nauc_mrr_at_3_std": 0.007394,
        "nauc_mrr_at_3_diff1": 0.176202,
        "nauc_mrr_at_5_max": 0.175802,
        "nauc_mrr_at_5_std": 0.014741,
        "nauc_mrr_at_5_diff1": 0.168096,
        "nauc_mrr_at_10_max": 0.181537,
        "nauc_mrr_at_10_std": 0.026427,
        "nauc_mrr_at_10_diff1": 0.167893,
        "nauc_mrr_at_20_max": 0.181947,
        "nauc_mrr_at_20_std": 0.027971,
        "nauc_mrr_at_20_diff1": 0.170213,
        "nauc_mrr_at_100_max": 0.183948,
        "nauc_mrr_at_100_std": 0.030016,
        "nauc_mrr_at_100_diff1": 0.170643,
        "nauc_mrr_at_1000_max": 0.183787,
        "nauc_mrr_at_1000_std": 0.029735,
        "nauc_mrr_at_1000_diff1": 0.170368,
        "cv_recall_at_1": 0.18,
        "cv_recall_at_3": 0.301,
        "cv_recall_at_5": 0.372,
        "cv_recall_at_10": 0.47,
        "cv_recall_at_20": 0.57,
        "cv_recall_at_100": 0.765,
        "cv_recall_at_1000": 0.945,
        "main_score": 0.14394,
        "hf_subset": "default",
        "languages": [
          "eng-Latn"
        ]
      }
    ]
  },
  "evaluation_time": 185.84988355636597,
  "kg_co2_emissions": null
}