{
  "dataset_revision": "431886eaecc48f067a3975b70d0949ea2862463c",
  "task_name": "Touche2020Retrieval.v3",
  "mteb_version": "2.7.8",
  "scores": {
    "test": [
      {
        "ndcg_at_1": 0.45918,
        "ndcg_at_3": 0.47971,
        "ndcg_at_5": 0.46324,
        "ndcg_at_10": 0.46536,
        "ndcg_at_20": 0.42879,
        "ndcg_at_100": 0.50275,
        "ndcg_at_1000": 0.62751,
        "map_at_1": 0.01818,
        "map_at_3": 0.05045,
        "map_at_5": 0.07714,
        "map_at_10": 0.14369,
        "map_at_20": 0.20609,
        "map_at_100": 0.28995,
        "map_at_1000": 0.32161,
        "recall_at_1": 0.01818,
        "recall_at_3": 0.05882,
        "recall_at_5": 0.0946,
        "recall_at_10": 0.1907,
        "recall_at_20": 0.29939,
        "recall_at_100": 0.56004,
        "recall_at_1000": 0.85947,
        "accuracy": 0.01818,
        "precision_at_1": 0.55102,
        "precision_at_3": 0.57143,
        "precision_at_5": 0.53469,
        "precision_at_10": 0.53265,
        "precision_at_20": 0.43571,
        "precision_at_100": 0.17592,
        "precision_at_1000": 0.02961,
        "mrr_at_1": 0.55102,
        "mrr_at_3": 0.707483,
        "mrr_at_5": 0.72483,
        "mrr_at_10": 0.72483,
        "mrr_at_20": 0.72483,
        "mrr_at_100": 0.72483,
        "mrr_at_1000": 0.724931,
        "nauc_ndcg_at_1_max": 0.137409,
        "nauc_ndcg_at_1_std": 0.09121,
        "nauc_ndcg_at_1_diff1": -0.130257,
        "nauc_ndcg_at_3_max": 0.170661,
        "nauc_ndcg_at_3_std": 0.213256,
        "nauc_ndcg_at_3_diff1": 0.04435,
        "nauc_ndcg_at_5_max": 0.162496,
        "nauc_ndcg_at_5_std": 0.21403,
        "nauc_ndcg_at_5_diff1": 0.053579,
        "nauc_ndcg_at_10_max": 0.10127,
        "nauc_ndcg_at_10_std": 0.180537,
        "nauc_ndcg_at_10_diff1": 0.079482,
        "nauc_ndcg_at_20_max": 0.13356,
        "nauc_ndcg_at_20_std": 0.202933,
        "nauc_ndcg_at_20_diff1": 0.076747,
        "nauc_ndcg_at_100_max": -0.041791,
        "nauc_ndcg_at_100_std": 0.237567,
        "nauc_ndcg_at_100_diff1": 0.089011,
        "nauc_ndcg_at_1000_max": 0.119879,
        "nauc_ndcg_at_1000_std": 0.435296,
        "nauc_ndcg_at_1000_diff1": 0.160807,
        "nauc_map_at_1_max": -0.047623,
        "nauc_map_at_1_std": -0.047037,
        "nauc_map_at_1_diff1": -0.079985,
        "nauc_map_at_3_max": -0.052871,
        "nauc_map_at_3_std": -0.04668,
        "nauc_map_at_3_diff1": 0.033797,
        "nauc_map_at_5_max": -0.058135,
        "nauc_map_at_5_std": -0.052805,
        "nauc_map_at_5_diff1": 0.072853,
        "nauc_map_at_10_max": -0.122347,
        "nauc_map_at_10_std": -0.101829,
        "nauc_map_at_10_diff1": 0.105881,
        "nauc_map_at_20_max": -0.028723,
        "nauc_map_at_20_std": -0.02586,
        "nauc_map_at_20_diff1": 0.093964,
        "nauc_map_at_100_max": -0.028149,
        "nauc_map_at_100_std": 0.095909,
        "nauc_map_at_100_diff1": 0.096914,
        "nauc_map_at_1000_max": 0.014063,
        "nauc_map_at_1000_std": 0.156173,
        "nauc_map_at_1000_diff1": 0.12184,
        "nauc_recall_at_1_max": -0.047623,
        "nauc_recall_at_1_std": -0.047037,
        "nauc_recall_at_1_diff1": -0.079985,
        "nauc_recall_at_3_max": -0.11178,
        "nauc_recall_at_3_std": -0.096193,
        "nauc_recall_at_3_diff1": 0.092408,
        "nauc_recall_at_5_max": -0.127042,
        "nauc_recall_at_5_std": -0.102257,
        "nauc_recall_at_5_diff1": 0.095911,
        "nauc_recall_at_10_max": -0.187916,
        "nauc_recall_at_10_std": -0.165733,
        "nauc_recall_at_10_diff1": 0.118342,
        "nauc_recall_at_20_max": -0.087286,
        "nauc_recall_at_20_std": -0.066568,
        "nauc_recall_at_20_diff1": 0.097907,
        "nauc_recall_at_100_max": -0.147516,
        "nauc_recall_at_100_std": 0.16864,
        "nauc_recall_at_100_diff1": 0.106211,
        "nauc_recall_at_1000_max": 0.086106,
        "nauc_recall_at_1000_std": 0.575632,
        "nauc_recall_at_1000_diff1": 0.30712,
        "nauc_precision_at_1_max": 0.176469,
        "nauc_precision_at_1_std": 0.028013,
        "nauc_precision_at_1_diff1": -0.141371,
        "nauc_precision_at_3_max": 0.160137,
        "nauc_precision_at_3_std": 0.146833,
        "nauc_precision_at_3_diff1": 0.137179,
        "nauc_precision_at_5_max": 0.134449,
        "nauc_precision_at_5_std": 0.13194,
        "nauc_precision_at_5_diff1": 0.125631,
        "nauc_precision_at_10_max": 0.029681,
        "nauc_precision_at_10_std": 0.083353,
        "nauc_precision_at_10_diff1": 0.168049,
        "nauc_precision_at_20_max": 0.237658,
        "nauc_precision_at_20_std": 0.282008,
        "nauc_precision_at_20_diff1": 0.113506,
        "nauc_precision_at_100_max": 0.286622,
        "nauc_precision_at_100_std": 0.657793,
        "nauc_precision_at_100_diff1": 0.1157,
        "nauc_precision_at_1000_max": 0.509236,
        "nauc_precision_at_1000_std": 0.505591,
        "nauc_precision_at_1000_diff1": 0.12527,
        "nauc_mrr_at_1_max": 0.176469,
        "nauc_mrr_at_1_std": 0.028013,
        "nauc_mrr_at_1_diff1": -0.141371,
        "nauc_mrr_at_3_max": 0.168923,
        "nauc_mrr_at_3_std": 0.082756,
        "nauc_mrr_at_3_diff1": 0.026055,
        "nauc_mrr_at_5_max": 0.183468,
        "nauc_mrr_at_5_std": 0.087771,
        "nauc_mrr_at_5_diff1": -0.017926,
        "nauc_mrr_at_10_max": 0.183468,
        "nauc_mrr_at_10_std": 0.087771,
        "nauc_mrr_at_10_diff1": -0.017926,
        "nauc_mrr_at_20_max": 0.183468,
        "nauc_mrr_at_20_std": 0.087771,
        "nauc_mrr_at_20_diff1": -0.017926,
        "nauc_mrr_at_100_max": 0.183468,
        "nauc_mrr_at_100_std": 0.087771,
        "nauc_mrr_at_100_diff1": -0.017926,
        "nauc_mrr_at_1000_max": 0.183083,
        "nauc_mrr_at_1000_std": 0.087342,
        "nauc_mrr_at_1000_diff1": -0.018274,
        "cv_recall_at_1": 0.55102,
        "cv_recall_at_3": 0.89796,
        "cv_recall_at_5": 0.97959,
        "cv_recall_at_10": 0.97959,
        "cv_recall_at_20": 0.97959,
        "cv_recall_at_100": 0.97959,
        "cv_recall_at_1000": 1.0,
        "main_score": 0.46536,
        "hf_subset": "default",
        "languages": [
          "eng-Latn"
        ]
      }
    ]
  },
  "evaluation_time": 3635.0240240097046,
  "kg_co2_emissions": null
}