{
  "dataset_revision": "bb9466bac8153a0349341eb1b22e06409e78ef4e",
  "task_name": "TRECCOVID",
  "mteb_version": "2.7.8",
  "scores": {
    "test": [
      {
        "ndcg_at_1": 0.73,
        "ndcg_at_3": 0.66642,
        "ndcg_at_5": 0.63548,
        "ndcg_at_10": 0.58608,
        "ndcg_at_20": 0.53725,
        "ndcg_at_100": 0.38583,
        "ndcg_at_1000": 0.33342,
        "map_at_1": 0.00216,
        "map_at_3": 0.00516,
        "map_at_5": 0.00758,
        "map_at_10": 0.01243,
        "map_at_20": 0.02036,
        "map_at_100": 0.05644,
        "map_at_1000": 0.12557,
        "recall_at_1": 0.00216,
        "recall_at_3": 0.00549,
        "recall_at_5": 0.00836,
        "recall_at_10": 0.01478,
        "recall_at_20": 0.02608,
        "recall_at_100": 0.08751,
        "recall_at_1000": 0.30997,
        "accuracy": 0.00216,
        "precision_at_1": 0.78,
        "precision_at_3": 0.7,
        "precision_at_5": 0.664,
        "precision_at_10": 0.602,
        "precision_at_20": 0.55,
        "precision_at_100": 0.3826,
        "precision_at_1000": 0.14712,
        "mrr_at_1": 0.78,
        "mrr_at_3": 0.846667,
        "mrr_at_5": 0.851667,
        "mrr_at_10": 0.855,
        "mrr_at_20": 0.855,
        "mrr_at_100": 0.855861,
        "mrr_at_1000": 0.855861,
        "nauc_ndcg_at_1_max": 0.37132,
        "nauc_ndcg_at_1_std": 0.237542,
        "nauc_ndcg_at_1_diff1": -0.032232,
        "nauc_ndcg_at_3_max": 0.23772,
        "nauc_ndcg_at_3_std": 0.41257,
        "nauc_ndcg_at_3_diff1": -0.250769,
        "nauc_ndcg_at_5_max": 0.264372,
        "nauc_ndcg_at_5_std": 0.492118,
        "nauc_ndcg_at_5_diff1": -0.247212,
        "nauc_ndcg_at_10_max": 0.228381,
        "nauc_ndcg_at_10_std": 0.594835,
        "nauc_ndcg_at_10_diff1": -0.328061,
        "nauc_ndcg_at_20_max": 0.19095,
        "nauc_ndcg_at_20_std": 0.602608,
        "nauc_ndcg_at_20_diff1": -0.381387,
        "nauc_ndcg_at_100_max": 0.245121,
        "nauc_ndcg_at_100_std": 0.784897,
        "nauc_ndcg_at_100_diff1": -0.39441,
        "nauc_ndcg_at_1000_max": 0.246925,
        "nauc_ndcg_at_1000_std": 0.783029,
        "nauc_ndcg_at_1000_diff1": -0.297697,
        "nauc_map_at_1_max": 0.131445,
        "nauc_map_at_1_std": -0.102071,
        "nauc_map_at_1_diff1": 0.201707,
        "nauc_map_at_3_max": 0.129525,
        "nauc_map_at_3_std": 0.058347,
        "nauc_map_at_3_diff1": 0.07496,
        "nauc_map_at_5_max": 0.197964,
        "nauc_map_at_5_std": 0.176119,
        "nauc_map_at_5_diff1": 0.074577,
        "nauc_map_at_10_max": 0.187313,
        "nauc_map_at_10_std": 0.326753,
        "nauc_map_at_10_diff1": -0.016455,
        "nauc_map_at_20_max": 0.174339,
        "nauc_map_at_20_std": 0.434646,
        "nauc_map_at_20_diff1": -0.143972,
        "nauc_map_at_100_max": 0.244916,
        "nauc_map_at_100_std": 0.691786,
        "nauc_map_at_100_diff1": -0.278387,
        "nauc_map_at_1000_max": 0.280958,
        "nauc_map_at_1000_std": 0.843931,
        "nauc_map_at_1000_diff1": -0.34087,
        "nauc_recall_at_1_max": 0.131445,
        "nauc_recall_at_1_std": -0.102071,
        "nauc_recall_at_1_diff1": 0.201707,
        "nauc_recall_at_3_max": 0.083206,
        "nauc_recall_at_3_std": 0.033052,
        "nauc_recall_at_3_diff1": 0.048924,
        "nauc_recall_at_5_max": 0.170845,
        "nauc_recall_at_5_std": 0.139081,
        "nauc_recall_at_5_diff1": 0.092422,
        "nauc_recall_at_10_max": 0.134669,
        "nauc_recall_at_10_std": 0.239637,
        "nauc_recall_at_10_diff1": 0.013776,
        "nauc_recall_at_20_max": 0.153067,
        "nauc_recall_at_20_std": 0.343005,
        "nauc_recall_at_20_diff1": -0.078763,
        "nauc_recall_at_100_max": 0.256006,
        "nauc_recall_at_100_std": 0.629023,
        "nauc_recall_at_100_diff1": -0.185321,
        "nauc_recall_at_1000_max": 0.234798,
        "nauc_recall_at_1000_std": 0.746181,
        "nauc_recall_at_1000_diff1": -0.23772,
        "nauc_precision_at_1_max": 0.665276,
        "nauc_precision_at_1_std": 0.314137,
        "nauc_precision_at_1_diff1": 0.115083,
        "nauc_precision_at_3_max": 0.272051,
        "nauc_precision_at_3_std": 0.525193,
        "nauc_precision_at_3_diff1": -0.3372,
        "nauc_precision_at_5_max": 0.290056,
        "nauc_precision_at_5_std": 0.561918,
        "nauc_precision_at_5_diff1": -0.231513,
        "nauc_precision_at_10_max": 0.22548,
        "nauc_precision_at_10_std": 0.659129,
        "nauc_precision_at_10_diff1": -0.323806,
        "nauc_precision_at_20_max": 0.189342,
        "nauc_precision_at_20_std": 0.634025,
        "nauc_precision_at_20_diff1": -0.397328,
        "nauc_precision_at_100_max": 0.252777,
        "nauc_precision_at_100_std": 0.820257,
        "nauc_precision_at_100_diff1": -0.387966,
        "nauc_precision_at_1000_max": 0.197022,
        "nauc_precision_at_1000_std": 0.75056,
        "nauc_precision_at_1000_diff1": -0.361628,
        "nauc_mrr_at_1_max": 0.665276,
        "nauc_mrr_at_1_std": 0.314137,
        "nauc_mrr_at_1_diff1": 0.115083,
        "nauc_mrr_at_3_max": 0.703642,
        "nauc_mrr_at_3_std": 0.46075,
        "nauc_mrr_at_3_diff1": 0.04602,
        "nauc_mrr_at_5_max": 0.692984,
        "nauc_mrr_at_5_std": 0.446056,
        "nauc_mrr_at_5_diff1": 0.067942,
        "nauc_mrr_at_10_max": 0.692265,
        "nauc_mrr_at_10_std": 0.435659,
        "nauc_mrr_at_10_diff1": 0.051868,
        "nauc_mrr_at_20_max": 0.692265,
        "nauc_mrr_at_20_std": 0.435659,
        "nauc_mrr_at_20_diff1": 0.051868,
        "nauc_mrr_at_100_max": 0.692034,
        "nauc_mrr_at_100_std": 0.43383,
        "nauc_mrr_at_100_diff1": 0.054686,
        "nauc_mrr_at_1000_max": 0.692034,
        "nauc_mrr_at_1000_std": 0.43383,
        "nauc_mrr_at_1000_diff1": 0.054686,
        "cv_recall_at_1": 0.78,
        "cv_recall_at_3": 0.92,
        "cv_recall_at_5": 0.94,
        "cv_recall_at_10": 0.96,
        "cv_recall_at_20": 0.96,
        "cv_recall_at_100": 1.0,
        "cv_recall_at_1000": 1.0,
        "main_score": 0.58608,
        "hf_subset": "default",
        "languages": [
          "eng-Latn"
        ]
      }
    ]
  },
  "evaluation_time": 1680.6641731262207,
  "kg_co2_emissions": null
}