{
  "dataset_revision": "3a309e201f3c2c4b13bd4a367a8f37eee2ec1d21",
  "task_name": "ClimateFEVERHardNegatives",
  "mteb_version": "2.7.12",
  "scores": {
    "test": [
      {
        "ndcg_at_1": 0.164,
        "ndcg_at_3": 0.15183,
        "ndcg_at_5": 0.17083,
        "ndcg_at_10": 0.20177,
        "ndcg_at_20": 0.22876,
        "ndcg_at_100": 0.27891,
        "ndcg_at_1000": 0.32529,
        "map_at_1": 0.07723,
        "map_at_3": 0.10988,
        "map_at_5": 0.12344,
        "map_at_10": 0.13583,
        "map_at_20": 0.14425,
        "map_at_100": 0.15288,
        "map_at_1000": 0.1554,
        "recall_at_1": 0.07723,
        "recall_at_3": 0.14353,
        "recall_at_5": 0.19072,
        "recall_at_10": 0.2617,
        "recall_at_20": 0.33843,
        "recall_at_100": 0.53398,
        "recall_at_1000": 0.79465,
        "accuracy": 0.07723,
        "precision_at_1": 0.164,
        "precision_at_3": 0.11133,
        "precision_at_5": 0.0914,
        "precision_at_10": 0.0652,
        "precision_at_20": 0.04395,
        "precision_at_100": 0.01478,
        "precision_at_1000": 0.00233,
        "mrr_at_1": 0.164,
        "mrr_at_3": 0.226167,
        "mrr_at_5": 0.246867,
        "mrr_at_10": 0.264486,
        "mrr_at_20": 0.272158,
        "mrr_at_100": 0.277161,
        "mrr_at_1000": 0.277785,
        "nauc_ndcg_at_1_max": 0.302453,
        "nauc_ndcg_at_1_std": 0.105675,
        "nauc_ndcg_at_1_diff1": 0.248539,
        "nauc_ndcg_at_3_max": 0.308263,
        "nauc_ndcg_at_3_std": 0.10518,
        "nauc_ndcg_at_3_diff1": 0.182586,
        "nauc_ndcg_at_5_max": 0.325378,
        "nauc_ndcg_at_5_std": 0.136316,
        "nauc_ndcg_at_5_diff1": 0.177304,
        "nauc_ndcg_at_10_max": 0.338322,
        "nauc_ndcg_at_10_std": 0.15841,
        "nauc_ndcg_at_10_diff1": 0.170488,
        "nauc_ndcg_at_20_max": 0.349448,
        "nauc_ndcg_at_20_std": 0.173188,
        "nauc_ndcg_at_20_diff1": 0.180342,
        "nauc_ndcg_at_100_max": 0.384491,
        "nauc_ndcg_at_100_std": 0.217968,
        "nauc_ndcg_at_100_diff1": 0.193982,
        "nauc_ndcg_at_1000_max": 0.37794,
        "nauc_ndcg_at_1000_std": 0.221615,
        "nauc_ndcg_at_1000_diff1": 0.178405,
        "nauc_map_at_1_max": 0.316133,
        "nauc_map_at_1_std": 0.083164,
        "nauc_map_at_1_diff1": 0.248256,
        "nauc_map_at_3_max": 0.326746,
        "nauc_map_at_3_std": 0.098074,
        "nauc_map_at_3_diff1": 0.202049,
        "nauc_map_at_5_max": 0.334571,
        "nauc_map_at_5_std": 0.118408,
        "nauc_map_at_5_diff1": 0.198329,
        "nauc_map_at_10_max": 0.34085,
        "nauc_map_at_10_std": 0.127375,
        "nauc_map_at_10_diff1": 0.19303,
        "nauc_map_at_20_max": 0.346531,
        "nauc_map_at_20_std": 0.134416,
        "nauc_map_at_20_diff1": 0.196563,
        "nauc_map_at_100_max": 0.355451,
        "nauc_map_at_100_std": 0.146615,
        "nauc_map_at_100_diff1": 0.201164,
        "nauc_map_at_1000_max": 0.355125,
        "nauc_map_at_1000_std": 0.147466,
        "nauc_map_at_1000_diff1": 0.199734,
        "nauc_recall_at_1_max": 0.316133,
        "nauc_recall_at_1_std": 0.083164,
        "nauc_recall_at_1_diff1": 0.248256,
        "nauc_recall_at_3_max": 0.310676,
        "nauc_recall_at_3_std": 0.095278,
        "nauc_recall_at_3_diff1": 0.153439,
        "nauc_recall_at_5_max": 0.313181,
        "nauc_recall_at_5_std": 0.147792,
        "nauc_recall_at_5_diff1": 0.137562,
        "nauc_recall_at_10_max": 0.315974,
        "nauc_recall_at_10_std": 0.172672,
        "nauc_recall_at_10_diff1": 0.122311,
        "nauc_recall_at_20_max": 0.320733,
        "nauc_recall_at_20_std": 0.188685,
        "nauc_recall_at_20_diff1": 0.138453,
        "nauc_recall_at_100_max": 0.389569,
        "nauc_recall_at_100_std": 0.297188,
        "nauc_recall_at_100_diff1": 0.159238,
        "nauc_recall_at_1000_max": 0.38958,
        "nauc_recall_at_1000_std": 0.388042,
        "nauc_recall_at_1000_diff1": 0.064079,
        "nauc_precision_at_1_max": 0.302453,
        "nauc_precision_at_1_std": 0.105675,
        "nauc_precision_at_1_diff1": 0.248539,
        "nauc_precision_at_3_max": 0.285871,
        "nauc_precision_at_3_std": 0.121908,
        "nauc_precision_at_3_diff1": 0.146031,
        "nauc_precision_at_5_max": 0.295646,
        "nauc_precision_at_5_std": 0.175959,
        "nauc_precision_at_5_diff1": 0.119884,
        "nauc_precision_at_10_max": 0.293644,
        "nauc_precision_at_10_std": 0.218817,
        "nauc_precision_at_10_diff1": 0.084503,
        "nauc_precision_at_20_max": 0.284097,
        "nauc_precision_at_20_std": 0.238409,
        "nauc_precision_at_20_diff1": 0.094833,
        "nauc_precision_at_100_max": 0.302382,
        "nauc_precision_at_100_std": 0.327411,
        "nauc_precision_at_100_diff1": 0.08712,
        "nauc_precision_at_1000_max": 0.12234,
        "nauc_precision_at_1000_std": 0.243605,
        "nauc_precision_at_1000_diff1": -0.04108,
        "nauc_mrr_at_1_max": 0.302453,
        "nauc_mrr_at_1_std": 0.105675,
        "nauc_mrr_at_1_diff1": 0.248539,
        "nauc_mrr_at_3_max": 0.293261,
        "nauc_mrr_at_3_std": 0.113687,
        "nauc_mrr_at_3_diff1": 0.191111,
        "nauc_mrr_at_5_max": 0.297962,
        "nauc_mrr_at_5_std": 0.130226,
        "nauc_mrr_at_5_diff1": 0.184102,
        "nauc_mrr_at_10_max": 0.305951,
        "nauc_mrr_at_10_std": 0.144141,
        "nauc_mrr_at_10_diff1": 0.184578,
        "nauc_mrr_at_20_max": 0.306812,
        "nauc_mrr_at_20_std": 0.145564,
        "nauc_mrr_at_20_diff1": 0.186632,
        "nauc_mrr_at_100_max": 0.308295,
        "nauc_mrr_at_100_std": 0.145829,
        "nauc_mrr_at_100_diff1": 0.187653,
        "nauc_mrr_at_1000_max": 0.307801,
        "nauc_mrr_at_1000_std": 0.145247,
        "nauc_mrr_at_1000_diff1": 0.187637,
        "cv_recall_at_1": 0.164,
        "cv_recall_at_3": 0.306,
        "cv_recall_at_5": 0.395,
        "cv_recall_at_10": 0.525,
        "cv_recall_at_20": 0.636,
        "cv_recall_at_100": 0.836,
        "cv_recall_at_1000": 0.964,
        "main_score": 0.20177,
        "hf_subset": "default",
        "languages": [
          "eng-Latn"
        ]
      }
    ]
  },
  "evaluation_time": 277.9809410572052,
  "kg_co2_emissions": null
}