{
  "dataset_revision": "6c6430d3a6d36f8d2a829195bc5dc94d7e063e53",
  "task_name": "CQADupstackUnixRetrieval",
  "mteb_version": "2.7.12",
  "scores": {
    "test": [
      {
        "ndcg_at_1": 0.27892,
        "ndcg_at_3": 0.31455,
        "ndcg_at_5": 0.32941,
        "ndcg_at_10": 0.35066,
        "ndcg_at_20": 0.37076,
        "ndcg_at_100": 0.40203,
        "ndcg_at_1000": 0.42924,
        "map_at_1": 0.23542,
        "map_at_3": 0.28678,
        "map_at_5": 0.29745,
        "map_at_10": 0.30705,
        "map_at_20": 0.31292,
        "map_at_100": 0.3177,
        "map_at_1000": 0.31881,
        "recall_at_1": 0.23542,
        "recall_at_3": 0.34026,
        "recall_at_5": 0.38075,
        "recall_at_10": 0.44308,
        "recall_at_20": 0.51766,
        "recall_at_100": 0.66954,
        "recall_at_1000": 0.86511,
        "accuracy": 0.23542,
        "precision_at_1": 0.27892,
        "precision_at_3": 0.14366,
        "precision_at_5": 0.09757,
        "precision_at_10": 0.05812,
        "precision_at_20": 0.03424,
        "precision_at_100": 0.00935,
        "precision_at_1000": 0.00128,
        "mrr_at_1": 0.278918,
        "mrr_at_3": 0.329136,
        "mrr_at_5": 0.339024,
        "mrr_at_10": 0.348044,
        "mrr_at_20": 0.353269,
        "mrr_at_100": 0.357205,
        "mrr_at_1000": 0.357913,
        "nauc_ndcg_at_1_max": 0.46815,
        "nauc_ndcg_at_1_std": -0.007531,
        "nauc_ndcg_at_1_diff1": 0.577115,
        "nauc_ndcg_at_3_max": 0.454981,
        "nauc_ndcg_at_3_std": 0.005779,
        "nauc_ndcg_at_3_diff1": 0.536567,
        "nauc_ndcg_at_5_max": 0.444077,
        "nauc_ndcg_at_5_std": 0.003885,
        "nauc_ndcg_at_5_diff1": 0.52578,
        "nauc_ndcg_at_10_max": 0.437605,
        "nauc_ndcg_at_10_std": 0.008241,
        "nauc_ndcg_at_10_diff1": 0.515487,
        "nauc_ndcg_at_20_max": 0.433384,
        "nauc_ndcg_at_20_std": 0.012482,
        "nauc_ndcg_at_20_diff1": 0.508074,
        "nauc_ndcg_at_100_max": 0.440889,
        "nauc_ndcg_at_100_std": 0.020471,
        "nauc_ndcg_at_100_diff1": 0.501261,
        "nauc_ndcg_at_1000_max": 0.447023,
        "nauc_ndcg_at_1000_std": 0.028303,
        "nauc_ndcg_at_1000_diff1": 0.502397,
        "nauc_map_at_1_max": 0.465897,
        "nauc_map_at_1_std": -0.01286,
        "nauc_map_at_1_diff1": 0.602169,
        "nauc_map_at_3_max": 0.459113,
        "nauc_map_at_3_std": 0.001472,
        "nauc_map_at_3_diff1": 0.558704,
        "nauc_map_at_5_max": 0.453512,
        "nauc_map_at_5_std": 0.001368,
        "nauc_map_at_5_diff1": 0.548869,
        "nauc_map_at_10_max": 0.450502,
        "nauc_map_at_10_std": 0.002853,
        "nauc_map_at_10_diff1": 0.543894,
        "nauc_map_at_20_max": 0.449177,
        "nauc_map_at_20_std": 0.00418,
        "nauc_map_at_20_diff1": 0.541347,
        "nauc_map_at_100_max": 0.450052,
        "nauc_map_at_100_std": 0.004869,
        "nauc_map_at_100_diff1": 0.539807,
        "nauc_map_at_1000_max": 0.450383,
        "nauc_map_at_1000_std": 0.005316,
        "nauc_map_at_1000_diff1": 0.539785,
        "nauc_recall_at_1_max": 0.465897,
        "nauc_recall_at_1_std": -0.01286,
        "nauc_recall_at_1_diff1": 0.602169,
        "nauc_recall_at_3_max": 0.421604,
        "nauc_recall_at_3_std": 0.010398,
        "nauc_recall_at_3_diff1": 0.501903,
        "nauc_recall_at_5_max": 0.401697,
        "nauc_recall_at_5_std": 0.010314,
        "nauc_recall_at_5_diff1": 0.470021,
        "nauc_recall_at_10_max": 0.374065,
        "nauc_recall_at_10_std": 0.018898,
        "nauc_recall_at_10_diff1": 0.432815,
        "nauc_recall_at_20_max": 0.352603,
        "nauc_recall_at_20_std": 0.036375,
        "nauc_recall_at_20_diff1": 0.399626,
        "nauc_recall_at_100_max": 0.375312,
        "nauc_recall_at_100_std": 0.092075,
        "nauc_recall_at_100_diff1": 0.345151,
        "nauc_recall_at_1000_max": 0.420199,
        "nauc_recall_at_1000_std": 0.290295,
        "nauc_recall_at_1000_diff1": 0.241533,
        "nauc_precision_at_1_max": 0.46815,
        "nauc_precision_at_1_std": -0.007531,
        "nauc_precision_at_1_diff1": 0.577115,
        "nauc_precision_at_3_max": 0.419193,
        "nauc_precision_at_3_std": 0.028635,
        "nauc_precision_at_3_diff1": 0.413265,
        "nauc_precision_at_5_max": 0.383436,
        "nauc_precision_at_5_std": 0.03133,
        "nauc_precision_at_5_diff1": 0.36009,
        "nauc_precision_at_10_max": 0.340028,
        "nauc_precision_at_10_std": 0.042794,
        "nauc_precision_at_10_diff1": 0.287662,
        "nauc_precision_at_20_max": 0.286344,
        "nauc_precision_at_20_std": 0.047573,
        "nauc_precision_at_20_diff1": 0.216275,
        "nauc_precision_at_100_max": 0.23143,
        "nauc_precision_at_100_std": 0.090447,
        "nauc_precision_at_100_diff1": 0.066071,
        "nauc_precision_at_1000_max": 0.09197,
        "nauc_precision_at_1000_std": 0.076022,
        "nauc_precision_at_1000_diff1": -0.09515,
        "nauc_mrr_at_1_max": 0.46815,
        "nauc_mrr_at_1_std": -0.007531,
        "nauc_mrr_at_1_diff1": 0.577115,
        "nauc_mrr_at_3_max": 0.45623,
        "nauc_mrr_at_3_std": 0.001172,
        "nauc_mrr_at_3_diff1": 0.534388,
        "nauc_mrr_at_5_max": 0.452022,
        "nauc_mrr_at_5_std": 0.001532,
        "nauc_mrr_at_5_diff1": 0.527157,
        "nauc_mrr_at_10_max": 0.449447,
        "nauc_mrr_at_10_std": 0.003228,
        "nauc_mrr_at_10_diff1": 0.523436,
        "nauc_mrr_at_20_max": 0.44843,
        "nauc_mrr_at_20_std": 0.003708,
        "nauc_mrr_at_20_diff1": 0.522251,
        "nauc_mrr_at_100_max": 0.448976,
        "nauc_mrr_at_100_std": 0.003712,
        "nauc_mrr_at_100_diff1": 0.521672,
        "nauc_mrr_at_1000_max": 0.449126,
        "nauc_mrr_at_1000_std": 0.004055,
        "nauc_mrr_at_1000_diff1": 0.521798,
        "cv_recall_at_1": 0.27892,
        "cv_recall_at_3": 0.39366,
        "cv_recall_at_5": 0.43657,
        "cv_recall_at_10": 0.50373,
        "cv_recall_at_20": 0.57836,
        "cv_recall_at_100": 0.73228,
        "cv_recall_at_1000": 0.90299,
        "main_score": 0.35066,
        "hf_subset": "default",
        "languages": [
          "eng-Latn"
        ]
      }
    ]
  },
  "evaluation_time": 327.6581914424896,
  "kg_co2_emissions": null
}