{
  "dataset_revision": "4885aa143210c98657558c04aaf3dc47cfb54340",
  "task_name": "CQADupstackGamingRetrieval",
  "mteb_version": "2.7.12",
  "scores": {
    "test": [
      {
        "ndcg_at_1": 0.45893,
        "ndcg_at_3": 0.51435,
        "ndcg_at_5": 0.54002,
        "ndcg_at_10": 0.56751,
        "ndcg_at_20": 0.58437,
        "ndcg_at_100": 0.60679,
        "ndcg_at_1000": 0.61951,
        "map_at_1": 0.40271,
        "map_at_3": 0.48053,
        "map_at_5": 0.49812,
        "map_at_10": 0.51218,
        "map_at_20": 0.51798,
        "map_at_100": 0.52185,
        "map_at_1000": 0.52246,
        "recall_at_1": 0.40271,
        "recall_at_3": 0.55299,
        "recall_at_5": 0.61514,
        "recall_at_10": 0.69439,
        "recall_at_20": 0.75679,
        "recall_at_100": 0.86627,
        "recall_at_1000": 0.9567,
        "accuracy": 0.40271,
        "precision_at_1": 0.45893,
        "precision_at_3": 0.22571,
        "precision_at_5": 0.15461,
        "precision_at_10": 0.09003,
        "precision_at_20": 0.05016,
        "precision_at_100": 0.01183,
        "precision_at_1000": 0.00134,
        "mrr_at_1": 0.458934,
        "mrr_at_3": 0.525496,
        "mrr_at_5": 0.539728,
        "mrr_at_10": 0.549648,
        "mrr_at_20": 0.553359,
        "mrr_at_100": 0.555827,
        "mrr_at_1000": 0.556153,
        "nauc_ndcg_at_1_max": 0.463819,
        "nauc_ndcg_at_1_std": -0.036428,
        "nauc_ndcg_at_1_diff1": 0.619626,
        "nauc_ndcg_at_3_max": 0.46401,
        "nauc_ndcg_at_3_std": -0.036837,
        "nauc_ndcg_at_3_diff1": 0.569128,
        "nauc_ndcg_at_5_max": 0.471506,
        "nauc_ndcg_at_5_std": -0.022673,
        "nauc_ndcg_at_5_diff1": 0.557514,
        "nauc_ndcg_at_10_max": 0.477567,
        "nauc_ndcg_at_10_std": -0.006186,
        "nauc_ndcg_at_10_diff1": 0.563926,
        "nauc_ndcg_at_20_max": 0.474794,
        "nauc_ndcg_at_20_std": -1.1e-05,
        "nauc_ndcg_at_20_diff1": 0.560975,
        "nauc_ndcg_at_100_max": 0.477937,
        "nauc_ndcg_at_100_std": 0.010843,
        "nauc_ndcg_at_100_diff1": 0.562987,
        "nauc_ndcg_at_1000_max": 0.477333,
        "nauc_ndcg_at_1000_std": 0.010233,
        "nauc_ndcg_at_1000_diff1": 0.567509,
        "nauc_map_at_1_max": 0.392329,
        "nauc_map_at_1_std": -0.076437,
        "nauc_map_at_1_diff1": 0.610559,
        "nauc_map_at_3_max": 0.444243,
        "nauc_map_at_3_std": -0.056483,
        "nauc_map_at_3_diff1": 0.581669,
        "nauc_map_at_5_max": 0.452892,
        "nauc_map_at_5_std": -0.04358,
        "nauc_map_at_5_diff1": 0.574041,
        "nauc_map_at_10_max": 0.458334,
        "nauc_map_at_10_std": -0.033235,
        "nauc_map_at_10_diff1": 0.576298,
        "nauc_map_at_20_max": 0.458944,
        "nauc_map_at_20_std": -0.029331,
        "nauc_map_at_20_diff1": 0.574796,
        "nauc_map_at_100_max": 0.46026,
        "nauc_map_at_100_std": -0.026119,
        "nauc_map_at_100_diff1": 0.574921,
        "nauc_map_at_1000_max": 0.460271,
        "nauc_map_at_1000_std": -0.02577,
        "nauc_map_at_1000_diff1": 0.575109,
        "nauc_recall_at_1_max": 0.392329,
        "nauc_recall_at_1_std": -0.076437,
        "nauc_recall_at_1_diff1": 0.610559,
        "nauc_recall_at_3_max": 0.449458,
        "nauc_recall_at_3_std": -0.049553,
        "nauc_recall_at_3_diff1": 0.526499,
        "nauc_recall_at_5_max": 0.464388,
        "nauc_recall_at_5_std": -0.009536,
        "nauc_recall_at_5_diff1": 0.489193,
        "nauc_recall_at_10_max": 0.480496,
        "nauc_recall_at_10_std": 0.044805,
        "nauc_recall_at_10_diff1": 0.494464,
        "nauc_recall_at_20_max": 0.467539,
        "nauc_recall_at_20_std": 0.078791,
        "nauc_recall_at_20_diff1": 0.465631,
        "nauc_recall_at_100_max": 0.485296,
        "nauc_recall_at_100_std": 0.209552,
        "nauc_recall_at_100_diff1": 0.424983,
        "nauc_recall_at_1000_max": 0.4956,
        "nauc_recall_at_1000_std": 0.439602,
        "nauc_recall_at_1000_diff1": 0.406553,
        "nauc_precision_at_1_max": 0.463819,
        "nauc_precision_at_1_std": -0.036428,
        "nauc_precision_at_1_diff1": 0.619626,
        "nauc_precision_at_3_max": 0.469575,
        "nauc_precision_at_3_std": 0.056873,
        "nauc_precision_at_3_diff1": 0.392949,
        "nauc_precision_at_5_max": 0.443001,
        "nauc_precision_at_5_std": 0.121211,
        "nauc_precision_at_5_diff1": 0.286085,
        "nauc_precision_at_10_max": 0.391147,
        "nauc_precision_at_10_std": 0.198894,
        "nauc_precision_at_10_diff1": 0.194286,
        "nauc_precision_at_20_max": 0.332476,
        "nauc_precision_at_20_std": 0.254922,
        "nauc_precision_at_20_diff1": 0.096944,
        "nauc_precision_at_100_max": 0.234859,
        "nauc_precision_at_100_std": 0.330075,
        "nauc_precision_at_100_diff1": -0.031814,
        "nauc_precision_at_1000_max": 0.114155,
        "nauc_precision_at_1000_std": 0.334018,
        "nauc_precision_at_1000_diff1": -0.104853,
        "nauc_mrr_at_1_max": 0.463819,
        "nauc_mrr_at_1_std": -0.036428,
        "nauc_mrr_at_1_diff1": 0.619626,
        "nauc_mrr_at_3_max": 0.485787,
        "nauc_mrr_at_3_std": -0.017699,
        "nauc_mrr_at_3_diff1": 0.588872,
        "nauc_mrr_at_5_max": 0.487049,
        "nauc_mrr_at_5_std": -0.011822,
        "nauc_mrr_at_5_diff1": 0.583212,
        "nauc_mrr_at_10_max": 0.486891,
        "nauc_mrr_at_10_std": -0.007445,
        "nauc_mrr_at_10_diff1": 0.585355,
        "nauc_mrr_at_20_max": 0.48579,
        "nauc_mrr_at_20_std": -0.00691,
        "nauc_mrr_at_20_diff1": 0.584716,
        "nauc_mrr_at_100_max": 0.485911,
        "nauc_mrr_at_100_std": -0.006323,
        "nauc_mrr_at_100_diff1": 0.585603,
        "nauc_mrr_at_1000_max": 0.485958,
        "nauc_mrr_at_1000_std": -0.006321,
        "nauc_mrr_at_1000_diff1": 0.58577,
        "cv_recall_at_1": 0.45893,
        "cv_recall_at_3": 0.61003,
        "cv_recall_at_5": 0.67147,
        "cv_recall_at_10": 0.7442,
        "cv_recall_at_20": 0.79875,
        "cv_recall_at_100": 0.89467,
        "cv_recall_at_1000": 0.96614,
        "main_score": 0.56751,
        "hf_subset": "default",
        "languages": [
          "eng-Latn"
        ]
      }
    ]
  },
  "evaluation_time": 131.9764063358307,
  "kg_co2_emissions": null
}