{
  "dataset_revision": "227478e3235572039f4f7661840e059f31ef6eb1",
  "task_name": "MindSmallReranking",
  "mteb_version": "2.7.12",
  "scores": {
    "test": [
      {
        "ndcg_at_1": 0.12894,
        "ndcg_at_3": 0.20214,
        "ndcg_at_5": 0.24745,
        "ndcg_at_10": 0.31001,
        "ndcg_at_20": 0.36284,
        "ndcg_at_100": 0.42685,
        "ndcg_at_1000": 0.43038,
        "map_at_1": 0.09852,
        "map_at_3": 0.16609,
        "map_at_5": 0.19291,
        "map_at_10": 0.22087,
        "map_at_20": 0.23811,
        "map_at_100": 0.25176,
        "map_at_1000": 0.2522,
        "recall_at_1": 0.09852,
        "recall_at_3": 0.25075,
        "recall_at_5": 0.359,
        "recall_at_10": 0.53608,
        "recall_at_20": 0.71614,
        "recall_at_100": 0.9829,
        "recall_at_1000": 1.0,
        "accuracy": 0.09852,
        "precision_at_1": 0.12894,
        "precision_at_3": 0.11121,
        "precision_at_5": 0.09786,
        "precision_at_10": 0.077,
        "precision_at_20": 0.05513,
        "precision_at_100": 0.01763,
        "precision_at_1000": 0.00183,
        "mrr_at_1": 0.128937,
        "mrr_at_3": 0.20965,
        "mrr_at_5": 0.238784,
        "mrr_at_10": 0.264741,
        "mrr_at_20": 0.276971,
        "mrr_at_100": 0.28244,
        "mrr_at_1000": 0.282487,
        "nauc_ndcg_at_1_max": -0.10768,
        "nauc_ndcg_at_1_std": -0.005841,
        "nauc_ndcg_at_1_diff1": 0.123501,
        "nauc_ndcg_at_3_max": -0.206442,
        "nauc_ndcg_at_3_std": -0.045728,
        "nauc_ndcg_at_3_diff1": 0.135919,
        "nauc_ndcg_at_5_max": -0.241462,
        "nauc_ndcg_at_5_std": -0.052793,
        "nauc_ndcg_at_5_diff1": 0.134823,
        "nauc_ndcg_at_10_max": -0.278401,
        "nauc_ndcg_at_10_std": -0.056655,
        "nauc_ndcg_at_10_diff1": 0.133107,
        "nauc_ndcg_at_20_max": -0.288582,
        "nauc_ndcg_at_20_std": -0.052695,
        "nauc_ndcg_at_20_diff1": 0.131413,
        "nauc_ndcg_at_100_max": -0.226146,
        "nauc_ndcg_at_100_std": -0.041153,
        "nauc_ndcg_at_100_diff1": 0.126852,
        "nauc_ndcg_at_1000_max": -0.21435,
        "nauc_ndcg_at_1000_std": -0.039773,
        "nauc_ndcg_at_1000_diff1": 0.126345,
        "nauc_map_at_1_max": -0.174823,
        "nauc_map_at_1_std": -0.034634,
        "nauc_map_at_1_diff1": 0.149578,
        "nauc_map_at_3_max": -0.220238,
        "nauc_map_at_3_std": -0.051502,
        "nauc_map_at_3_diff1": 0.14545,
        "nauc_map_at_5_max": -0.237733,
        "nauc_map_at_5_std": -0.053859,
        "nauc_map_at_5_diff1": 0.142901,
        "nauc_map_at_10_max": -0.253328,
        "nauc_map_at_10_std": -0.054449,
        "nauc_map_at_10_diff1": 0.140993,
        "nauc_map_at_20_max": -0.254898,
        "nauc_map_at_20_std": -0.052249,
        "nauc_map_at_20_diff1": 0.139773,
        "nauc_map_at_100_max": -0.242131,
        "nauc_map_at_100_std": -0.049434,
        "nauc_map_at_100_diff1": 0.13857,
        "nauc_map_at_1000_max": -0.240904,
        "nauc_map_at_1000_std": -0.049289,
        "nauc_map_at_1000_diff1": 0.138522,
        "nauc_recall_at_1_max": -0.174823,
        "nauc_recall_at_1_std": -0.034634,
        "nauc_recall_at_1_diff1": 0.149578,
        "nauc_recall_at_3_max": -0.245683,
        "nauc_recall_at_3_std": -0.06192,
        "nauc_recall_at_3_diff1": 0.135102,
        "nauc_recall_at_5_max": -0.292624,
        "nauc_recall_at_5_std": -0.070121,
        "nauc_recall_at_5_diff1": 0.127792,
        "nauc_recall_at_10_max": -0.379928,
        "nauc_recall_at_10_std": -0.080947,
        "nauc_recall_at_10_diff1": 0.12268,
        "nauc_recall_at_20_max": -0.473138,
        "nauc_recall_at_20_std": -0.081528,
        "nauc_recall_at_20_diff1": 0.119506,
        "nauc_recall_at_100_max": -0.79531,
        "nauc_recall_at_100_std": -0.10009,
        "nauc_recall_at_100_diff1": 0.114312,
        "nauc_recall_at_1000_max": -0.706629,
        "nauc_recall_at_1000_std": -0.061531,
        "nauc_recall_at_1000_diff1": 0.196732,
        "nauc_precision_at_1_max": -0.10768,
        "nauc_precision_at_1_std": -0.005841,
        "nauc_precision_at_1_diff1": 0.123501,
        "nauc_precision_at_3_max": -0.164885,
        "nauc_precision_at_3_std": -0.024528,
        "nauc_precision_at_3_diff1": 0.107714,
        "nauc_precision_at_5_max": -0.186448,
        "nauc_precision_at_5_std": -0.023617,
        "nauc_precision_at_5_diff1": 0.092047,
        "nauc_precision_at_10_max": -0.171456,
        "nauc_precision_at_10_std": -0.009613,
        "nauc_precision_at_10_diff1": 0.055044,
        "nauc_precision_at_20_max": -0.066479,
        "nauc_precision_at_20_std": 0.022449,
        "nauc_precision_at_20_diff1": 0.005781,
        "nauc_precision_at_100_max": 0.245263,
        "nauc_precision_at_100_std": 0.065092,
        "nauc_precision_at_100_diff1": -0.066089,
        "nauc_precision_at_1000_max": 0.276284,
        "nauc_precision_at_1000_std": 0.06718,
        "nauc_precision_at_1000_diff1": -0.068473,
        "nauc_mrr_at_1_max": -0.10768,
        "nauc_mrr_at_1_std": -0.005841,
        "nauc_mrr_at_1_diff1": 0.123501,
        "nauc_mrr_at_3_max": -0.150705,
        "nauc_mrr_at_3_std": -0.023671,
        "nauc_mrr_at_3_diff1": 0.120225,
        "nauc_mrr_at_5_max": -0.16592,
        "nauc_mrr_at_5_std": -0.026699,
        "nauc_mrr_at_5_diff1": 0.119138,
        "nauc_mrr_at_10_max": -0.177292,
        "nauc_mrr_at_10_std": -0.028211,
        "nauc_mrr_at_10_diff1": 0.118999,
        "nauc_mrr_at_20_max": -0.177761,
        "nauc_mrr_at_20_std": -0.027521,
        "nauc_mrr_at_20_diff1": 0.119248,
        "nauc_mrr_at_100_max": -0.173815,
        "nauc_mrr_at_100_std": -0.026843,
        "nauc_mrr_at_100_diff1": 0.119465,
        "nauc_mrr_at_1000_max": -0.173701,
        "nauc_mrr_at_1000_std": -0.026831,
        "nauc_mrr_at_1000_diff1": 0.119469,
        "cv_recall_at_1": 0.12894,
        "cv_recall_at_3": 0.31711,
        "cv_recall_at_5": 0.44542,
        "cv_recall_at_10": 0.63976,
        "cv_recall_at_20": 0.81355,
        "cv_recall_at_100": 0.99423,
        "cv_recall_at_1000": 1.0,
        "max_over_subqueries_ndcg_at_1": 0.16248,
        "max_over_subqueries_ndcg_at_3": 0.25764,
        "max_over_subqueries_ndcg_at_5": 0.30777,
        "max_over_subqueries_ndcg_at_10": 0.37126,
        "max_over_subqueries_ndcg_at_20": 0.41766,
        "max_over_subqueries_ndcg_at_100": 0.46403,
        "max_over_subqueries_ndcg_at_1000": 0.46601,
        "max_over_subqueries_map_at_1": 0.13642,
        "max_over_subqueries_map_at_3": 0.21994,
        "max_over_subqueries_map_at_5": 0.24918,
        "max_over_subqueries_map_at_10": 0.27738,
        "max_over_subqueries_map_at_20": 0.29243,
        "max_over_subqueries_map_at_100": 0.30195,
        "max_over_subqueries_map_at_1000": 0.30216,
        "max_over_subqueries_recall_at_1": 0.13642,
        "max_over_subqueries_recall_at_3": 0.32389,
        "max_over_subqueries_recall_at_5": 0.44242,
        "max_over_subqueries_recall_at_10": 0.62417,
        "max_over_subqueries_recall_at_20": 0.78659,
        "max_over_subqueries_recall_at_100": 0.98947,
        "max_over_subqueries_recall_at_1000": 0.99999,
        "max_over_subqueries_accuracy": 0.13642,
        "max_over_subqueries_precision_at_1": 0.16248,
        "max_over_subqueries_precision_at_3": 0.13146,
        "max_over_subqueries_precision_at_5": 0.1103,
        "max_over_subqueries_precision_at_10": 0.08132,
        "max_over_subqueries_precision_at_20": 0.05403,
        "max_over_subqueries_precision_at_100": 0.01492,
        "max_over_subqueries_precision_at_1000": 0.00152,
        "max_over_subqueries_mrr_at_1_max": -0.124193,
        "max_over_subqueries_mrr_at_1_std": -0.018073,
        "max_over_subqueries_mrr_at_1_diff1": 0.126802,
        "max_over_subqueries_mrr_at_3_max": -0.193757,
        "max_over_subqueries_mrr_at_3_std": -0.062248,
        "max_over_subqueries_mrr_at_3_diff1": 0.081242,
        "max_over_subqueries_mrr_at_5_max": -0.202925,