{
  "dataset_revision": "f8c2fcf00f625baaa80f62ec5bd9e1fff3b8ae88",
  "task_name": "SCIDOCS",
  "mteb_version": "2.7.12",
  "scores": {
    "test": [
      {
        "ndcg_at_1": 0.179,
        "ndcg_at_3": 0.13964,
        "ndcg_at_5": 0.12158,
        "ndcg_at_10": 0.14672,
        "ndcg_at_20": 0.16824,
        "ndcg_at_100": 0.21091,
        "ndcg_at_1000": 0.26093,
        "map_at_1": 0.03623,
        "map_at_3": 0.06079,
        "map_at_5": 0.07178,
        "map_at_10": 0.08315,
        "map_at_20": 0.09031,
        "map_at_100": 0.09774,
        "map_at_1000": 0.10009,
        "recall_at_1": 0.03623,
        "recall_at_3": 0.07828,
        "recall_at_5": 0.10687,
        "recall_at_10": 0.15298,
        "recall_at_20": 0.20318,
        "recall_at_100": 0.3417,
        "recall_at_1000": 0.58908,
        "accuracy": 0.03623,
        "precision_at_1": 0.179,
        "precision_at_3": 0.12867,
        "precision_at_5": 0.1054,
        "precision_at_10": 0.0754,
        "precision_at_20": 0.05015,
        "precision_at_100": 0.01683,
        "precision_at_1000": 0.0029,
        "mrr_at_1": 0.179,
        "mrr_at_3": 0.237167,
        "mrr_at_5": 0.252367,
        "mrr_at_10": 0.265881,
        "mrr_at_20": 0.272412,
        "mrr_at_100": 0.277696,
        "mrr_at_1000": 0.278444,
        "nauc_ndcg_at_1_max": 0.133009,
        "nauc_ndcg_at_1_std": -0.040134,
        "nauc_ndcg_at_1_diff1": 0.191791,
        "nauc_ndcg_at_3_max": 0.171089,
        "nauc_ndcg_at_3_std": 0.026313,
        "nauc_ndcg_at_3_diff1": 0.177932,
        "nauc_ndcg_at_5_max": 0.176144,
        "nauc_ndcg_at_5_std": 0.04079,
        "nauc_ndcg_at_5_diff1": 0.176621,
        "nauc_ndcg_at_10_max": 0.198751,
        "nauc_ndcg_at_10_std": 0.081372,
        "nauc_ndcg_at_10_diff1": 0.175718,
        "nauc_ndcg_at_20_max": 0.210701,
        "nauc_ndcg_at_20_std": 0.115959,
        "nauc_ndcg_at_20_diff1": 0.184248,
        "nauc_ndcg_at_100_max": 0.231248,
        "nauc_ndcg_at_100_std": 0.152641,
        "nauc_ndcg_at_100_diff1": 0.193281,
        "nauc_ndcg_at_1000_max": 0.230961,
        "nauc_ndcg_at_1000_std": 0.172127,
        "nauc_ndcg_at_1000_diff1": 0.193946,
        "nauc_map_at_1_max": 0.13534,
        "nauc_map_at_1_std": -0.042086,
        "nauc_map_at_1_diff1": 0.194117,
        "nauc_map_at_3_max": 0.179286,
        "nauc_map_at_3_std": 0.014342,
        "nauc_map_at_3_diff1": 0.185718,
        "nauc_map_at_5_max": 0.180949,
        "nauc_map_at_5_std": 0.024034,
        "nauc_map_at_5_diff1": 0.181923,
        "nauc_map_at_10_max": 0.198983,
        "nauc_map_at_10_std": 0.055133,
        "nauc_map_at_10_diff1": 0.182888,
        "nauc_map_at_20_max": 0.207924,
        "nauc_map_at_20_std": 0.07874,
        "nauc_map_at_20_diff1": 0.187175,
        "nauc_map_at_100_max": 0.214406,
        "nauc_map_at_100_std": 0.092365,
        "nauc_map_at_100_diff1": 0.189718,
        "nauc_map_at_1000_max": 0.215106,
        "nauc_map_at_1000_std": 0.095609,
        "nauc_map_at_1000_diff1": 0.190092,
        "nauc_recall_at_1_max": 0.13534,
        "nauc_recall_at_1_std": -0.042086,
        "nauc_recall_at_1_diff1": 0.194117,
        "nauc_recall_at_3_max": 0.190712,
        "nauc_recall_at_3_std": 0.055034,
        "nauc_recall_at_3_diff1": 0.175047,
        "nauc_recall_at_5_max": 0.188676,
        "nauc_recall_at_5_std": 0.074645,
        "nauc_recall_at_5_diff1": 0.166075,
        "nauc_recall_at_10_max": 0.217756,
        "nauc_recall_at_10_std": 0.143484,
        "nauc_recall_at_10_diff1": 0.155267,
        "nauc_recall_at_20_max": 0.230717,
        "nauc_recall_at_20_std": 0.202422,
        "nauc_recall_at_20_diff1": 0.167243,
        "nauc_recall_at_100_max": 0.25671,
        "nauc_recall_at_100_std": 0.263975,
        "nauc_recall_at_100_diff1": 0.176565,
        "nauc_recall_at_1000_max": 0.222403,
        "nauc_recall_at_1000_std": 0.318188,
        "nauc_recall_at_1000_diff1": 0.15381,
        "nauc_precision_at_1_max": 0.133009,
        "nauc_precision_at_1_std": -0.040134,
        "nauc_precision_at_1_diff1": 0.191791,
        "nauc_precision_at_3_max": 0.19158,
        "nauc_precision_at_3_std": 0.059242,
        "nauc_precision_at_3_diff1": 0.17464,
        "nauc_precision_at_5_max": 0.189608,
        "nauc_precision_at_5_std": 0.07915,
        "nauc_precision_at_5_diff1": 0.165724,
        "nauc_precision_at_10_max": 0.220581,
        "nauc_precision_at_10_std": 0.145605,
        "nauc_precision_at_10_diff1": 0.157406,
        "nauc_precision_at_20_max": 0.232701,
        "nauc_precision_at_20_std": 0.203992,
        "nauc_precision_at_20_diff1": 0.16972,
        "nauc_precision_at_100_max": 0.262999,
        "nauc_precision_at_100_std": 0.267733,
        "nauc_precision_at_100_diff1": 0.180648,
        "nauc_precision_at_1000_max": 0.228679,
        "nauc_precision_at_1000_std": 0.31527,
        "nauc_precision_at_1000_diff1": 0.158905,
        "nauc_mrr_at_1_max": 0.133009,
        "nauc_mrr_at_1_std": -0.040134,
        "nauc_mrr_at_1_diff1": 0.191791,
        "nauc_mrr_at_3_max": 0.140941,
        "nauc_mrr_at_3_std": 0.000945,
        "nauc_mrr_at_3_diff1": 0.172686,
        "nauc_mrr_at_5_max": 0.145919,
        "nauc_mrr_at_5_std": 0.010575,
        "nauc_mrr_at_5_diff1": 0.173652,
        "nauc_mrr_at_10_max": 0.152515,
        "nauc_mrr_at_10_std": 0.022789,
        "nauc_mrr_at_10_diff1": 0.170996,
        "nauc_mrr_at_20_max": 0.152777,
        "nauc_mrr_at_20_std": 0.024381,
        "nauc_mrr_at_20_diff1": 0.17478,
        "nauc_mrr_at_100_max": 0.153383,
        "nauc_mrr_at_100_std": 0.025544,
        "nauc_mrr_at_100_diff1": 0.17533,
        "nauc_mrr_at_1000_max": 0.153377,
        "nauc_mrr_at_1000_std": 0.02534,
        "nauc_mrr_at_1000_diff1": 0.175158,
        "cv_recall_at_1": 0.179,
        "cv_recall_at_3": 0.311,
        "cv_recall_at_5": 0.378,
        "cv_recall_at_10": 0.478,
        "cv_recall_at_20": 0.569,
        "cv_recall_at_100": 0.77,
        "cv_recall_at_1000": 0.951,
        "main_score": 0.14672,
        "hf_subset": "default",
        "languages": [
          "eng-Latn"
        ]
      }
    ]
  },
  "evaluation_time": 157.15234470367432,
  "kg_co2_emissions": null
}