{
  "dataset_revision": "431886eaecc48f067a3975b70d0949ea2862463c",
  "task_name": "Touche2020Retrieval.v3",
  "mteb_version": "2.7.12",
  "scores": {
    "test": [
      {
        "ndcg_at_1": 0.46939,
        "ndcg_at_3": 0.50907,
        "ndcg_at_5": 0.49825,
        "ndcg_at_10": 0.47932,
        "ndcg_at_20": 0.43823,
        "ndcg_at_100": 0.51717,
        "ndcg_at_1000": 0.64021,
        "map_at_1": 0.01854,
        "map_at_3": 0.05461,
        "map_at_5": 0.08534,
        "map_at_10": 0.15025,
        "map_at_20": 0.21715,
        "map_at_100": 0.30411,
        "map_at_1000": 0.33565,
        "recall_at_1": 0.01854,
        "recall_at_3": 0.06411,
        "recall_at_5": 0.10348,
        "recall_at_10": 0.19291,
        "recall_at_20": 0.30283,
        "recall_at_100": 0.57367,
        "recall_at_1000": 0.86878,
        "accuracy": 0.01854,
        "precision_at_1": 0.55102,
        "precision_at_3": 0.61905,
        "precision_at_5": 0.58776,
        "precision_at_10": 0.5449,
        "precision_at_20": 0.44286,
        "precision_at_100": 0.18061,
        "precision_at_1000": 0.02996,
        "mrr_at_1": 0.55102,
        "mrr_at_3": 0.717687,
        "mrr_at_5": 0.738095,
        "mrr_at_10": 0.738095,
        "mrr_at_20": 0.738095,
        "mrr_at_100": 0.738095,
        "mrr_at_1000": 0.738204,
        "nauc_ndcg_at_1_max": 0.05171,
        "nauc_ndcg_at_1_std": 0.219398,
        "nauc_ndcg_at_1_diff1": 0.039239,
        "nauc_ndcg_at_3_max": 0.109156,
        "nauc_ndcg_at_3_std": 0.167059,
        "nauc_ndcg_at_3_diff1": 0.137575,
        "nauc_ndcg_at_5_max": 0.094878,
        "nauc_ndcg_at_5_std": 0.192358,
        "nauc_ndcg_at_5_diff1": 0.090535,
        "nauc_ndcg_at_10_max": 0.065134,
        "nauc_ndcg_at_10_std": 0.160419,
        "nauc_ndcg_at_10_diff1": 0.074498,
        "nauc_ndcg_at_20_max": 0.097334,
        "nauc_ndcg_at_20_std": 0.214315,
        "nauc_ndcg_at_20_diff1": 0.084856,
        "nauc_ndcg_at_100_max": -0.088741,
        "nauc_ndcg_at_100_std": 0.185815,
        "nauc_ndcg_at_100_diff1": 0.126957,
        "nauc_ndcg_at_1000_max": 0.083039,
        "nauc_ndcg_at_1000_std": 0.405072,
        "nauc_ndcg_at_1000_diff1": 0.206497,
        "nauc_map_at_1_max": -0.097248,
        "nauc_map_at_1_std": -0.009913,
        "nauc_map_at_1_diff1": 0.058613,
        "nauc_map_at_3_max": -0.098194,
        "nauc_map_at_3_std": -0.092945,
        "nauc_map_at_3_diff1": 0.106401,
        "nauc_map_at_5_max": -0.093886,
        "nauc_map_at_5_std": -0.097435,
        "nauc_map_at_5_diff1": 0.091544,
        "nauc_map_at_10_max": -0.117447,
        "nauc_map_at_10_std": -0.143934,
        "nauc_map_at_10_diff1": 0.072809,
        "nauc_map_at_20_max": -0.050201,
        "nauc_map_at_20_std": -0.035605,
        "nauc_map_at_20_diff1": 0.063722,
        "nauc_map_at_100_max": -0.063767,
        "nauc_map_at_100_std": 0.05419,
        "nauc_map_at_100_diff1": 0.093828,
        "nauc_map_at_1000_max": -0.0251,
        "nauc_map_at_1000_std": 0.116585,
        "nauc_map_at_1000_diff1": 0.11714,
        "nauc_recall_at_1_max": -0.097248,
        "nauc_recall_at_1_std": -0.009913,
        "nauc_recall_at_1_diff1": 0.058613,
        "nauc_recall_at_3_max": -0.189885,
        "nauc_recall_at_3_std": -0.171345,
        "nauc_recall_at_3_diff1": 0.115793,
        "nauc_recall_at_5_max": -0.181037,
        "nauc_recall_at_5_std": -0.155504,
        "nauc_recall_at_5_diff1": 0.087401,
        "nauc_recall_at_10_max": -0.193784,
        "nauc_recall_at_10_std": -0.188246,
        "nauc_recall_at_10_diff1": 0.063206,
        "nauc_recall_at_20_max": -0.111272,
        "nauc_recall_at_20_std": -0.036337,
        "nauc_recall_at_20_diff1": 0.074262,
        "nauc_recall_at_100_max": -0.207122,
        "nauc_recall_at_100_std": 0.099116,
        "nauc_recall_at_100_diff1": 0.145316,
        "nauc_recall_at_1000_max": 0.050278,
        "nauc_recall_at_1000_std": 0.601674,
        "nauc_recall_at_1000_diff1": 0.342501,
        "nauc_precision_at_1_max": 0.041081,
        "nauc_precision_at_1_std": 0.183124,
        "nauc_precision_at_1_diff1": 0.088942,
        "nauc_precision_at_3_max": 0.09748,
        "nauc_precision_at_3_std": 0.048587,
        "nauc_precision_at_3_diff1": 0.195013,
        "nauc_precision_at_5_max": 0.085926,
        "nauc_precision_at_5_std": 0.092308,
        "nauc_precision_at_5_diff1": 0.107389,
        "nauc_precision_at_10_max": 0.024533,
        "nauc_precision_at_10_std": 0.02579,
        "nauc_precision_at_10_diff1": 0.089146,
        "nauc_precision_at_20_max": 0.206467,
        "nauc_precision_at_20_std": 0.318961,
        "nauc_precision_at_20_diff1": 0.101878,
        "nauc_precision_at_100_max": 0.29778,
        "nauc_precision_at_100_std": 0.618223,
        "nauc_precision_at_100_diff1": 0.142905,
        "nauc_precision_at_1000_max": 0.533315,
        "nauc_precision_at_1000_std": 0.489691,
        "nauc_precision_at_1000_diff1": 0.102627,
        "nauc_mrr_at_1_max": 0.041081,
        "nauc_mrr_at_1_std": 0.183124,
        "nauc_mrr_at_1_diff1": 0.088942,
        "nauc_mrr_at_3_max": 0.02247,
        "nauc_mrr_at_3_std": 0.141646,
        "nauc_mrr_at_3_diff1": 0.25268,
        "nauc_mrr_at_5_max": 0.063426,
        "nauc_mrr_at_5_std": 0.194757,
        "nauc_mrr_at_5_diff1": 0.203152,
        "nauc_mrr_at_10_max": 0.063426,
        "nauc_mrr_at_10_std": 0.194757,
        "nauc_mrr_at_10_diff1": 0.203152,
        "nauc_mrr_at_20_max": 0.063426,
        "nauc_mrr_at_20_std": 0.194757,
        "nauc_mrr_at_20_diff1": 0.203152,
        "nauc_mrr_at_100_max": 0.063426,
        "nauc_mrr_at_100_std": 0.194757,
        "nauc_mrr_at_100_diff1": 0.203152,
        "nauc_mrr_at_1000_max": 0.062925,
        "nauc_mrr_at_1000_std": 0.194326,
        "nauc_mrr_at_1000_diff1": 0.202725,
        "cv_recall_at_1": 0.55102,
        "cv_recall_at_3": 0.89796,
        "cv_recall_at_5": 0.97959,
        "cv_recall_at_10": 0.97959,
        "cv_recall_at_20": 0.97959,
        "cv_recall_at_100": 0.97959,
        "cv_recall_at_1000": 1.0,
        "main_score": 0.47932,
        "hf_subset": "default",
        "languages": [
          "eng-Latn"
        ]
      }
    ]
  },
  "evaluation_time": 3393.568808555603,
  "kg_co2_emissions": null
}