{
  "dataset_revision": "bb9466bac8153a0349341eb1b22e06409e78ef4e",
  "task_name": "TRECCOVID",
  "mteb_version": "2.7.12",
  "scores": {
    "test": [
      {
        "ndcg_at_1": 0.8,
        "ndcg_at_3": 0.6762,
        "ndcg_at_5": 0.65114,
        "ndcg_at_10": 0.60119,
        "ndcg_at_20": 0.55033,
        "ndcg_at_100": 0.40598,
        "ndcg_at_1000": 0.35477,
        "map_at_1": 0.0023,
        "map_at_3": 0.00536,
        "map_at_5": 0.00805,
        "map_at_10": 0.01293,
        "map_at_20": 0.02154,
        "map_at_100": 0.062,
        "map_at_1000": 0.14101,
        "recall_at_1": 0.0023,
        "recall_at_3": 0.00563,
        "recall_at_5": 0.00892,
        "recall_at_10": 0.01509,
        "recall_at_20": 0.02694,
        "recall_at_100": 0.09383,
        "recall_at_1000": 0.33086,
        "accuracy": 0.0023,
        "precision_at_1": 0.86,
        "precision_at_3": 0.7,
        "precision_at_5": 0.68,
        "precision_at_10": 0.618,
        "precision_at_20": 0.561,
        "precision_at_100": 0.407,
        "precision_at_1000": 0.15734,
        "mrr_at_1": 0.86,
        "mrr_at_3": 0.896667,
        "mrr_at_5": 0.901667,
        "mrr_at_10": 0.901667,
        "mrr_at_20": 0.901667,
        "mrr_at_100": 0.902547,
        "mrr_at_1000": 0.902547,
        "nauc_ndcg_at_1_max": -0.074588,
        "nauc_ndcg_at_1_std": 0.128584,
        "nauc_ndcg_at_1_diff1": 0.16112,
        "nauc_ndcg_at_3_max": 0.279318,
        "nauc_ndcg_at_3_std": 0.473438,
        "nauc_ndcg_at_3_diff1": 0.011675,
        "nauc_ndcg_at_5_max": 0.205442,
        "nauc_ndcg_at_5_std": 0.56643,
        "nauc_ndcg_at_5_diff1": -0.104582,
        "nauc_ndcg_at_10_max": 0.200007,
        "nauc_ndcg_at_10_std": 0.620408,
        "nauc_ndcg_at_10_diff1": -0.139024,
        "nauc_ndcg_at_20_max": 0.215952,
        "nauc_ndcg_at_20_std": 0.723582,
        "nauc_ndcg_at_20_diff1": -0.1522,
        "nauc_ndcg_at_100_max": 0.268232,
        "nauc_ndcg_at_100_std": 0.852585,
        "nauc_ndcg_at_100_diff1": -0.17778,
        "nauc_ndcg_at_1000_max": 0.200881,
        "nauc_ndcg_at_1000_std": 0.80739,
        "nauc_ndcg_at_1000_diff1": -0.074506,
        "nauc_map_at_1_max": 0.000417,
        "nauc_map_at_1_std": -0.173508,
        "nauc_map_at_1_diff1": 0.308706,
        "nauc_map_at_3_max": 0.161184,
        "nauc_map_at_3_std": 0.042911,
        "nauc_map_at_3_diff1": 0.271096,
        "nauc_map_at_5_max": 0.083877,
        "nauc_map_at_5_std": 0.0973,
        "nauc_map_at_5_diff1": 0.242114,
        "nauc_map_at_10_max": 0.141001,
        "nauc_map_at_10_std": 0.298196,
        "nauc_map_at_10_diff1": 0.194561,
        "nauc_map_at_20_max": 0.178664,
        "nauc_map_at_20_std": 0.466569,
        "nauc_map_at_20_diff1": 0.17233,
        "nauc_map_at_100_max": 0.271946,
        "nauc_map_at_100_std": 0.747044,
        "nauc_map_at_100_diff1": 0.058651,
        "nauc_map_at_1000_max": 0.260652,
        "nauc_map_at_1000_std": 0.878933,
        "nauc_map_at_1000_diff1": -0.091067,
        "nauc_recall_at_1_max": 0.000417,
        "nauc_recall_at_1_std": -0.173508,
        "nauc_recall_at_1_diff1": 0.308706,
        "nauc_recall_at_3_max": 0.140706,
        "nauc_recall_at_3_std": 0.032896,
        "nauc_recall_at_3_diff1": 0.271871,
        "nauc_recall_at_5_max": 0.023234,
        "nauc_recall_at_5_std": 0.044574,
        "nauc_recall_at_5_diff1": 0.238298,
        "nauc_recall_at_10_max": 0.088578,
        "nauc_recall_at_10_std": 0.231622,
        "nauc_recall_at_10_diff1": 0.217196,
        "nauc_recall_at_20_max": 0.144857,
        "nauc_recall_at_20_std": 0.386803,
        "nauc_recall_at_20_diff1": 0.219549,
        "nauc_recall_at_100_max": 0.232273,
        "nauc_recall_at_100_std": 0.653479,
        "nauc_recall_at_100_diff1": 0.120735,
        "nauc_recall_at_1000_max": 0.175263,
        "nauc_recall_at_1000_std": 0.748337,
        "nauc_recall_at_1000_diff1": -0.037679,
        "nauc_precision_at_1_max": 0.287238,
        "nauc_precision_at_1_std": 0.259526,
        "nauc_precision_at_1_diff1": 0.269295,
        "nauc_precision_at_3_max": 0.442659,
        "nauc_precision_at_3_std": 0.598391,
        "nauc_precision_at_3_diff1": -0.051419,
        "nauc_precision_at_5_max": 0.23844,
        "nauc_precision_at_5_std": 0.623951,
        "nauc_precision_at_5_diff1": -0.136922,
        "nauc_precision_at_10_max": 0.218033,
        "nauc_precision_at_10_std": 0.675175,
        "nauc_precision_at_10_diff1": -0.18981,
        "nauc_precision_at_20_max": 0.23863,
        "nauc_precision_at_20_std": 0.759542,
        "nauc_precision_at_20_diff1": -0.178373,
        "nauc_precision_at_100_max": 0.274079,
        "nauc_precision_at_100_std": 0.875143,
        "nauc_precision_at_100_diff1": -0.204048,
        "nauc_precision_at_1000_max": 0.184376,
        "nauc_precision_at_1000_std": 0.741544,
        "nauc_precision_at_1000_diff1": -0.27156,
        "nauc_mrr_at_1_max": 0.287238,
        "nauc_mrr_at_1_std": 0.259526,
        "nauc_mrr_at_1_diff1": 0.269295,
        "nauc_mrr_at_3_max": 0.433438,
        "nauc_mrr_at_3_std": 0.446726,
        "nauc_mrr_at_3_diff1": 0.339838,
        "nauc_mrr_at_5_max": 0.410672,
        "nauc_mrr_at_5_std": 0.424653,
        "nauc_mrr_at_5_diff1": 0.312182,
        "nauc_mrr_at_10_max": 0.410672,
        "nauc_mrr_at_10_std": 0.424653,
        "nauc_mrr_at_10_diff1": 0.312182,
        "nauc_mrr_at_20_max": 0.410672,
        "nauc_mrr_at_20_std": 0.424653,
        "nauc_mrr_at_20_diff1": 0.312182,
        "nauc_mrr_at_100_max": 0.409046,
        "nauc_mrr_at_100_std": 0.421136,
        "nauc_mrr_at_100_diff1": 0.311316,
        "nauc_mrr_at_1000_max": 0.409046,
        "nauc_mrr_at_1000_std": 0.421136,
        "nauc_mrr_at_1000_diff1": 0.311316,
        "cv_recall_at_1": 0.86,
        "cv_recall_at_3": 0.94,
        "cv_recall_at_5": 0.96,
        "cv_recall_at_10": 0.96,
        "cv_recall_at_20": 0.96,
        "cv_recall_at_100": 1.0,
        "cv_recall_at_1000": 1.0,
        "main_score": 0.60119,
        "hf_subset": "default",
        "languages": [
          "eng-Latn"
        ]
      }
    ]
  },
  "evaluation_time": 1017.0369248390198,
  "kg_co2_emissions": null
}