{
  "dataset_revision": "5377aa18f309ec440ff6325a4c2cd3362c2cb8d7",
  "task_name": "ChemRxivRetrieval",
  "mteb_version": "2.7.8",
  "scores": {
    "test": [
      {
        "ndcg_at_1": 0.69,
        "ndcg_at_3": 0.78965,
        "ndcg_at_5": 0.808,
        "ndcg_at_10": 0.82039,
        "ndcg_at_20": 0.82569,
        "ndcg_at_100": 0.83041,
        "ndcg_at_1000": 0.83187,
        "map_at_1": 0.69,
        "map_at_3": 0.76587,
        "map_at_5": 0.77613,
        "map_at_10": 0.7813,
        "map_at_20": 0.78275,
        "map_at_100": 0.78345,
        "map_at_1000": 0.78351,
        "recall_at_1": 0.69,
        "recall_at_3": 0.8582,
        "recall_at_5": 0.9024,
        "recall_at_10": 0.9404,
        "recall_at_20": 0.9614,
        "recall_at_100": 0.9862,
        "recall_at_1000": 0.9976,
        "accuracy": 0.69,
        "precision_at_1": 0.69,
        "precision_at_3": 0.28607,
        "precision_at_5": 0.18048,
        "precision_at_10": 0.09404,
        "precision_at_20": 0.04807,
        "precision_at_100": 0.00986,
        "precision_at_1000": 0.001,
        "mrr_at_1": 0.6904,
        "mrr_at_3": 0.765933,
        "mrr_at_5": 0.776293,
        "mrr_at_10": 0.781471,
        "mrr_at_20": 0.782924,
        "mrr_at_100": 0.783624,
        "mrr_at_1000": 0.783683,
        "nauc_ndcg_at_1_max": 0.367517,
        "nauc_ndcg_at_1_std": -0.164258,
        "nauc_ndcg_at_1_diff1": 0.746731,
        "nauc_ndcg_at_3_max": 0.414644,
        "nauc_ndcg_at_3_std": -0.142911,
        "nauc_ndcg_at_3_diff1": 0.706236,
        "nauc_ndcg_at_5_max": 0.428836,
        "nauc_ndcg_at_5_std": -0.126024,
        "nauc_ndcg_at_5_diff1": 0.704599,
        "nauc_ndcg_at_10_max": 0.427443,
        "nauc_ndcg_at_10_std": -0.124407,
        "nauc_ndcg_at_10_diff1": 0.712924,
        "nauc_ndcg_at_20_max": 0.422587,
        "nauc_ndcg_at_20_std": -0.124142,
        "nauc_ndcg_at_20_diff1": 0.714125,
        "nauc_ndcg_at_100_max": 0.416618,
        "nauc_ndcg_at_100_std": -0.130744,
        "nauc_ndcg_at_100_diff1": 0.71652,
        "nauc_ndcg_at_1000_max": 0.414225,
        "nauc_ndcg_at_1000_std": -0.132905,
        "nauc_ndcg_at_1000_diff1": 0.717119,
        "nauc_map_at_1_max": 0.367517,
        "nauc_map_at_1_std": -0.164258,
        "nauc_map_at_1_diff1": 0.746731,
        "nauc_map_at_3_max": 0.401454,
        "nauc_map_at_3_std": -0.14996,
        "nauc_map_at_3_diff1": 0.717246,
        "nauc_map_at_5_max": 0.407967,
        "nauc_map_at_5_std": -0.14198,
        "nauc_map_at_5_diff1": 0.716911,
        "nauc_map_at_10_max": 0.40707,
        "nauc_map_at_10_std": -0.141797,
        "nauc_map_at_10_diff1": 0.720122,
        "nauc_map_at_20_max": 0.405876,
        "nauc_map_at_20_std": -0.141792,
        "nauc_map_at_20_diff1": 0.720429,
        "nauc_map_at_100_max": 0.405101,
        "nauc_map_at_100_std": -0.142472,
        "nauc_map_at_100_diff1": 0.720682,
        "nauc_map_at_1000_max": 0.40504,
        "nauc_map_at_1000_std": -0.142489,
        "nauc_map_at_1000_diff1": 0.720703,
        "nauc_recall_at_1_max": 0.367517,
        "nauc_recall_at_1_std": -0.164258,
        "nauc_recall_at_1_diff1": 0.746731,
        "nauc_recall_at_3_max": 0.471807,
        "nauc_recall_at_3_std": -0.111619,
        "nauc_recall_at_3_diff1": 0.658741,
        "nauc_recall_at_5_max": 0.553634,
        "nauc_recall_at_5_std": -0.027491,
        "nauc_recall_at_5_diff1": 0.633177,
        "nauc_recall_at_10_max": 0.619118,
        "nauc_recall_at_10_std": 0.047677,
        "nauc_recall_at_10_diff1": 0.656684,
        "nauc_recall_at_20_max": 0.644589,
        "nauc_recall_at_20_std": 0.142664,
        "nauc_recall_at_20_diff1": 0.645883,
        "nauc_recall_at_100_max": 0.702019,
        "nauc_recall_at_100_std": 0.20936,
        "nauc_recall_at_100_diff1": 0.66892,
        "nauc_recall_at_1000_max": 0.827264,
        "nauc_recall_at_1000_std": 0.548397,
        "nauc_recall_at_1000_diff1": 0.723778,
        "nauc_precision_at_1_max": 0.367517,
        "nauc_precision_at_1_std": -0.164258,
        "nauc_precision_at_1_diff1": 0.746731,
        "nauc_precision_at_3_max": 0.471807,
        "nauc_precision_at_3_std": -0.111619,
        "nauc_precision_at_3_diff1": 0.658741,
        "nauc_precision_at_5_max": 0.553634,
        "nauc_precision_at_5_std": -0.027491,
        "nauc_precision_at_5_diff1": 0.633177,
        "nauc_precision_at_10_max": 0.619118,
        "nauc_precision_at_10_std": 0.047677,
        "nauc_precision_at_10_diff1": 0.656684,
        "nauc_precision_at_20_max": 0.644589,
        "nauc_precision_at_20_std": 0.142664,
        "nauc_precision_at_20_diff1": 0.645883,
        "nauc_precision_at_100_max": 0.702019,
        "nauc_precision_at_100_std": 0.20936,
        "nauc_precision_at_100_diff1": 0.66892,
        "nauc_precision_at_1000_max": 0.827264,
        "nauc_precision_at_1000_std": 0.548397,
        "nauc_precision_at_1000_diff1": 0.723778,
        "nauc_mrr_at_1_max": 0.368425,
        "nauc_mrr_at_1_std": -0.164062,
        "nauc_mrr_at_1_diff1": 0.745844,
        "nauc_mrr_at_3_max": 0.402629,
        "nauc_mrr_at_3_std": -0.150074,
        "nauc_mrr_at_3_diff1": 0.716908,
        "nauc_mrr_at_5_max": 0.408744,
        "nauc_mrr_at_5_std": -0.141903,
        "nauc_mrr_at_5_diff1": 0.716368,
        "nauc_mrr_at_10_max": 0.407863,
        "nauc_mrr_at_10_std": -0.141717,
        "nauc_mrr_at_10_diff1": 0.719562,
        "nauc_mrr_at_20_max": 0.406672,
        "nauc_mrr_at_20_std": -0.141715,
        "nauc_mrr_at_20_diff1": 0.719867,
        "nauc_mrr_at_100_max": 0.4059,
        "nauc_mrr_at_100_std": -0.142395,
        "nauc_mrr_at_100_diff1": 0.720118,
        "nauc_mrr_at_1000_max": 0.405838,
        "nauc_mrr_at_1000_std": -0.142411,
        "nauc_mrr_at_1000_diff1": 0.720138,
        "cv_recall_at_1": 0.6904,
        "cv_recall_at_3": 0.8578,
        "cv_recall_at_5": 0.9024,
        "cv_recall_at_10": 0.9404,
        "cv_recall_at_20": 0.9614,
        "cv_recall_at_100": 0.9862,
        "cv_recall_at_1000": 0.9976,
        "main_score": 0.82039,
        "hf_subset": "default",
        "languages": [
          "eng-Latn"
        ]
      }
    ]
  },
  "evaluation_time": 536.6767992973328,
  "kg_co2_emissions": null
}