{
  "dataset_revision": "3412b208896a37e4ebb5ff7b96f6cc313ee9d2e3",
  "task_name": "PubChemWikiPairClassification",
  "mteb_version": "2.7.8",
  "scores": {
    "test": [
      {
        "similarity_accuracy": 0.978121,
        "similarity_f1": 0.885135,
        "similarity_precision": 0.935714,
        "similarity_recall": 0.839744,
        "similarity_ap": 0.944259,
        "cosine_accuracy": 0.978121,
        "cosine_f1": 0.885135,
        "cosine_precision": 0.935714,
        "cosine_recall": 0.839744,
        "cosine_ap": 0.944259,
        "manhattan_accuracy": 0.978764,
        "manhattan_f1": 0.885246,
        "manhattan_precision": 0.90604,
        "manhattan_recall": 0.865385,
        "manhattan_ap": 0.939732,
        "euclidean_accuracy": 0.978121,
        "euclidean_f1": 0.885135,
        "euclidean_precision": 0.935714,
        "euclidean_recall": 0.839744,
        "euclidean_ap": 0.944259,
        "dot_accuracy": 0.978121,
        "dot_f1": 0.885135,
        "dot_precision": 0.935714,
        "dot_recall": 0.839744,
        "dot_ap": 0.944259,
        "max_accuracy": 0.978764,
        "max_f1": 0.885246,
        "max_precision": 0.935714,
        "max_recall": 0.865385,
        "max_ap": 0.944259,
        "main_score": 0.944259,
        "hf_subset": "de",
        "languages": [
          "deu-Latn",
          "eng-Latn"
        ]
      },
      {
        "similarity_accuracy": 0.972376,
        "similarity_f1": 0.857143,
        "similarity_precision": 0.892857,
        "similarity_recall": 0.824176,
        "similarity_ap": 0.9072,
        "cosine_accuracy": 0.972376,
        "cosine_f1": 0.857143,
        "cosine_precision": 0.892857,
        "cosine_recall": 0.824176,
        "cosine_ap": 0.9072,
        "manhattan_accuracy": 0.972376,
        "manhattan_f1": 0.854054,
        "manhattan_precision": 0.840426,
        "manhattan_recall": 0.868132,
        "manhattan_ap": 0.908331,
        "euclidean_accuracy": 0.972376,
        "euclidean_f1": 0.857143,
        "euclidean_precision": 0.892857,
        "euclidean_recall": 0.824176,
        "euclidean_ap": 0.9072,
        "dot_accuracy": 0.972376,
        "dot_f1": 0.857143,
        "dot_precision": 0.892857,
        "dot_recall": 0.824176,
        "dot_ap": 0.9072,
        "max_accuracy": 0.972376,
        "max_f1": 0.857143,
        "max_precision": 0.892857,
        "max_recall": 0.868132,
        "max_ap": 0.908331,
        "main_score": 0.908331,
        "hf_subset": "nl",
        "languages": [
          "nld-Latn",
          "eng-Latn"
        ]
      },
      {
        "similarity_accuracy": 0.947295,
        "similarity_f1": 0.657778,
        "similarity_precision": 0.925,
        "similarity_recall": 0.510345,
        "similarity_ap": 0.673739,
        "cosine_accuracy": 0.947295,
        "cosine_f1": 0.657778,
        "cosine_precision": 0.925,
        "cosine_recall": 0.510345,
        "cosine_ap": 0.673739,
        "manhattan_accuracy": 0.944521,
        "manhattan_f1": 0.646288,
        "manhattan_precision": 0.880952,
        "manhattan_recall": 0.510345,
        "manhattan_ap": 0.666154,
        "euclidean_accuracy": 0.947295,
        "euclidean_f1": 0.657778,
        "euclidean_precision": 0.925,
        "euclidean_recall": 0.510345,
        "euclidean_ap": 0.673739,
        "dot_accuracy": 0.947295,
        "dot_f1": 0.657778,
        "dot_precision": 0.925,
        "dot_recall": 0.510345,
        "dot_ap": 0.673739,
        "max_accuracy": 0.947295,
        "max_f1": 0.657778,
        "max_precision": 0.925,
        "max_recall": 0.510345,
        "max_ap": 0.673739,
        "main_score": 0.673739,
        "hf_subset": "zh",
        "languages": [
          "zho-Hans",
          "eng-Latn"
        ]
      },
      {
        "similarity_accuracy": 0.982301,
        "similarity_f1": 0.907692,
        "similarity_precision": 0.951613,
        "similarity_recall": 0.867647,
        "similarity_ap": 0.958311,
        "cosine_accuracy": 0.982301,
        "cosine_f1": 0.907692,
        "cosine_precision": 0.951613,
        "cosine_recall": 0.867647,
        "cosine_ap": 0.958311,
        "manhattan_accuracy": 0.983776,
        "manhattan_f1": 0.914729,
        "manhattan_precision": 0.967213,
        "manhattan_recall": 0.867647,
        "manhattan_ap": 0.958745,
        "euclidean_accuracy": 0.982301,
        "euclidean_f1": 0.907692,
        "euclidean_precision": 0.951613,
        "euclidean_recall": 0.867647,
        "euclidean_ap": 0.958311,
        "dot_accuracy": 0.982301,
        "dot_f1": 0.907692,
        "dot_precision": 0.951613,
        "dot_recall": 0.867647,
        "dot_ap": 0.958311,
        "max_accuracy": 0.983776,
        "max_f1": 0.914729,
        "max_precision": 0.967213,
        "max_recall": 0.867647,
        "max_ap": 0.958745,
        "main_score": 0.958745,
        "hf_subset": "fr",
        "languages": [
          "fra-Latn",
          "eng-Latn"
        ]
      },
      {
        "similarity_accuracy": 0.967506,
        "similarity_f1": 0.834008,
        "similarity_precision": 0.837398,
        "similarity_recall": 0.830645,
        "similarity_ap": 0.90362,
        "cosine_accuracy": 0.967506,
        "cosine_f1": 0.834008,
        "cosine_precision": 0.837398,
        "cosine_recall": 0.830645,
        "cosine_ap": 0.90362,
        "manhattan_accuracy": 0.966694,
        "manhattan_f1": 0.831276,
        "manhattan_precision": 0.848739,
        "manhattan_recall": 0.814516,
        "manhattan_ap": 0.899045,
        "euclidean_accuracy": 0.967506,
        "euclidean_f1": 0.834008,
        "euclidean_precision": 0.837398,
        "euclidean_recall": 0.830645,
        "euclidean_ap": 0.90362,
        "dot_accuracy": 0.967506,
        "dot_f1": 0.834008,
        "dot_precision": 0.837398,
        "dot_recall": 0.830645,
        "dot_ap": 0.90362,
        "max_accuracy": 0.967506,
        "max_f1": 0.834008,
        "max_precision": 0.848739,
        "max_recall": 0.830645,
        "max_ap": 0.90362,
        "main_score": 0.90362,
        "hf_subset": "es",
        "languages": [
          "spa-Latn",
          "eng-Latn"
        ]
      },
      {
        "similarity_accuracy": 0.95992,
        "similarity_f1": 0.8,
        "similarity_precision": 0.8,
        "similarity_recall": 0.8,
        "similarity_ap": 0.859022,
        "cosine_accuracy": 0.95992,
        "cosine_f1": 0.8,
        "cosine_precision": 0.8,
        "cosine_recall": 0.8,
        "cosine_ap": 0.859022,
        "manhattan_accuracy": 0.962926,
        "manhattan_f1": 0.81407,
        "manhattan_precision": 0.818182,
        "manhattan_recall": 0.81,
        "manhattan_ap": 0.857386,
        "euclidean_accuracy": 0.95992,
        "euclidean_f1": 0.8,
        "euclidean_precision": 0.8,
        "euclidean_recall": 0.8,
        "euclidean_ap": 0.859022,
        "dot_accuracy": 0.95992,
        "dot_f1": 0.8,
        "dot_precision": 0.8,
        "dot_recall": 0.8,
        "dot_ap": 0.859022,
        "max_accuracy": 0.962926,
        "max_f1": 0.81407,
        "max_precision": 0.818182,
        "max_recall": 0.81,
        "max_ap": 0.859022,
        "main_score": 0.859022,
        "hf_subset": "pt",
        "languages": [
          "por-Latn",
          "eng-Latn"
        ]
      },
      {
        "similarity_accuracy": 0.942708,
        "similarity_f1": 0.684211,
        "similarity_precision": 0.722222,
        "similarity_recall": 0.65,
        "similarity_ap": 0.733481,
        "cosine_accuracy": 0.942708,
        "cosine_f1": 0.684211,
        "cosine_precision": 0.722222,
        "cosine_recall": 0.65,
        "cosine_ap": 0.733481,
        "manhattan_accuracy": 0.942708,
        "manhattan_f1": 0.684211,
        "manhattan_precision": 0.722222,
        "manhattan_recall": 0.65,
        "manhattan_ap": 0.735781,
        "euclidean_accuracy": 0.942708,
        "euclidean_f1": 0.684211,
        "euclidean_precision": 0.722222,
        "euclidean_recall": 0.65,