{
  "dataset_revision": "5037d69d177c9628fb79cb57eea1299178b28c1b",
  "task_name": "PubChemSynonymPC",
  "mteb_version": "2.7.8",
  "scores": {
    "test": [
      {
        "similarity_accuracy": 0.948242,
        "similarity_f1": 0.666667,
        "similarity_precision": 0.91453,
        "similarity_recall": 0.52451,
        "similarity_ap": 0.656523,
        "cosine_accuracy": 0.948242,
        "cosine_f1": 0.666667,
        "cosine_precision": 0.91453,
        "cosine_recall": 0.52451,
        "cosine_ap": 0.656523,
        "manhattan_accuracy": 0.94873,
        "manhattan_f1": 0.672783,
        "manhattan_precision": 0.894309,
        "manhattan_recall": 0.539216,
        "manhattan_ap": 0.65683,
        "euclidean_accuracy": 0.948242,
        "euclidean_f1": 0.666667,
        "euclidean_precision": 0.91453,
        "euclidean_recall": 0.52451,
        "euclidean_ap": 0.656523,
        "dot_accuracy": 0.948242,
        "dot_f1": 0.666667,
        "dot_precision": 0.91453,
        "dot_recall": 0.52451,
        "dot_ap": 0.656523,
        "max_accuracy": 0.94873,
        "max_f1": 0.672783,
        "max_precision": 0.91453,
        "max_recall": 0.539216,
        "max_ap": 0.65683,
        "main_score": 0.65683,
        "hf_subset": "default",
        "languages": [
          "eng-Latn"
        ]
      }
    ]
  },
  "evaluation_time": 3.147479295730591,
  "kg_co2_emissions": null
}