{
  "dataset_revision": "7ba40b69f5fe6ffe4cc189aac9e1710913c73c8a",
  "task_name": "PubChemSMILESPC",
  "mteb_version": "2.7.8",
  "scores": {
    "test": [
      {
        "similarity_accuracy": 0.900879,
        "similarity_f1": 0.185706,
        "similarity_precision": 0.106071,
        "similarity_recall": 0.745098,
        "similarity_ap": 0.117308,
        "cosine_accuracy": 0.900879,
        "cosine_f1": 0.185706,
        "cosine_precision": 0.106071,
        "cosine_recall": 0.745098,
        "cosine_ap": 0.117308,
        "manhattan_accuracy": 0.900879,
        "manhattan_f1": 0.188298,
        "manhattan_precision": 0.105609,
        "manhattan_recall": 0.867647,
        "manhattan_ap": 0.120639,
        "euclidean_accuracy": 0.900879,
        "euclidean_f1": 0.185706,
        "euclidean_precision": 0.106071,
        "euclidean_recall": 0.745098,
        "euclidean_ap": 0.117308,
        "dot_accuracy": 0.900879,
        "dot_f1": 0.185706,
        "dot_precision": 0.106071,
        "dot_recall": 0.745098,
        "dot_ap": 0.117308,
        "max_accuracy": 0.900879,
        "max_f1": 0.188298,
        "max_precision": 0.106071,
        "max_recall": 0.867647,
        "max_ap": 0.120639,
        "main_score": 0.120639,
        "hf_subset": "default",
        "languages": [
          "eng-Latn"
        ]
      }
    ]
  },
  "evaluation_time": 6.814429759979248,
  "kg_co2_emissions": null
}