{
  "dataset_revision": "5377aa18f309ec440ff6325a4c2cd3362c2cb8d7",
  "task_name": "ChemRxivRetrieval",
  "mteb_version": "2.7.1",
  "scores": {
    "test": [
      {
        "ndcg_at_1": 0.0724,
        "ndcg_at_3": 0.09245,
        "ndcg_at_5": 0.10043,
        "ndcg_at_10": 0.11039,
        "ndcg_at_20": 0.12069,
        "ndcg_at_100": 0.13798,
        "ndcg_at_1000": 0.16244,
        "map_at_1": 0.0724,
        "map_at_3": 0.08743,
        "map_at_5": 0.0918,
        "map_at_10": 0.09588,
        "map_at_20": 0.09868,
        "map_at_100": 0.1009,
        "map_at_1000": 0.10163,
        "recall_at_1": 0.0724,
        "recall_at_3": 0.107,
        "recall_at_5": 0.1266,
        "recall_at_10": 0.1576,
        "recall_at_20": 0.1986,
        "recall_at_100": 0.2944,
        "recall_at_1000": 0.4982,
        "accuracy": 0.0724,
        "precision_at_1": 0.0724,
        "precision_at_3": 0.03567,
        "precision_at_5": 0.02532,
        "precision_at_10": 0.01576,
        "precision_at_20": 0.00993,
        "precision_at_100": 0.00294,
        "precision_at_1000": 0.0005,
        "mrr_at_1": 0.0724,
        "mrr_at_3": 0.087433,
        "mrr_at_5": 0.091803,
        "mrr_at_10": 0.095884,
        "mrr_at_20": 0.098682,
        "mrr_at_100": 0.100905,
        "mrr_at_1000": 0.101637,
        "nauc_ndcg_at_1_max": 0.23015,
        "nauc_ndcg_at_1_std": 0.013462,
        "nauc_ndcg_at_1_diff1": 0.382057,
        "nauc_ndcg_at_3_max": 0.212059,
        "nauc_ndcg_at_3_std": 0.014209,
        "nauc_ndcg_at_3_diff1": 0.318962,
        "nauc_ndcg_at_5_max": 0.191552,
        "nauc_ndcg_at_5_std": 0.028369,
        "nauc_ndcg_at_5_diff1": 0.304138,
        "nauc_ndcg_at_10_max": 0.163667,
        "nauc_ndcg_at_10_std": 0.030647,
        "nauc_ndcg_at_10_diff1": 0.279988,
        "nauc_ndcg_at_20_max": 0.148724,
        "nauc_ndcg_at_20_std": 0.035903,
        "nauc_ndcg_at_20_diff1": 0.257034,
        "nauc_ndcg_at_100_max": 0.131105,
        "nauc_ndcg_at_100_std": 0.045545,
        "nauc_ndcg_at_100_diff1": 0.235107,
        "nauc_ndcg_at_1000_max": 0.126705,
        "nauc_ndcg_at_1000_std": 0.046768,
        "nauc_ndcg_at_1000_diff1": 0.226932,
        "nauc_map_at_1_max": 0.23015,
        "nauc_map_at_1_std": 0.013462,
        "nauc_map_at_1_diff1": 0.382057,
        "nauc_map_at_3_max": 0.215894,
        "nauc_map_at_3_std": 0.013497,
        "nauc_map_at_3_diff1": 0.331514,
        "nauc_map_at_5_max": 0.203583,
        "nauc_map_at_5_std": 0.022017,
        "nauc_map_at_5_diff1": 0.322193,
        "nauc_map_at_10_max": 0.190232,
        "nauc_map_at_10_std": 0.023259,
        "nauc_map_at_10_diff1": 0.31075,
        "nauc_map_at_20_max": 0.185101,
        "nauc_map_at_20_std": 0.024911,
        "nauc_map_at_20_diff1": 0.302823,
        "nauc_map_at_100_max": 0.182116,
        "nauc_map_at_100_std": 0.026483,
        "nauc_map_at_100_diff1": 0.298962,
        "nauc_map_at_1000_max": 0.181945,
        "nauc_map_at_1000_std": 0.026395,
        "nauc_map_at_1000_diff1": 0.298547,
        "nauc_recall_at_1_max": 0.23015,
        "nauc_recall_at_1_std": 0.013462,
        "nauc_recall_at_1_diff1": 0.382057,
        "nauc_recall_at_3_max": 0.202832,
        "nauc_recall_at_3_std": 0.016101,
        "nauc_recall_at_3_diff1": 0.289021,
        "nauc_recall_at_5_max": 0.162711,
        "nauc_recall_at_5_std": 0.044037,
        "nauc_recall_at_5_diff1": 0.262925,
        "nauc_recall_at_10_max": 0.103064,
        "nauc_recall_at_10_std": 0.046939,
        "nauc_recall_at_10_diff1": 0.212442,
        "nauc_recall_at_20_max": 0.072919,
        "nauc_recall_at_20_std": 0.058827,
        "nauc_recall_at_20_diff1": 0.162911,
        "nauc_recall_at_100_max": 0.027227,
        "nauc_recall_at_100_std": 0.086795,
        "nauc_recall_at_100_diff1": 0.106897,
        "nauc_recall_at_1000_max": 0.008215,
        "nauc_recall_at_1000_std": 0.095321,
        "nauc_recall_at_1000_diff1": 0.072786,
        "nauc_precision_at_1_max": 0.23015,
        "nauc_precision_at_1_std": 0.013462,
        "nauc_precision_at_1_diff1": 0.382057,
        "nauc_precision_at_3_max": 0.202832,
        "nauc_precision_at_3_std": 0.016101,
        "nauc_precision_at_3_diff1": 0.289021,
        "nauc_precision_at_5_max": 0.162711,
        "nauc_precision_at_5_std": 0.044037,
        "nauc_precision_at_5_diff1": 0.262925,
        "nauc_precision_at_10_max": 0.103064,
        "nauc_precision_at_10_std": 0.046939,
        "nauc_precision_at_10_diff1": 0.212442,
        "nauc_precision_at_20_max": 0.072919,
        "nauc_precision_at_20_std": 0.058827,
        "nauc_precision_at_20_diff1": 0.162911,
        "nauc_precision_at_100_max": 0.027227,
        "nauc_precision_at_100_std": 0.086795,
        "nauc_precision_at_100_diff1": 0.106897,
        "nauc_precision_at_1000_max": 0.008215,
        "nauc_precision_at_1000_std": 0.095321,
        "nauc_precision_at_1000_diff1": 0.072786,
        "nauc_mrr_at_1_max": 0.23015,
        "nauc_mrr_at_1_std": 0.013462,
        "nauc_mrr_at_1_diff1": 0.382057,
        "nauc_mrr_at_3_max": 0.215894,
        "nauc_mrr_at_3_std": 0.013497,
        "nauc_mrr_at_3_diff1": 0.331514,
        "nauc_mrr_at_5_max": 0.203583,
        "nauc_mrr_at_5_std": 0.022017,
        "nauc_mrr_at_5_diff1": 0.322193,
        "nauc_mrr_at_10_max": 0.190206,
        "nauc_mrr_at_10_std": 0.023287,
        "nauc_mrr_at_10_diff1": 0.310725,
        "nauc_mrr_at_20_max": 0.185076,
        "nauc_mrr_at_20_std": 0.024939,
        "nauc_mrr_at_20_diff1": 0.3028,
        "nauc_mrr_at_100_max": 0.182091,
        "nauc_mrr_at_100_std": 0.026511,
        "nauc_mrr_at_100_diff1": 0.298939,
        "nauc_mrr_at_1000_max": 0.18192,
        "nauc_mrr_at_1000_std": 0.026422,
        "nauc_mrr_at_1000_diff1": 0.298524,
        "cv_recall_at_1": 0.0724,
        "cv_recall_at_3": 0.107,
        "cv_recall_at_5": 0.1266,
        "cv_recall_at_10": 0.1576,
        "cv_recall_at_20": 0.1986,
        "cv_recall_at_100": 0.2944,
        "cv_recall_at_1000": 0.4982,
        "main_score": 0.11039,
        "hf_subset": "default",
        "languages": [
          "eng-Latn"
        ]
      }
    ]
  },
  "evaluation_time": 253.71608638763428,
  "kg_co2_emissions": null
}