{
  "dataset_revision": "c22ab2a51041ffd869aaddef7af8d8215647e41a",
  "task_name": "ArguAna",
  "mteb_version": "2.7.8",
  "scores": {
    "test": [
      {
        "ndcg_at_1": 0.30725,
        "ndcg_at_3": 0.45122,
        "ndcg_at_5": 0.49725,
        "ndcg_at_10": 0.54865,
        "ndcg_at_20": 0.5761,
        "ndcg_at_100": 0.58661,
        "ndcg_at_1000": 0.58809,
        "map_at_1": 0.30725,
        "map_at_3": 0.41548,
        "map_at_5": 0.44087,
        "map_at_10": 0.46243,
        "map_at_20": 0.47021,
        "map_at_100": 0.4719,
        "map_at_1000": 0.47196,
        "recall_at_1": 0.30725,
        "recall_at_3": 0.55477,
        "recall_at_5": 0.66714,
        "recall_at_10": 0.82432,
        "recall_at_20": 0.93101,
        "recall_at_100": 0.98435,
        "recall_at_1000": 0.99573,
        "accuracy": 0.30725,
        "precision_at_1": 0.30725,
        "precision_at_3": 0.18492,
        "precision_at_5": 0.13343,
        "precision_at_10": 0.08243,
        "precision_at_20": 0.04655,
        "precision_at_100": 0.00984,
        "precision_at_1000": 0.001,
        "mrr_at_1": 0.315789,
        "mrr_at_3": 0.417615,
        "mrr_at_5": 0.444002,
        "mrr_at_10": 0.465509,
        "mrr_at_20": 0.473335,
        "mrr_at_100": 0.47499,
        "mrr_at_1000": 0.475049,
        "nauc_ndcg_at_1_max": -0.121875,
        "nauc_ndcg_at_1_std": -0.160827,
        "nauc_ndcg_at_1_diff1": 0.063158,
        "nauc_ndcg_at_3_max": -0.113098,
        "nauc_ndcg_at_3_std": -0.152365,
        "nauc_ndcg_at_3_diff1": 0.025321,
        "nauc_ndcg_at_5_max": -0.109939,
        "nauc_ndcg_at_5_std": -0.146287,
        "nauc_ndcg_at_5_diff1": 0.01633,
        "nauc_ndcg_at_10_max": -0.110965,
        "nauc_ndcg_at_10_std": -0.147224,
        "nauc_ndcg_at_10_diff1": 0.011293,
        "nauc_ndcg_at_20_max": -0.094141,
        "nauc_ndcg_at_20_std": -0.140046,
        "nauc_ndcg_at_20_diff1": 0.03297,
        "nauc_ndcg_at_100_max": -0.105766,
        "nauc_ndcg_at_100_std": -0.143734,
        "nauc_ndcg_at_100_diff1": 0.031238,
        "nauc_ndcg_at_1000_max": -0.108479,
        "nauc_ndcg_at_1000_std": -0.14626,
        "nauc_ndcg_at_1000_diff1": 0.030154,
        "nauc_map_at_1_max": -0.121875,
        "nauc_map_at_1_std": -0.160827,
        "nauc_map_at_1_diff1": 0.063158,
        "nauc_map_at_3_max": -0.118504,
        "nauc_map_at_3_std": -0.155274,
        "nauc_map_at_3_diff1": 0.032225,
        "nauc_map_at_5_max": -0.117496,
        "nauc_map_at_5_std": -0.152089,
        "nauc_map_at_5_diff1": 0.027389,
        "nauc_map_at_10_max": -0.118893,
        "nauc_map_at_10_std": -0.153785,
        "nauc_map_at_10_diff1": 0.025945,
        "nauc_map_at_20_max": -0.114603,
        "nauc_map_at_20_std": -0.152309,
        "nauc_map_at_20_diff1": 0.031678,
        "nauc_map_at_100_max": -0.115886,
        "nauc_map_at_100_std": -0.152692,
        "nauc_map_at_100_diff1": 0.03167,
        "nauc_map_at_1000_max": -0.115987,
        "nauc_map_at_1000_std": -0.152772,
        "nauc_map_at_1000_diff1": 0.031621,
        "nauc_recall_at_1_max": -0.121875,
        "nauc_recall_at_1_std": -0.160827,
        "nauc_recall_at_1_diff1": 0.063158,
        "nauc_recall_at_3_max": -0.09553,
        "nauc_recall_at_3_std": -0.143302,
        "nauc_recall_at_3_diff1": 0.005667,
        "nauc_recall_at_5_max": -0.080957,
        "nauc_recall_at_5_std": -0.124862,
        "nauc_recall_at_5_diff1": -0.021735,
        "nauc_recall_at_10_max": -0.06038,
        "nauc_recall_at_10_std": -0.104717,
        "nauc_recall_at_10_diff1": -0.072651,
        "nauc_recall_at_20_max": 0.237837,
        "nauc_recall_at_20_std": 0.061622,
        "nauc_recall_at_20_diff1": 0.114653,
        "nauc_recall_at_100_max": 0.36324,
        "nauc_recall_at_100_std": 0.416163,
        "nauc_recall_at_100_diff1": 0.202611,
        "nauc_recall_at_1000_max": 0.453666,
        "nauc_recall_at_1000_std": 0.7895,
        "nauc_recall_at_1000_diff1": 0.222283,
        "nauc_precision_at_1_max": -0.121875,
        "nauc_precision_at_1_std": -0.160827,
        "nauc_precision_at_1_diff1": 0.063158,
        "nauc_precision_at_3_max": -0.09553,
        "nauc_precision_at_3_std": -0.143302,
        "nauc_precision_at_3_diff1": 0.005667,
        "nauc_precision_at_5_max": -0.080957,
        "nauc_precision_at_5_std": -0.124862,
        "nauc_precision_at_5_diff1": -0.021735,
        "nauc_precision_at_10_max": -0.06038,
        "nauc_precision_at_10_std": -0.104717,
        "nauc_precision_at_10_diff1": -0.072651,
        "nauc_precision_at_20_max": 0.237837,
        "nauc_precision_at_20_std": 0.061622,
        "nauc_precision_at_20_diff1": 0.114653,
        "nauc_precision_at_100_max": 0.36324,
        "nauc_precision_at_100_std": 0.416163,
        "nauc_precision_at_100_diff1": 0.202611,
        "nauc_precision_at_1000_max": 0.453666,
        "nauc_precision_at_1000_std": 0.7895,
        "nauc_precision_at_1000_diff1": 0.222283,
        "nauc_mrr_at_1_max": -0.121218,
        "nauc_mrr_at_1_std": -0.150912,
        "nauc_mrr_at_1_diff1": 0.038386,
        "nauc_mrr_at_3_max": -0.131538,
        "nauc_mrr_at_3_std": -0.154997,
        "nauc_mrr_at_3_diff1": 0.004807,
        "nauc_mrr_at_5_max": -0.129532,
        "nauc_mrr_at_5_std": -0.151675,
        "nauc_mrr_at_5_diff1": 0.001503,
        "nauc_mrr_at_10_max": -0.129149,
        "nauc_mrr_at_10_std": -0.151001,
        "nauc_mrr_at_10_diff1": 0.000314,
        "nauc_mrr_at_20_max": -0.125035,
        "nauc_mrr_at_20_std": -0.149302,
        "nauc_mrr_at_20_diff1": 0.00551,
        "nauc_mrr_at_100_max": -0.126559,
        "nauc_mrr_at_100_std": -0.149852,
        "nauc_mrr_at_100_diff1": 0.005231,
        "nauc_mrr_at_1000_max": -0.126662,
        "nauc_mrr_at_1000_std": -0.149931,
        "nauc_mrr_at_1000_diff1": 0.005177,
        "cv_recall_at_1": 0.31579,
        "cv_recall_at_3": 0.55121,
        "cv_recall_at_5": 0.66714,
        "cv_recall_at_10": 0.82432,
        "cv_recall_at_20": 0.93172,
        "cv_recall_at_100": 0.98435,
        "cv_recall_at_1000": 0.99573,
        "main_score": 0.54865,
        "hf_subset": "default",
        "languages": [
          "eng-Latn"
        ]
      }
    ]
  },
  "evaluation_time": 62.27001357078552,
  "kg_co2_emissions": null
}