{
  "dataset_revision": "c5691e3c48741d5f83b5cc8e630653d7a8cfc048",
  "task_name": "AskUbuntuDupQuestions",
  "mteb_version": "2.7.8",
  "scores": {
    "test": [
      {
        "ndcg_at_1": 0.62604,
        "ndcg_at_3": 0.57867,
        "ndcg_at_5": 0.58479,
        "ndcg_at_10": 0.63853,
        "ndcg_at_20": 0.75198,
        "ndcg_at_100": 0.75198,
        "ndcg_at_1000": 0.75198,
        "map_at_1": 0.16942,
        "map_at_3": 0.29875,
        "map_at_5": 0.37807,
        "map_at_10": 0.4829,
        "map_at_20": 0.59014,
        "map_at_100": 0.59014,
        "map_at_1000": 0.59014,
        "recall_at_1": 0.16942,
        "recall_at_3": 0.34479,
        "recall_at_5": 0.47868,
        "recall_at_10": 0.70672,
        "recall_at_20": 1.0,
        "recall_at_100": 1.0,
        "recall_at_1000": 1.0,
        "accuracy": 0.16942,
        "precision_at_1": 0.62604,
        "precision_at_3": 0.50508,
        "precision_at_5": 0.44931,
        "precision_at_10": 0.359,
        "precision_at_20": 0.27355,
        "precision_at_100": 0.05471,
        "precision_at_1000": 0.00547,
        "mrr_at_1": 0.626039,
        "mrr_at_3": 0.706833,
        "mrr_at_5": 0.724423,
        "mrr_at_10": 0.734943,
        "mrr_at_20": 0.737954,
        "mrr_at_100": 0.737954,
        "mrr_at_1000": 0.737954,
        "nauc_ndcg_at_1_max": 0.357067,
        "nauc_ndcg_at_1_std": 0.293377,
        "nauc_ndcg_at_1_diff1": 0.291367,
        "nauc_ndcg_at_3_max": 0.270558,
        "nauc_ndcg_at_3_std": 0.171208,
        "nauc_ndcg_at_3_diff1": 0.141794,
        "nauc_ndcg_at_5_max": 0.240024,
        "nauc_ndcg_at_5_std": 0.167795,
        "nauc_ndcg_at_5_diff1": 0.136641,
        "nauc_ndcg_at_10_max": 0.259938,
        "nauc_ndcg_at_10_std": 0.210835,
        "nauc_ndcg_at_10_diff1": 0.155617,
        "nauc_ndcg_at_20_max": 0.304745,
        "nauc_ndcg_at_20_std": 0.19874,
        "nauc_ndcg_at_20_diff1": 0.188759,
        "nauc_ndcg_at_100_max": 0.304745,
        "nauc_ndcg_at_100_std": 0.19874,
        "nauc_ndcg_at_100_diff1": 0.188759,
        "nauc_ndcg_at_1000_max": 0.304745,
        "nauc_ndcg_at_1000_std": 0.19874,
        "nauc_ndcg_at_1000_diff1": 0.188759,
        "nauc_map_at_1_max": 0.029631,
        "nauc_map_at_1_std": 0.005383,
        "nauc_map_at_1_diff1": 0.2422,
        "nauc_map_at_3_max": 0.08404,
        "nauc_map_at_3_std": 0.040152,
        "nauc_map_at_3_diff1": 0.155453,
        "nauc_map_at_5_max": 0.119112,
        "nauc_map_at_5_std": 0.087862,
        "nauc_map_at_5_diff1": 0.154884,
        "nauc_map_at_10_max": 0.194587,
        "nauc_map_at_10_std": 0.159005,
        "nauc_map_at_10_diff1": 0.147587,
        "nauc_map_at_20_max": 0.253955,
        "nauc_map_at_20_std": 0.17257,
        "nauc_map_at_20_diff1": 0.158708,
        "nauc_map_at_100_max": 0.253955,
        "nauc_map_at_100_std": 0.17257,
        "nauc_map_at_100_diff1": 0.158708,
        "nauc_map_at_1000_max": 0.253955,
        "nauc_map_at_1000_std": 0.17257,
        "nauc_map_at_1000_diff1": 0.158708,
        "nauc_recall_at_1_max": 0.029631,
        "nauc_recall_at_1_std": 0.005383,
        "nauc_recall_at_1_diff1": 0.2422,
        "nauc_recall_at_3_max": 0.039039,
        "nauc_recall_at_3_std": -0.007707,
        "nauc_recall_at_3_diff1": 0.071414,
        "nauc_recall_at_5_max": 0.041614,
        "nauc_recall_at_5_std": 0.033505,
        "nauc_recall_at_5_diff1": 0.053795,
        "nauc_recall_at_10_max": 0.089531,
        "nauc_recall_at_10_std": 0.151574,
        "nauc_recall_at_10_diff1": 0.048378,
        "nauc_recall_at_20_max": NaN,
        "nauc_recall_at_20_std": NaN,
        "nauc_recall_at_20_diff1": NaN,
        "nauc_recall_at_100_max": NaN,
        "nauc_recall_at_100_std": NaN,
        "nauc_recall_at_100_diff1": NaN,
        "nauc_recall_at_1000_max": NaN,
        "nauc_recall_at_1000_std": NaN,
        "nauc_recall_at_1000_diff1": NaN,
        "nauc_precision_at_1_max": 0.357067,
        "nauc_precision_at_1_std": 0.293377,
        "nauc_precision_at_1_diff1": 0.291367,
        "nauc_precision_at_3_max": 0.273518,
        "nauc_precision_at_3_std": 0.184079,
        "nauc_precision_at_3_diff1": 0.048703,
        "nauc_precision_at_5_max": 0.261212,
        "nauc_precision_at_5_std": 0.198319,
        "nauc_precision_at_5_diff1": 0.029385,
        "nauc_precision_at_10_max": 0.267517,
        "nauc_precision_at_10_std": 0.193609,
        "nauc_precision_at_10_diff1": 0.016021,
        "nauc_precision_at_20_max": 0.218796,
        "nauc_precision_at_20_std": 0.126085,
        "nauc_precision_at_20_diff1": 0.017764,
        "nauc_precision_at_100_max": 0.218796,
        "nauc_precision_at_100_std": 0.126085,
        "nauc_precision_at_100_diff1": 0.017764,
        "nauc_precision_at_1000_max": 0.218796,
        "nauc_precision_at_1000_std": 0.126085,
        "nauc_precision_at_1000_diff1": 0.017764,
        "nauc_mrr_at_1_max": 0.357067,
        "nauc_mrr_at_1_std": 0.293377,
        "nauc_mrr_at_1_diff1": 0.291367,
        "nauc_mrr_at_3_max": 0.369524,
        "nauc_mrr_at_3_std": 0.256802,
        "nauc_mrr_at_3_diff1": 0.252257,
        "nauc_mrr_at_5_max": 0.366625,
        "nauc_mrr_at_5_std": 0.261254,
        "nauc_mrr_at_5_diff1": 0.244838,
        "nauc_mrr_at_10_max": 0.374314,
        "nauc_mrr_at_10_std": 0.270254,
        "nauc_mrr_at_10_diff1": 0.260914,
        "nauc_mrr_at_20_max": 0.371578,
        "nauc_mrr_at_20_std": 0.268104,
        "nauc_mrr_at_20_diff1": 0.260163,
        "nauc_mrr_at_100_max": 0.371578,
        "nauc_mrr_at_100_std": 0.268104,
        "nauc_mrr_at_100_diff1": 0.260163,
        "nauc_mrr_at_1000_max": 0.371578,
        "nauc_mrr_at_1000_std": 0.268104,
        "nauc_mrr_at_1000_diff1": 0.260163,
        "cv_recall_at_1": 0.62604,
        "cv_recall_at_3": 0.80609,
        "cv_recall_at_5": 0.88089,
        "cv_recall_at_10": 0.95845,
        "cv_recall_at_20": 1.0,
        "cv_recall_at_100": 1.0,
        "cv_recall_at_1000": 1.0,
        "main_score": 0.59014,
        "hf_subset": "default",
        "languages": [
          "eng-Latn"
        ]
      }
    ]
  },
  "evaluation_time": 13.471679210662842,
  "kg_co2_emissions": null
}