{
  "dataset_revision": "3a309e201f3c2c4b13bd4a367a8f37eee2ec1d21",
  "task_name": "ClimateFEVERHardNegatives",
  "mteb_version": "2.7.8",
  "scores": {
    "test": [
      {
        "ndcg_at_1": 0.214,
        "ndcg_at_3": 0.19547,
        "ndcg_at_5": 0.21117,
        "ndcg_at_10": 0.24371,
        "ndcg_at_20": 0.27601,
        "ndcg_at_100": 0.32517,
        "ndcg_at_1000": 0.36704,
        "map_at_1": 0.10082,
        "map_at_3": 0.14251,
        "map_at_5": 0.15568,
        "map_at_10": 0.17059,
        "map_at_20": 0.18052,
        "map_at_100": 0.18953,
        "map_at_1000": 0.19171,
        "recall_at_1": 0.10082,
        "recall_at_3": 0.18537,
        "recall_at_5": 0.22788,
        "recall_at_10": 0.30123,
        "recall_at_20": 0.3944,
        "recall_at_100": 0.58455,
        "recall_at_1000": 0.82143,
        "accuracy": 0.10082,
        "precision_at_1": 0.214,
        "precision_at_3": 0.14367,
        "precision_at_5": 0.1102,
        "precision_at_10": 0.0764,
        "precision_at_20": 0.05165,
        "precision_at_100": 0.01627,
        "precision_at_1000": 0.00242,
        "mrr_at_1": 0.214,
        "mrr_at_3": 0.29,
        "mrr_at_5": 0.30735,
        "mrr_at_10": 0.321376,
        "mrr_at_20": 0.330853,
        "mrr_at_100": 0.334899,
        "mrr_at_1000": 0.335375,
        "nauc_ndcg_at_1_max": 0.298983,
        "nauc_ndcg_at_1_std": 0.166884,
        "nauc_ndcg_at_1_diff1": 0.323558,
        "nauc_ndcg_at_3_max": 0.323838,
        "nauc_ndcg_at_3_std": 0.171778,
        "nauc_ndcg_at_3_diff1": 0.282268,
        "nauc_ndcg_at_5_max": 0.337059,
        "nauc_ndcg_at_5_std": 0.186332,
        "nauc_ndcg_at_5_diff1": 0.27239,
        "nauc_ndcg_at_10_max": 0.343142,
        "nauc_ndcg_at_10_std": 0.201584,
        "nauc_ndcg_at_10_diff1": 0.26894,
        "nauc_ndcg_at_20_max": 0.356832,
        "nauc_ndcg_at_20_std": 0.221643,
        "nauc_ndcg_at_20_diff1": 0.268648,
        "nauc_ndcg_at_100_max": 0.374131,
        "nauc_ndcg_at_100_std": 0.250652,
        "nauc_ndcg_at_100_diff1": 0.266006,
        "nauc_ndcg_at_1000_max": 0.372146,
        "nauc_ndcg_at_1000_std": 0.245831,
        "nauc_ndcg_at_1000_diff1": 0.269357,
        "nauc_map_at_1_max": 0.327915,
        "nauc_map_at_1_std": 0.155306,
        "nauc_map_at_1_diff1": 0.37283,
        "nauc_map_at_3_max": 0.330329,
        "nauc_map_at_3_std": 0.160259,
        "nauc_map_at_3_diff1": 0.321911,
        "nauc_map_at_5_max": 0.337749,
        "nauc_map_at_5_std": 0.170412,
        "nauc_map_at_5_diff1": 0.310355,
        "nauc_map_at_10_max": 0.34312,
        "nauc_map_at_10_std": 0.182757,
        "nauc_map_at_10_diff1": 0.309357,
        "nauc_map_at_20_max": 0.348976,
        "nauc_map_at_20_std": 0.192138,
        "nauc_map_at_20_diff1": 0.308098,
        "nauc_map_at_100_max": 0.354566,
        "nauc_map_at_100_std": 0.201233,
        "nauc_map_at_100_diff1": 0.306754,
        "nauc_map_at_1000_max": 0.354457,
        "nauc_map_at_1000_std": 0.201024,
        "nauc_map_at_1000_diff1": 0.306784,
        "nauc_recall_at_1_max": 0.327915,
        "nauc_recall_at_1_std": 0.155306,
        "nauc_recall_at_1_diff1": 0.37283,
        "nauc_recall_at_3_max": 0.312042,
        "nauc_recall_at_3_std": 0.165289,
        "nauc_recall_at_3_diff1": 0.242297,
        "nauc_recall_at_5_max": 0.317431,
        "nauc_recall_at_5_std": 0.180497,
        "nauc_recall_at_5_diff1": 0.211264,
        "nauc_recall_at_10_max": 0.311765,
        "nauc_recall_at_10_std": 0.196742,
        "nauc_recall_at_10_diff1": 0.195307,
        "nauc_recall_at_20_max": 0.32163,
        "nauc_recall_at_20_std": 0.227778,
        "nauc_recall_at_20_diff1": 0.178344,
        "nauc_recall_at_100_max": 0.347555,
        "nauc_recall_at_100_std": 0.302481,
        "nauc_recall_at_100_diff1": 0.14625,
        "nauc_recall_at_1000_max": 0.368214,
        "nauc_recall_at_1000_std": 0.341188,
        "nauc_recall_at_1000_diff1": 0.120172,
        "nauc_precision_at_1_max": 0.298983,
        "nauc_precision_at_1_std": 0.166884,
        "nauc_precision_at_1_diff1": 0.323558,
        "nauc_precision_at_3_max": 0.316209,
        "nauc_precision_at_3_std": 0.188228,
        "nauc_precision_at_3_diff1": 0.225154,
        "nauc_precision_at_5_max": 0.30044,
        "nauc_precision_at_5_std": 0.198429,
        "nauc_precision_at_5_diff1": 0.171738,
        "nauc_precision_at_10_max": 0.28834,
        "nauc_precision_at_10_std": 0.219846,
        "nauc_precision_at_10_diff1": 0.155269,
        "nauc_precision_at_20_max": 0.289098,
        "nauc_precision_at_20_std": 0.252339,
        "nauc_precision_at_20_diff1": 0.132575,
        "nauc_precision_at_100_max": 0.247762,
        "nauc_precision_at_100_std": 0.272008,
        "nauc_precision_at_100_diff1": 0.076609,
        "nauc_precision_at_1000_max": 0.090223,
        "nauc_precision_at_1000_std": 0.144948,
        "nauc_precision_at_1000_diff1": -0.003718,
        "nauc_mrr_at_1_max": 0.298983,
        "nauc_mrr_at_1_std": 0.166884,
        "nauc_mrr_at_1_diff1": 0.323558,
        "nauc_mrr_at_3_max": 0.315166,
        "nauc_mrr_at_3_std": 0.183224,
        "nauc_mrr_at_3_diff1": 0.262279,
        "nauc_mrr_at_5_max": 0.31937,
        "nauc_mrr_at_5_std": 0.188948,
        "nauc_mrr_at_5_diff1": 0.259199,
        "nauc_mrr_at_10_max": 0.32125,
        "nauc_mrr_at_10_std": 0.191048,
        "nauc_mrr_at_10_diff1": 0.258295,
        "nauc_mrr_at_20_max": 0.322664,
        "nauc_mrr_at_20_std": 0.193386,
        "nauc_mrr_at_20_diff1": 0.259731,
        "nauc_mrr_at_100_max": 0.322613,
        "nauc_mrr_at_100_std": 0.193124,
        "nauc_mrr_at_100_diff1": 0.260223,
        "nauc_mrr_at_1000_max": 0.322367,
        "nauc_mrr_at_1000_std": 0.192994,
        "nauc_mrr_at_1000_diff1": 0.260265,
        "cv_recall_at_1": 0.214,
        "cv_recall_at_3": 0.39,
        "cv_recall_at_5": 0.465,
        "cv_recall_at_10": 0.57,
        "cv_recall_at_20": 0.705,
        "cv_recall_at_100": 0.863,
        "cv_recall_at_1000": 0.97,
        "main_score": 0.24371,
        "hf_subset": "default",
        "languages": [
          "eng-Latn"
        ]
      }
    ]
  },
  "evaluation_time": 306.6628415584564,
  "kg_co2_emissions": null
}