{
  "dataset_revision": "617612fa63afcb60e3b134bed8b7216a99707c37",
  "task_name": "HotpotQAHardNegatives",
  "mteb_version": "2.7.8",
  "scores": {
    "test": [
      {
        "ndcg_at_1": 0.721,
        "ndcg_at_3": 0.58241,
        "ndcg_at_5": 0.61373,
        "ndcg_at_10": 0.64176,
        "ndcg_at_20": 0.65787,
        "ndcg_at_100": 0.68285,
        "ndcg_at_1000": 0.6967,
        "map_at_1": 0.3605,
        "map_at_3": 0.50033,
        "map_at_5": 0.52468,
        "map_at_10": 0.5411,
        "map_at_20": 0.54748,
        "map_at_100": 0.55273,
        "map_at_1000": 0.55348,
        "recall_at_1": 0.3605,
        "recall_at_3": 0.5535,
        "recall_at_5": 0.6155,
        "recall_at_10": 0.6855,
        "recall_at_20": 0.7375,
        "recall_at_100": 0.848,
        "recall_at_1000": 0.939,
        "accuracy": 0.3605,
        "precision_at_1": 0.721,
        "precision_at_3": 0.369,
        "precision_at_5": 0.2462,
        "precision_at_10": 0.1371,
        "precision_at_20": 0.07375,
        "precision_at_100": 0.01696,
        "precision_at_1000": 0.00188,
        "mrr_at_1": 0.721,
        "mrr_at_3": 0.79,
        "mrr_at_5": 0.798,
        "mrr_at_10": 0.803404,
        "mrr_at_20": 0.805066,
        "mrr_at_100": 0.80565,
        "mrr_at_1000": 0.805685,
        "nauc_ndcg_at_1_max": 0.456093,
        "nauc_ndcg_at_1_std": -0.041882,
        "nauc_ndcg_at_1_diff1": 0.688196,
        "nauc_ndcg_at_3_max": 0.269632,
        "nauc_ndcg_at_3_std": -0.035432,
        "nauc_ndcg_at_3_diff1": 0.267342,
        "nauc_ndcg_at_5_max": 0.26085,
        "nauc_ndcg_at_5_std": -0.037068,
        "nauc_ndcg_at_5_diff1": 0.243343,
        "nauc_ndcg_at_10_max": 0.238436,
        "nauc_ndcg_at_10_std": -0.042922,
        "nauc_ndcg_at_10_diff1": 0.224989,
        "nauc_ndcg_at_20_max": 0.231878,
        "nauc_ndcg_at_20_std": -0.019083,
        "nauc_ndcg_at_20_diff1": 0.216221,
        "nauc_ndcg_at_100_max": 0.235591,
        "nauc_ndcg_at_100_std": 0.003008,
        "nauc_ndcg_at_100_diff1": 0.222435,
        "nauc_ndcg_at_1000_max": 0.25016,
        "nauc_ndcg_at_1000_std": 0.003963,
        "nauc_ndcg_at_1000_diff1": 0.244971,
        "nauc_map_at_1_max": 0.456093,
        "nauc_map_at_1_std": -0.041882,
        "nauc_map_at_1_diff1": 0.688196,
        "nauc_map_at_3_max": 0.236831,
        "nauc_map_at_3_std": -0.015269,
        "nauc_map_at_3_diff1": 0.214116,
        "nauc_map_at_5_max": 0.2328,
        "nauc_map_at_5_std": -0.017391,
        "nauc_map_at_5_diff1": 0.199312,
        "nauc_map_at_10_max": 0.222599,
        "nauc_map_at_10_std": -0.020418,
        "nauc_map_at_10_diff1": 0.192042,
        "nauc_map_at_20_max": 0.221501,
        "nauc_map_at_20_std": -0.012521,
        "nauc_map_at_20_diff1": 0.190222,
        "nauc_map_at_100_max": 0.221439,
        "nauc_map_at_100_std": -0.009882,
        "nauc_map_at_100_diff1": 0.191559,
        "nauc_map_at_1000_max": 0.221931,
        "nauc_map_at_1000_std": -0.009584,
        "nauc_map_at_1000_diff1": 0.19227,
        "nauc_recall_at_1_max": 0.456093,
        "nauc_recall_at_1_std": -0.041882,
        "nauc_recall_at_1_diff1": 0.688196,
        "nauc_recall_at_3_max": 0.177714,
        "nauc_recall_at_3_std": -0.034658,
        "nauc_recall_at_3_diff1": 0.088336,
        "nauc_recall_at_5_max": 0.152211,
        "nauc_recall_at_5_std": -0.035549,
        "nauc_recall_at_5_diff1": 0.036032,
        "nauc_recall_at_10_max": 0.079801,
        "nauc_recall_at_10_std": -0.049379,
        "nauc_recall_at_10_diff1": -0.032165,
        "nauc_recall_at_20_max": 0.037111,
        "nauc_recall_at_20_std": 0.032392,
        "nauc_recall_at_20_diff1": -0.091506,
        "nauc_recall_at_100_max": -0.02021,
        "nauc_recall_at_100_std": 0.198633,
        "nauc_recall_at_100_diff1": -0.191947,
        "nauc_recall_at_1000_max": 0.017084,
        "nauc_recall_at_1000_std": 0.427444,
        "nauc_recall_at_1000_diff1": -0.188824,
        "nauc_precision_at_1_max": 0.456093,
        "nauc_precision_at_1_std": -0.041882,
        "nauc_precision_at_1_diff1": 0.688196,
        "nauc_precision_at_3_max": 0.177714,
        "nauc_precision_at_3_std": -0.034658,
        "nauc_precision_at_3_diff1": 0.088336,
        "nauc_precision_at_5_max": 0.152211,
        "nauc_precision_at_5_std": -0.035549,
        "nauc_precision_at_5_diff1": 0.036032,
        "nauc_precision_at_10_max": 0.079801,
        "nauc_precision_at_10_std": -0.049379,
        "nauc_precision_at_10_diff1": -0.032165,
        "nauc_precision_at_20_max": 0.037111,
        "nauc_precision_at_20_std": 0.032392,
        "nauc_precision_at_20_diff1": -0.091506,
        "nauc_precision_at_100_max": -0.02021,
        "nauc_precision_at_100_std": 0.198633,
        "nauc_precision_at_100_diff1": -0.191947,
        "nauc_precision_at_1000_max": 0.017084,
        "nauc_precision_at_1000_std": 0.427444,
        "nauc_precision_at_1000_diff1": -0.188824,
        "nauc_mrr_at_1_max": 0.456093,
        "nauc_mrr_at_1_std": -0.041882,
        "nauc_mrr_at_1_diff1": 0.688196,
        "nauc_mrr_at_3_max": 0.468583,
        "nauc_mrr_at_3_std": -0.082828,
        "nauc_mrr_at_3_diff1": 0.654995,
        "nauc_mrr_at_5_max": 0.471073,
        "nauc_mrr_at_5_std": -0.084261,
        "nauc_mrr_at_5_diff1": 0.660773,
        "nauc_mrr_at_10_max": 0.467912,
        "nauc_mrr_at_10_std": -0.08504,
        "nauc_mrr_at_10_diff1": 0.661357,
        "nauc_mrr_at_20_max": 0.466999,
        "nauc_mrr_at_20_std": -0.082932,
        "nauc_mrr_at_20_diff1": 0.661832,
        "nauc_mrr_at_100_max": 0.467555,
        "nauc_mrr_at_100_std": -0.081289,
        "nauc_mrr_at_100_diff1": 0.662022,
        "nauc_mrr_at_1000_max": 0.467563,
        "nauc_mrr_at_1000_std": -0.081395,
        "nauc_mrr_at_1000_diff1": 0.662085,
        "cv_recall_at_1": 0.721,
        "cv_recall_at_3": 0.871,
        "cv_recall_at_5": 0.906,
        "cv_recall_at_10": 0.945,
        "cv_recall_at_20": 0.969,
        "cv_recall_at_100": 0.992,
        "cv_recall_at_1000": 0.999,
        "main_score": 0.64176,
        "hf_subset": "default",
        "languages": [
          "eng-Latn"
        ]
      }
    ]
  },
  "evaluation_time": 507.7392408847809,
  "kg_co2_emissions": null
}