{
  "dataset_revision": "227478e3235572039f4f7661840e059f31ef6eb1",
  "task_name": "MindSmallReranking",
  "mteb_version": "2.7.8",
  "scores": {
    "test": [
      {
        "ndcg_at_1": 0.12553,
        "ndcg_at_3": 0.19607,
        "ndcg_at_5": 0.24141,
        "ndcg_at_10": 0.30361,
        "ndcg_at_20": 0.35666,
        "ndcg_at_100": 0.42202,
        "ndcg_at_1000": 0.42574,
        "map_at_1": 0.09614,
        "map_at_3": 0.16121,
        "map_at_5": 0.18792,
        "map_at_10": 0.21555,
        "map_at_20": 0.23274,
        "map_at_100": 0.24656,
        "map_at_1000": 0.24703,
        "recall_at_1": 0.09614,
        "recall_at_3": 0.24302,
        "recall_at_5": 0.35129,
        "recall_at_10": 0.5278,
        "recall_at_20": 0.70895,
        "recall_at_100": 0.982,
        "recall_at_1000": 1.0,
        "accuracy": 0.09614,
        "precision_at_1": 0.12553,
        "precision_at_3": 0.1077,
        "precision_at_5": 0.09548,
        "precision_at_10": 0.07541,
        "precision_at_20": 0.0543,
        "precision_at_100": 0.0176,
        "precision_at_1000": 0.00183,
        "mrr_at_1": 0.125525,
        "mrr_at_3": 0.20362,
        "mrr_at_5": 0.232779,
        "mrr_at_10": 0.258772,
        "mrr_at_20": 0.271178,
        "mrr_at_100": 0.276803,
        "mrr_at_1000": 0.276852,
        "nauc_ndcg_at_1_max": -0.110369,
        "nauc_ndcg_at_1_std": 0.000787,
        "nauc_ndcg_at_1_diff1": 0.120926,
        "nauc_ndcg_at_3_max": -0.217306,
        "nauc_ndcg_at_3_std": -0.043066,
        "nauc_ndcg_at_3_diff1": 0.117355,
        "nauc_ndcg_at_5_max": -0.259634,
        "nauc_ndcg_at_5_std": -0.053273,
        "nauc_ndcg_at_5_diff1": 0.112674,
        "nauc_ndcg_at_10_max": -0.302138,
        "nauc_ndcg_at_10_std": -0.060857,
        "nauc_ndcg_at_10_diff1": 0.107028,
        "nauc_ndcg_at_20_max": -0.314917,
        "nauc_ndcg_at_20_std": -0.05933,
        "nauc_ndcg_at_20_diff1": 0.104307,
        "nauc_ndcg_at_100_max": -0.24378,
        "nauc_ndcg_at_100_std": -0.042652,
        "nauc_ndcg_at_100_diff1": 0.107124,
        "nauc_ndcg_at_1000_max": -0.230075,
        "nauc_ndcg_at_1000_std": -0.040495,
        "nauc_ndcg_at_1000_diff1": 0.107619,
        "nauc_map_at_1_max": -0.180051,
        "nauc_map_at_1_std": -0.026864,
        "nauc_map_at_1_diff1": 0.139586,
        "nauc_map_at_3_max": -0.231029,
        "nauc_map_at_3_std": -0.04771,
        "nauc_map_at_3_diff1": 0.126542,
        "nauc_map_at_5_max": -0.253092,
        "nauc_map_at_5_std": -0.052193,
        "nauc_map_at_5_diff1": 0.122142,
        "nauc_map_at_10_max": -0.271792,
        "nauc_map_at_10_std": -0.054805,
        "nauc_map_at_10_diff1": 0.11864,
        "nauc_map_at_20_max": -0.274245,
        "nauc_map_at_20_std": -0.05351,
        "nauc_map_at_20_diff1": 0.117263,
        "nauc_map_at_100_max": -0.259809,
        "nauc_map_at_100_std": -0.049712,
        "nauc_map_at_100_diff1": 0.117619,
        "nauc_map_at_1000_max": -0.258376,
        "nauc_map_at_1000_std": -0.049483,
        "nauc_map_at_1000_diff1": 0.117679,
        "nauc_recall_at_1_max": -0.180051,
        "nauc_recall_at_1_std": -0.026864,
        "nauc_recall_at_1_diff1": 0.139586,
        "nauc_recall_at_3_max": -0.25944,
        "nauc_recall_at_3_std": -0.061208,
        "nauc_recall_at_3_diff1": 0.109732,
        "nauc_recall_at_5_max": -0.317795,
        "nauc_recall_at_5_std": -0.074539,
        "nauc_recall_at_5_diff1": 0.097807,
        "nauc_recall_at_10_max": -0.416593,
        "nauc_recall_at_10_std": -0.093571,
        "nauc_recall_at_10_diff1": 0.083526,
        "nauc_recall_at_20_max": -0.52146,
        "nauc_recall_at_20_std": -0.105358,
        "nauc_recall_at_20_diff1": 0.070365,
        "nauc_recall_at_100_max": -0.866731,
        "nauc_recall_at_100_std": -0.135654,
        "nauc_recall_at_100_diff1": 0.04795,
        "nauc_recall_at_1000_max": -0.651728,
        "nauc_recall_at_1000_std": -0.022876,
        "nauc_recall_at_1000_diff1": -0.093604,
        "nauc_precision_at_1_max": -0.110369,
        "nauc_precision_at_1_std": 0.000787,
        "nauc_precision_at_1_diff1": 0.120926,
        "nauc_precision_at_3_max": -0.176055,
        "nauc_precision_at_3_std": -0.024386,
        "nauc_precision_at_3_diff1": 0.092087,
        "nauc_precision_at_5_max": -0.209063,
        "nauc_precision_at_5_std": -0.029248,
        "nauc_precision_at_5_diff1": 0.075394,
        "nauc_precision_at_10_max": -0.20089,
        "nauc_precision_at_10_std": -0.022437,
        "nauc_precision_at_10_diff1": 0.040861,
        "nauc_precision_at_20_max": -0.090372,
        "nauc_precision_at_20_std": 0.008546,
        "nauc_precision_at_20_diff1": 0.002094,
        "nauc_precision_at_100_max": 0.265921,
        "nauc_precision_at_100_std": 0.070595,
        "nauc_precision_at_100_diff1": -0.039593,
        "nauc_precision_at_1000_max": 0.301788,
        "nauc_precision_at_1000_std": 0.074699,
        "nauc_precision_at_1000_diff1": -0.039794,
        "nauc_mrr_at_1_max": -0.110369,
        "nauc_mrr_at_1_std": 0.000787,
        "nauc_mrr_at_1_diff1": 0.120926,
        "nauc_mrr_at_3_max": -0.157626,
        "nauc_mrr_at_3_std": -0.020387,
        "nauc_mrr_at_3_diff1": 0.108518,
        "nauc_mrr_at_5_max": -0.176832,
        "nauc_mrr_at_5_std": -0.025235,
        "nauc_mrr_at_5_diff1": 0.105884,
        "nauc_mrr_at_10_max": -0.18992,
        "nauc_mrr_at_10_std": -0.027781,
        "nauc_mrr_at_10_diff1": 0.104604,
        "nauc_mrr_at_20_max": -0.190547,
        "nauc_mrr_at_20_std": -0.027247,
        "nauc_mrr_at_20_diff1": 0.104892,
        "nauc_mrr_at_100_max": -0.185935,
        "nauc_mrr_at_100_std": -0.026124,
        "nauc_mrr_at_100_diff1": 0.105626,
        "nauc_mrr_at_1000_max": -0.185804,
        "nauc_mrr_at_1000_std": -0.026105,
        "nauc_mrr_at_1000_diff1": 0.105639,
        "cv_recall_at_1": 0.12553,
        "cv_recall_at_3": 0.30773,
        "cv_recall_at_5": 0.43615,
        "cv_recall_at_10": 0.63094,
        "cv_recall_at_20": 0.80728,
        "cv_recall_at_100": 0.99393,
        "cv_recall_at_1000": 1.0,
        "max_over_subqueries_ndcg_at_1": 0.16929,
        "max_over_subqueries_ndcg_at_3": 0.25902,
        "max_over_subqueries_ndcg_at_5": 0.30758,
        "max_over_subqueries_ndcg_at_10": 0.36909,
        "max_over_subqueries_ndcg_at_20": 0.41697,
        "max_over_subqueries_ndcg_at_100": 0.46433,
        "max_over_subqueries_ndcg_at_1000": 0.46632,
        "max_over_subqueries_map_at_1": 0.14191,
        "max_over_subqueries_map_at_3": 0.22203,
        "max_over_subqueries_map_at_5": 0.25045,
        "max_over_subqueries_map_at_10": 0.27769,
        "max_over_subqueries_map_at_20": 0.29307,
        "max_over_subqueries_map_at_100": 0.30278,
        "max_over_subqueries_map_at_1000": 0.30299,
        "max_over_subqueries_recall_at_1": 0.14191,
        "max_over_subqueries_recall_at_3": 0.32197,
        "max_over_subqueries_recall_at_5": 0.43701,
        "max_over_subqueries_recall_at_10": 0.61392,
        "max_over_subqueries_recall_at_20": 0.78234,
        "max_over_subqueries_recall_at_100": 0.98938,
        "max_over_subqueries_recall_at_1000": 0.99999,
        "max_over_subqueries_accuracy": 0.14191,
        "max_over_subqueries_precision_at_1": 0.16929,
        "max_over_subqueries_precision_at_3": 0.13106,
        "max_over_subqueries_precision_at_5": 0.10925,
        "max_over_subqueries_precision_at_10": 0.07981,
        "max_over_subqueries_precision_at_20": 0.0535,
        "max_over_subqueries_precision_at_100": 0.01492,
        "max_over_subqueries_precision_at_1000": 0.00152,
        "max_over_subqueries_mrr_at_1_max": -0.089132,
        "max_over_subqueries_mrr_at_1_std": 0.005503,
        "max_over_subqueries_mrr_at_1_diff1": 0.121368,
        "max_over_subqueries_mrr_at_3_max": -0.146311,
        "max_over_subqueries_mrr_at_3_std": -0.030825,
        "max_over_subqueries_mrr_at_3_diff1": 0.064261,
        "max_over_subqueries_mrr_at_5_max": -0.156897,