{
  "dataset_revision": "f8c2fcf00f625baaa80f62ec5bd9e1fff3b8ae88",
  "task_name": "SCIDOCS",
  "mteb_version": "2.7.8",
  "scores": {
    "test": [
      {
        "ndcg_at_1": 0.234,
        "ndcg_at_3": 0.19208,
        "ndcg_at_5": 0.16826,
        "ndcg_at_10": 0.20119,
        "ndcg_at_20": 0.23064,
        "ndcg_at_100": 0.27953,
        "ndcg_at_1000": 0.32981,
        "map_at_1": 0.04743,
        "map_at_3": 0.08622,
        "map_at_5": 0.10437,
        "map_at_10": 0.12137,
        "map_at_20": 0.1319,
        "map_at_100": 0.14152,
        "map_at_1000": 0.14424,
        "recall_at_1": 0.04743,
        "recall_at_3": 0.10908,
        "recall_at_5": 0.14998,
        "recall_at_10": 0.21018,
        "recall_at_20": 0.27945,
        "recall_at_100": 0.4385,
        "recall_at_1000": 0.6868,
        "accuracy": 0.04743,
        "precision_at_1": 0.234,
        "precision_at_3": 0.17933,
        "precision_at_5": 0.1478,
        "precision_at_10": 0.1037,
        "precision_at_20": 0.06895,
        "precision_at_100": 0.02162,
        "precision_at_1000": 0.00338,
        "mrr_at_1": 0.234,
        "mrr_at_3": 0.3115,
        "mrr_at_5": 0.329,
        "mrr_at_10": 0.342494,
        "mrr_at_20": 0.349488,
        "mrr_at_100": 0.353852,
        "mrr_at_1000": 0.354332,
        "nauc_ndcg_at_1_max": 0.239538,
        "nauc_ndcg_at_1_std": 0.047375,
        "nauc_ndcg_at_1_diff1": 0.27277,
        "nauc_ndcg_at_3_max": 0.281722,
        "nauc_ndcg_at_3_std": 0.069709,
        "nauc_ndcg_at_3_diff1": 0.219279,
        "nauc_ndcg_at_5_max": 0.276225,
        "nauc_ndcg_at_5_std": 0.085584,
        "nauc_ndcg_at_5_diff1": 0.20197,
        "nauc_ndcg_at_10_max": 0.293873,
        "nauc_ndcg_at_10_std": 0.113468,
        "nauc_ndcg_at_10_diff1": 0.209794,
        "nauc_ndcg_at_20_max": 0.30578,
        "nauc_ndcg_at_20_std": 0.140157,
        "nauc_ndcg_at_20_diff1": 0.216601,
        "nauc_ndcg_at_100_max": 0.328624,
        "nauc_ndcg_at_100_std": 0.205508,
        "nauc_ndcg_at_100_diff1": 0.214281,
        "nauc_ndcg_at_1000_max": 0.317428,
        "nauc_ndcg_at_1000_std": 0.202529,
        "nauc_ndcg_at_1000_diff1": 0.214257,
        "nauc_map_at_1_max": 0.236457,
        "nauc_map_at_1_std": 0.046577,
        "nauc_map_at_1_diff1": 0.271581,
        "nauc_map_at_3_max": 0.278171,
        "nauc_map_at_3_std": 0.055332,
        "nauc_map_at_3_diff1": 0.222897,
        "nauc_map_at_5_max": 0.282837,
        "nauc_map_at_5_std": 0.066027,
        "nauc_map_at_5_diff1": 0.213447,
        "nauc_map_at_10_max": 0.292652,
        "nauc_map_at_10_std": 0.090461,
        "nauc_map_at_10_diff1": 0.213881,
        "nauc_map_at_20_max": 0.302388,
        "nauc_map_at_20_std": 0.107391,
        "nauc_map_at_20_diff1": 0.217413,
        "nauc_map_at_100_max": 0.310063,
        "nauc_map_at_100_std": 0.130386,
        "nauc_map_at_100_diff1": 0.217608,
        "nauc_map_at_1000_max": 0.309311,
        "nauc_map_at_1000_std": 0.131962,
        "nauc_map_at_1000_diff1": 0.217322,
        "nauc_recall_at_1_max": 0.236457,
        "nauc_recall_at_1_std": 0.046577,
        "nauc_recall_at_1_diff1": 0.271581,
        "nauc_recall_at_3_max": 0.287446,
        "nauc_recall_at_3_std": 0.078169,
        "nauc_recall_at_3_diff1": 0.190844,
        "nauc_recall_at_5_max": 0.268572,
        "nauc_recall_at_5_std": 0.100844,
        "nauc_recall_at_5_diff1": 0.161272,
        "nauc_recall_at_10_max": 0.290667,
        "nauc_recall_at_10_std": 0.146072,
        "nauc_recall_at_10_diff1": 0.175733,
        "nauc_recall_at_20_max": 0.296865,
        "nauc_recall_at_20_std": 0.191514,
        "nauc_recall_at_20_diff1": 0.180275,
        "nauc_recall_at_100_max": 0.321948,
        "nauc_recall_at_100_std": 0.340897,
        "nauc_recall_at_100_diff1": 0.151052,
        "nauc_recall_at_1000_max": 0.24394,
        "nauc_recall_at_1000_std": 0.32494,
        "nauc_recall_at_1000_diff1": 0.123175,
        "nauc_precision_at_1_max": 0.239538,
        "nauc_precision_at_1_std": 0.047375,
        "nauc_precision_at_1_diff1": 0.27277,
        "nauc_precision_at_3_max": 0.290498,
        "nauc_precision_at_3_std": 0.078102,
        "nauc_precision_at_3_diff1": 0.192801,
        "nauc_precision_at_5_max": 0.273069,
        "nauc_precision_at_5_std": 0.101951,
        "nauc_precision_at_5_diff1": 0.162341,
        "nauc_precision_at_10_max": 0.29438,
        "nauc_precision_at_10_std": 0.145866,
        "nauc_precision_at_10_diff1": 0.177465,
        "nauc_precision_at_20_max": 0.301752,
        "nauc_precision_at_20_std": 0.1918,
        "nauc_precision_at_20_diff1": 0.181451,
        "nauc_precision_at_100_max": 0.324145,
        "nauc_precision_at_100_std": 0.336396,
        "nauc_precision_at_100_diff1": 0.153973,
        "nauc_precision_at_1000_max": 0.248039,
        "nauc_precision_at_1000_std": 0.313419,
        "nauc_precision_at_1000_diff1": 0.126454,
        "nauc_mrr_at_1_max": 0.239538,
        "nauc_mrr_at_1_std": 0.047375,
        "nauc_mrr_at_1_diff1": 0.27277,
        "nauc_mrr_at_3_max": 0.264246,
        "nauc_mrr_at_3_std": 0.077224,
        "nauc_mrr_at_3_diff1": 0.237862,
        "nauc_mrr_at_5_max": 0.252813,
        "nauc_mrr_at_5_std": 0.081336,
        "nauc_mrr_at_5_diff1": 0.226288,
        "nauc_mrr_at_10_max": 0.257487,
        "nauc_mrr_at_10_std": 0.086118,
        "nauc_mrr_at_10_diff1": 0.22745,
        "nauc_mrr_at_20_max": 0.257217,
        "nauc_mrr_at_20_std": 0.088657,
        "nauc_mrr_at_20_diff1": 0.230418,
        "nauc_mrr_at_100_max": 0.257627,
        "nauc_mrr_at_100_std": 0.089028,
        "nauc_mrr_at_100_diff1": 0.230543,
        "nauc_mrr_at_1000_max": 0.257434,
        "nauc_mrr_at_1000_std": 0.088702,
        "nauc_mrr_at_1000_diff1": 0.23063,
        "cv_recall_at_1": 0.234,
        "cv_recall_at_3": 0.409,
        "cv_recall_at_5": 0.485,
        "cv_recall_at_10": 0.584,
        "cv_recall_at_20": 0.683,
        "cv_recall_at_100": 0.856,
        "cv_recall_at_1000": 0.973,
        "main_score": 0.20119,
        "hf_subset": "default",
        "languages": [
          "eng-Latn"
        ]
      }
    ]
  },
  "evaluation_time": 173.66835117340088,
  "kg_co2_emissions": null
}