{
  "dataset_revision": "5377aa18f309ec440ff6325a4c2cd3362c2cb8d7",
  "task_name": "ChemRxivRetrieval",
  "mteb_version": "2.7.8",
  "scores": {
    "test": [
      {
        "ndcg_at_1": 0.632,
        "ndcg_at_3": 0.74074,
        "ndcg_at_5": 0.76263,
        "ndcg_at_10": 0.78031,
        "ndcg_at_20": 0.78833,
        "ndcg_at_100": 0.79392,
        "ndcg_at_1000": 0.79571,
        "map_at_1": 0.632,
        "map_at_3": 0.7147,
        "map_at_5": 0.72679,
        "map_at_10": 0.73413,
        "map_at_20": 0.7364,
        "map_at_100": 0.73724,
        "map_at_1000": 0.73731,
        "recall_at_1": 0.632,
        "recall_at_3": 0.8158,
        "recall_at_5": 0.8692,
        "recall_at_10": 0.9236,
        "recall_at_20": 0.9548,
        "recall_at_100": 0.984,
        "recall_at_1000": 0.998,
        "accuracy": 0.632,
        "precision_at_1": 0.632,
        "precision_at_3": 0.27193,
        "precision_at_5": 0.17384,
        "precision_at_10": 0.09236,
        "precision_at_20": 0.04774,
        "precision_at_100": 0.00984,
        "precision_at_1000": 0.001,
        "mrr_at_1": 0.6322,
        "mrr_at_3": 0.7148,
        "mrr_at_5": 0.72689,
        "mrr_at_10": 0.734236,
        "mrr_at_20": 0.736507,
        "mrr_at_100": 0.737341,
        "mrr_at_1000": 0.737412,
        "nauc_ndcg_at_1_max": 0.313979,
        "nauc_ndcg_at_1_std": -0.140542,
        "nauc_ndcg_at_1_diff1": 0.696027,
        "nauc_ndcg_at_3_max": 0.372247,
        "nauc_ndcg_at_3_std": -0.151417,
        "nauc_ndcg_at_3_diff1": 0.659572,
        "nauc_ndcg_at_5_max": 0.375643,
        "nauc_ndcg_at_5_std": -0.135805,
        "nauc_ndcg_at_5_diff1": 0.659801,
        "nauc_ndcg_at_10_max": 0.375865,
        "nauc_ndcg_at_10_std": -0.132703,
        "nauc_ndcg_at_10_diff1": 0.65967,
        "nauc_ndcg_at_20_max": 0.374624,
        "nauc_ndcg_at_20_std": -0.128764,
        "nauc_ndcg_at_20_diff1": 0.662353,
        "nauc_ndcg_at_100_max": 0.367429,
        "nauc_ndcg_at_100_std": -0.131311,
        "nauc_ndcg_at_100_diff1": 0.665274,
        "nauc_ndcg_at_1000_max": 0.363923,
        "nauc_ndcg_at_1000_std": -0.134274,
        "nauc_ndcg_at_1000_diff1": 0.6666,
        "nauc_map_at_1_max": 0.313979,
        "nauc_map_at_1_std": -0.140542,
        "nauc_map_at_1_diff1": 0.696027,
        "nauc_map_at_3_max": 0.354727,
        "nauc_map_at_3_std": -0.148891,
        "nauc_map_at_3_diff1": 0.668596,
        "nauc_map_at_5_max": 0.355632,
        "nauc_map_at_5_std": -0.141481,
        "nauc_map_at_5_diff1": 0.66921,
        "nauc_map_at_10_max": 0.355186,
        "nauc_map_at_10_std": -0.140426,
        "nauc_map_at_10_diff1": 0.669546,
        "nauc_map_at_20_max": 0.354827,
        "nauc_map_at_20_std": -0.139442,
        "nauc_map_at_20_diff1": 0.670236,
        "nauc_map_at_100_max": 0.353979,
        "nauc_map_at_100_std": -0.139639,
        "nauc_map_at_100_diff1": 0.67064,
        "nauc_map_at_1000_max": 0.353865,
        "nauc_map_at_1000_std": -0.139729,
        "nauc_map_at_1000_diff1": 0.670687,
        "nauc_recall_at_1_max": 0.313979,
        "nauc_recall_at_1_std": -0.140542,
        "nauc_recall_at_1_diff1": 0.696027,
        "nauc_recall_at_3_max": 0.443071,
        "nauc_recall_at_3_std": -0.16121,
        "nauc_recall_at_3_diff1": 0.624192,
        "nauc_recall_at_5_max": 0.482134,
        "nauc_recall_at_5_std": -0.10048,
        "nauc_recall_at_5_diff1": 0.611443,
        "nauc_recall_at_10_max": 0.552911,
        "nauc_recall_at_10_std": -0.055722,
        "nauc_recall_at_10_diff1": 0.577031,
        "nauc_recall_at_20_max": 0.650868,
        "nauc_recall_at_20_std": 0.053219,
        "nauc_recall_at_20_diff1": 0.562839,
        "nauc_recall_at_100_max": 0.727118,
        "nauc_recall_at_100_std": 0.210767,
        "nauc_recall_at_100_diff1": 0.543581,
        "nauc_recall_at_1000_max": 0.886788,
        "nauc_recall_at_1000_std": 0.59972,
        "nauc_recall_at_1000_diff1": 0.565453,
        "nauc_precision_at_1_max": 0.313979,
        "nauc_precision_at_1_std": -0.140542,
        "nauc_precision_at_1_diff1": 0.696027,
        "nauc_precision_at_3_max": 0.443071,
        "nauc_precision_at_3_std": -0.16121,
        "nauc_precision_at_3_diff1": 0.624192,
        "nauc_precision_at_5_max": 0.482134,
        "nauc_precision_at_5_std": -0.10048,
        "nauc_precision_at_5_diff1": 0.611443,
        "nauc_precision_at_10_max": 0.552911,
        "nauc_precision_at_10_std": -0.055722,
        "nauc_precision_at_10_diff1": 0.577031,
        "nauc_precision_at_20_max": 0.650868,
        "nauc_precision_at_20_std": 0.053219,
        "nauc_precision_at_20_diff1": 0.562839,
        "nauc_precision_at_100_max": 0.727118,
        "nauc_precision_at_100_std": 0.210767,
        "nauc_precision_at_100_diff1": 0.543581,
        "nauc_precision_at_1000_max": 0.886788,
        "nauc_precision_at_1000_std": 0.59972,
        "nauc_precision_at_1000_diff1": 0.565453,
        "nauc_mrr_at_1_max": 0.314014,
        "nauc_mrr_at_1_std": -0.140215,
        "nauc_mrr_at_1_diff1": 0.695612,
        "nauc_mrr_at_3_max": 0.354758,
        "nauc_mrr_at_3_std": -0.148692,
        "nauc_mrr_at_3_diff1": 0.668335,
        "nauc_mrr_at_5_max": 0.355665,
        "nauc_mrr_at_5_std": -0.141271,
        "nauc_mrr_at_5_diff1": 0.668938,
        "nauc_mrr_at_10_max": 0.355211,
        "nauc_mrr_at_10_std": -0.140188,
        "nauc_mrr_at_10_diff1": 0.669257,
        "nauc_mrr_at_20_max": 0.354851,
        "nauc_mrr_at_20_std": -0.139202,
        "nauc_mrr_at_20_diff1": 0.669945,
        "nauc_mrr_at_100_max": 0.354003,
        "nauc_mrr_at_100_std": -0.139397,
        "nauc_mrr_at_100_diff1": 0.670348,
        "nauc_mrr_at_1000_max": 0.353889,
        "nauc_mrr_at_1000_std": -0.139488,
        "nauc_mrr_at_1000_diff1": 0.670395,
        "cv_recall_at_1": 0.6322,
        "cv_recall_at_3": 0.8158,
        "cv_recall_at_5": 0.8692,
        "cv_recall_at_10": 0.9236,
        "cv_recall_at_20": 0.9548,
        "cv_recall_at_100": 0.984,
        "cv_recall_at_1000": 0.998,
        "main_score": 0.78031,
        "hf_subset": "default",
        "languages": [
          "eng-Latn"
        ]
      }
    ]
  },
  "evaluation_time": 3079.614102602005,
  "kg_co2_emissions": null
}